{"level":"error","message":"Redis error","timestamp":"2026-07-04T02:37:22.2222+05:30"}
{"level":"error","message":"Redis error","timestamp":"2026-07-04T02:37:22.2222+05:30"}
{"level":"error","message":"Redis error","timestamp":"2026-07-04T02:37:22.2222+05:30"}
{"level":"error","message":"Redis error","timestamp":"2026-07-04T02:37:22.2222+05:30"}
{"level":"error","message":"Redis error","timestamp":"2026-07-04T02:37:22.2222+05:30"}
{"level":"error","message":"Redis error","timestamp":"2026-07-04T02:37:23.2323+05:30"}
{"level":"error","message":"Redis error","timestamp":"2026-07-04T02:37:23.2323+05:30"}
{"level":"error","message":"Redis error","timestamp":"2026-07-04T02:37:23.2323+05:30"}
{"level":"error","message":"Redis error","timestamp":"2026-07-04T02:37:24.2424+05:30"}
{"level":"error","message":"Redis error","timestamp":"2026-07-04T02:37:24.2424+05:30"}
{"level":"error","message":"Redis error","timestamp":"2026-07-04T02:37:25.2525+05:30"}
{"level":"error","message":"Redis error","timestamp":"2026-07-04T02:37:25.2525+05:30"}
{"level":"error","message":"Redis error","timestamp":"2026-07-04T02:37:26.2626+05:30"}
{"level":"error","message":"Redis error","timestamp":"2026-07-04T02:37:27.2727+05:30"}
{"level":"error","message":"Redis error","timestamp":"2026-07-04T02:37:27.2727+05:30"}
{"level":"error","message":"Redis error","timestamp":"2026-07-04T02:37:28.2828+05:30"}
{"level":"error","message":"Redis error","timestamp":"2026-07-04T02:37:29.2929+05:30"}
{"level":"error","message":"Redis error","timestamp":"2026-07-04T02:37:30.3030+05:30"}
{"level":"error","message":"Redis error","timestamp":"2026-07-04T02:37:31.3131+05:30"}
{"level":"error","message":"Redis error","timestamp":"2026-07-04T02:37:32.3232+05:30"}
{"level":"error","message":"Redis error","timestamp":"2026-07-04T02:37:33.3333+05:30"}
{"level":"error","message":"Redis error","timestamp":"2026-07-04T02:37:34.3434+05:30"}
{"level":"error","message":"Redis error","timestamp":"2026-07-04T02:37:35.3535+05:30"}
{"level":"error","message":"Redis error","timestamp":"2026-07-04T02:37:36.3636+05:30"}
{"level":"error","message":"Redis error","timestamp":"2026-07-04T02:37:37.3737+05:30"}
{"level":"error","message":"Redis error","timestamp":"2026-07-04T02:37:38.3838+05:30"}
{"level":"error","message":"Redis error","timestamp":"2026-07-04T02:37:40.4040+05:30"}
{"level":"error","message":"Redis error","timestamp":"2026-07-04T02:37:40.4040+05:30"}
{"level":"error","message":"Redis error","timestamp":"2026-07-04T02:37:40.4040+05:30"}
{"level":"error","message":"Redis error","timestamp":"2026-07-04T02:37:40.4040+05:30"}
{"level":"error","message":"Redis error","timestamp":"2026-07-04T02:37:41.4141+05:30"}
{"level":"error","message":"Redis error","timestamp":"2026-07-04T02:37:41.4141+05:30"}
{"level":"error","message":"Redis error","timestamp":"2026-07-04T02:37:41.4141+05:30"}
{"level":"error","message":"Redis error","timestamp":"2026-07-04T02:37:41.4141+05:30"}
{"level":"error","message":"Redis error","timestamp":"2026-07-04T02:37:41.4141+05:30"}
{"level":"error","message":"Redis error","timestamp":"2026-07-04T02:37:42.4242+05:30"}
{"level":"error","message":"Redis error","timestamp":"2026-07-04T02:37:42.4242+05:30"}
{"level":"error","message":"Redis error","timestamp":"2026-07-04T02:37:42.4242+05:30"}
{"level":"error","message":"Redis error","timestamp":"2026-07-04T02:37:43.4343+05:30"}
{"level":"error","message":"Redis error","timestamp":"2026-07-04T02:37:43.4343+05:30"}
{"level":"error","message":"Redis error","timestamp":"2026-07-04T02:37:44.4444+05:30"}
{"level":"error","message":"Redis error","timestamp":"2026-07-04T02:37:44.4444+05:30"}
{"level":"error","message":"Redis error","timestamp":"2026-07-04T02:37:44.4444+05:30"}
{"level":"error","message":"Redis error","timestamp":"2026-07-04T02:37:45.4545+05:30"}
{"level":"error","message":"Redis error","timestamp":"2026-07-04T02:37:45.4545+05:30"}
{"level":"error","message":"Redis error","timestamp":"2026-07-04T02:37:46.4646+05:30"}
{"level":"error","message":"Redis error","timestamp":"2026-07-04T02:37:46.4646+05:30"}
{"level":"error","message":"Redis error","timestamp":"2026-07-04T02:37:47.4747+05:30"}
{"level":"error","message":"Redis error","timestamp":"2026-07-04T02:37:47.4747+05:30"}
{"level":"error","message":"Redis error","timestamp":"2026-07-04T02:37:48.4848+05:30"}
{"level":"error","message":"Redis error","timestamp":"2026-07-04T02:37:49.4949+05:30"}
{"level":"error","message":"Redis error","timestamp":"2026-07-04T02:37:49.4949+05:30"}
{"level":"error","message":"Redis error","timestamp":"2026-07-04T02:37:50.5050+05:30"}
{"level":"error","message":"Redis error","timestamp":"2026-07-04T02:37:50.5050+05:30"}
{"level":"error","message":"Redis error","timestamp":"2026-07-04T02:37:51.5151+05:30"}
{"level":"error","message":"Redis error","timestamp":"2026-07-04T02:37:52.5252+05:30"}
{"level":"error","message":"Redis error","timestamp":"2026-07-04T02:37:52.5252+05:30"}
{"level":"error","message":"Redis error","timestamp":"2026-07-04T02:37:53.5353+05:30"}
{"level":"error","message":"Redis error","timestamp":"2026-07-04T02:37:54.5454+05:30"}
{"level":"error","message":"Redis error","timestamp":"2026-07-04T02:37:54.5454+05:30"}
{"level":"error","message":"Redis error","timestamp":"2026-07-04T02:37:56.5656+05:30"}
{"level":"error","message":"Redis error","timestamp":"2026-07-04T02:37:56.5656+05:30"}
{"level":"error","message":"Redis error","timestamp":"2026-07-04T02:37:57.5757+05:30"}
{"level":"error","message":"Redis error","timestamp":"2026-07-04T02:37:57.5757+05:30"}
{"level":"error","message":"Redis error","timestamp":"2026-07-04T02:37:58.5858+05:30"}
{"level":"error","message":"Redis error","timestamp":"2026-07-04T02:37:59.5959+05:30"}
{"level":"error","message":"Redis error","timestamp":"2026-07-04T02:37:59.5959+05:30"}
{"level":"error","message":"Redis error","timestamp":"2026-07-04T02:38:01.011+05:30"}
{"level":"error","message":"Redis error","timestamp":"2026-07-04T02:38:01.011+05:30"}
{"level":"error","message":"Redis error","timestamp":"2026-07-04T02:38:02.022+05:30"}
{"level":"error","message":"Redis error","timestamp":"2026-07-04T02:42:59.5959+05:30"}
{"level":"error","message":"Redis error","timestamp":"2026-07-04T02:42:59.5959+05:30"}
{"level":"error","message":"Redis error","timestamp":"2026-07-04T02:42:59.5959+05:30"}
{"level":"error","message":"Redis error","timestamp":"2026-07-04T02:42:59.5959+05:30"}
{"level":"error","message":"Redis error","timestamp":"2026-07-04T02:42:59.5959+05:30"}
{"level":"error","message":"Redis error","timestamp":"2026-07-04T02:43:00.000+05:30"}
{"level":"error","message":"Redis error","timestamp":"2026-07-04T02:43:00.000+05:30"}
{"level":"error","message":"Redis error","timestamp":"2026-07-04T02:43:00.000+05:30"}
{"level":"error","message":"Redis error","timestamp":"2026-07-04T02:43:01.011+05:30"}
{"level":"error","message":"Redis error","timestamp":"2026-07-04T02:43:01.011+05:30"}
{"level":"error","message":"Redis error","timestamp":"2026-07-04T02:43:02.022+05:30"}
{"level":"error","message":"Redis error","timestamp":"2026-07-04T02:43:02.022+05:30"}
{"level":"error","message":"Redis error","timestamp":"2026-07-04T02:43:03.033+05:30"}
{"level":"error","message":"Redis error","timestamp":"2026-07-04T02:43:04.044+05:30"}
{"level":"error","message":"Redis error","timestamp":"2026-07-04T02:43:04.044+05:30"}
{"level":"error","message":"Redis error","timestamp":"2026-07-04T02:43:05.055+05:30"}
{"level":"error","message":"Redis error","timestamp":"2026-07-04T02:43:06.066+05:30"}
{"level":"error","message":"Redis error","timestamp":"2026-07-04T02:43:07.077+05:30"}
{"level":"error","message":"Redis error","timestamp":"2026-07-04T02:43:08.088+05:30"}
{"level":"error","message":"Redis error","timestamp":"2026-07-04T02:43:09.099+05:30"}
{"level":"error","message":"Redis error","timestamp":"2026-07-04T02:43:10.1010+05:30"}
{"level":"error","message":"Redis error","timestamp":"2026-07-04T02:43:11.1111+05:30"}
{"level":"error","message":"Redis error","timestamp":"2026-07-04T02:43:12.1212+05:30"}
{"level":"error","message":"PostgreSQL connection failed Connection terminated due to connection timeout","timestamp":"2026-07-06T17:47:11.1111+05:30"}
{"level":"info","message":"Redis connected","timestamp":"2026-07-07T01:24:40.4040+05:30"}
{"level":"info","message":"PostgreSQL connected via Prisma (pg adapter)","timestamp":"2026-07-07T01:24:40.4040+05:30"}
{"environment":"development","level":"info","message":"MRT API running","pid":19172,"port":8080,"timestamp":"2026-07-07T01:24:40.4040+05:30"}
{"level":"info","mediaId":"90b17528-5fb5-45ff-88d3-ebbf40cf9067","message":"File upload saved","originalName":"WhatsApp Image 2026-07-04 at 2.49.05 PM.jpeg","timestamp":"2026-07-07T01:27:14.1414+05:30"}
{"key":"homepage:v1","level":"info","message":"Homepage cache invalidated","timestamp":"2026-07-07T01:27:14.1414+05:30"}
{"level":"info","message":"Redis connected","timestamp":"2026-07-07T01:31:11.1111+05:30"}
{"level":"info","message":"PostgreSQL connected via Prisma (pg adapter)","timestamp":"2026-07-07T01:31:11.1111+05:30"}
{"environment":"development","level":"info","message":"MRT API running","pid":3788,"port":8080,"timestamp":"2026-07-07T01:31:11.1111+05:30"}
{"level":"info","message":"Redis connected","timestamp":"2026-07-07T01:31:11.1111+05:30"}
{"level":"info","message":"PostgreSQL connected via Prisma (pg adapter)","timestamp":"2026-07-07T01:31:11.1111+05:30"}
{"level":"info","message":"Redis connected","timestamp":"2026-07-07T01:32:01.011+05:30"}
{"level":"info","message":"PostgreSQL connected via Prisma (pg adapter)","timestamp":"2026-07-07T01:32:01.011+05:30"}
{"environment":"development","level":"info","message":"MRT API running","pid":10676,"port":8080,"timestamp":"2026-07-07T01:32:01.011+05:30"}
{"level":"info","message":"Redis connected","timestamp":"2026-07-07T01:32:02.022+05:30"}
{"level":"info","message":"PostgreSQL connected via Prisma (pg adapter)","timestamp":"2026-07-07T01:32:02.022+05:30"}
{"level":"info","message":"Redis connected","timestamp":"2026-07-07T01:32:15.1515+05:30"}
{"level":"info","message":"Redis connected","timestamp":"2026-07-07T01:32:15.1515+05:30"}
{"level":"info","message":"PostgreSQL connected via Prisma (pg adapter)","timestamp":"2026-07-07T01:32:15.1515+05:30"}
{"level":"info","message":"PostgreSQL connected via Prisma (pg adapter)","timestamp":"2026-07-07T01:32:15.1515+05:30"}
{"environment":"development","level":"info","message":"MRT API running","pid":8300,"port":8080,"timestamp":"2026-07-07T01:32:15.1515+05:30"}
{"level":"info","message":"Redis connected","timestamp":"2026-07-07T01:32:41.4141+05:30"}
{"level":"info","message":"PostgreSQL connected via Prisma (pg adapter)","timestamp":"2026-07-07T01:32:41.4141+05:30"}
{"environment":"development","level":"info","message":"MRT API running","pid":21332,"port":8080,"timestamp":"2026-07-07T01:32:41.4141+05:30"}
{"level":"info","message":"Redis connected","timestamp":"2026-07-07T01:32:41.4141+05:30"}
{"level":"info","message":"PostgreSQL connected via Prisma (pg adapter)","timestamp":"2026-07-07T01:32:42.4242+05:30"}
{"level":"info","message":"Redis connected","timestamp":"2026-07-07T01:33:13.1313+05:30"}
{"level":"info","message":"PostgreSQL connected via Prisma (pg adapter)","timestamp":"2026-07-07T01:33:13.1313+05:30"}
{"environment":"development","level":"info","message":"MRT API running","pid":11328,"port":8080,"timestamp":"2026-07-07T01:33:13.1313+05:30"}
{"level":"info","message":"Redis connected","timestamp":"2026-07-07T01:33:13.1313+05:30"}
{"level":"info","message":"PostgreSQL connected via Prisma (pg adapter)","timestamp":"2026-07-07T01:33:13.1313+05:30"}
{"level":"info","message":"Redis connected","timestamp":"2026-07-07T01:33:38.3838+05:30"}
{"level":"info","message":"PostgreSQL connected via Prisma (pg adapter)","timestamp":"2026-07-07T01:33:38.3838+05:30"}
{"environment":"development","level":"info","message":"MRT API running","pid":4780,"port":8080,"timestamp":"2026-07-07T01:33:38.3838+05:30"}
{"level":"info","message":"Redis connected","timestamp":"2026-07-07T01:33:38.3838+05:30"}
{"level":"info","message":"PostgreSQL connected via Prisma (pg adapter)","timestamp":"2026-07-07T01:33:38.3838+05:30"}
{"level":"info","message":"Redis connected","timestamp":"2026-07-07T01:33:46.4646+05:30"}
{"level":"info","message":"PostgreSQL connected via Prisma (pg adapter)","timestamp":"2026-07-07T01:33:46.4646+05:30"}
{"environment":"development","level":"info","message":"MRT API running","pid":18656,"port":8080,"timestamp":"2026-07-07T01:33:46.4646+05:30"}
{"level":"info","message":"Redis connected","timestamp":"2026-07-07T01:33:46.4646+05:30"}
{"level":"info","message":"PostgreSQL connected via Prisma (pg adapter)","timestamp":"2026-07-07T01:33:46.4646+05:30"}
{"level":"info","mediaId":"1866e088-424c-4895-b927-87b151c49f5d","message":"File upload saved","originalName":"wallhaven-0wxzkp_1920x1080.png","timestamp":"2026-07-07T01:34:03.033+05:30"}
{"level":"info","mediaId":"558b5467-5319-4aa7-a395-43b71ebf8013","message":"File upload saved","originalName":"1.jpg","timestamp":"2026-07-07T01:34:03.033+05:30"}
{"level":"info","mediaId":"9abe7b69-d00d-4eb9-af4e-8816a8ca7a9f","message":"File upload saved","originalName":"2.jpg","timestamp":"2026-07-07T01:34:03.033+05:30"}
{"level":"info","mediaId":"18756e51-6f59-4cb2-a8eb-fd1c76d8748f","message":"File upload saved","originalName":"wallhaven-yqqvpg_1920x1080.png","timestamp":"2026-07-07T01:34:03.033+05:30"}
{"level":"info","mediaId":"0f725f43-5c77-4a00-9682-43c0be525106","message":"File upload saved","originalName":"1.jpg","timestamp":"2026-07-07T01:34:03.033+05:30"}
{"level":"info","mediaId":"e62a170a-f999-42e7-9d55-1d5ef23c5b13","message":"File upload saved","originalName":"wallhaven-0wxzkp_1920x1080.png","timestamp":"2026-07-07T01:34:03.033+05:30"}
{"level":"info","mediaId":"50325e64-86de-4195-9e3b-bed91451ec3f","message":"File upload saved","originalName":"wallhaven-0wxzkp_1920x1080.png","timestamp":"2026-07-07T01:34:03.033+05:30"}
{"level":"info","mediaId":"e26699a2-c59c-4833-800c-2969176d2fe2","message":"File upload saved","originalName":"wallhaven-yqqvpg_1920x1080.png","timestamp":"2026-07-07T01:34:03.033+05:30"}
{"level":"info","mediaId":"b1f4c5ca-72e9-406b-9393-4c91eeb84b2c","message":"File upload saved","originalName":"wallhaven-01mgm1_1920x1080.png","timestamp":"2026-07-07T01:34:03.033+05:30"}
{"level":"info","mediaId":"c93ba02f-2534-4f81-a91b-e32686b767b7","message":"File upload saved","originalName":"wallhaven-0wxzkp_1920x1080.png","timestamp":"2026-07-07T01:34:03.033+05:30"}
{"level":"info","mediaId":"65793001-0733-4ffa-9b52-2d6449d4dbc4","message":"File upload saved","originalName":"wallhaven-yqqvpg_1920x1080.png","timestamp":"2026-07-07T01:34:03.033+05:30"}
{"level":"info","mediaId":"4d25aded-f473-4c87-ad44-577d0f5e5362","message":"File upload saved","originalName":"1.jpg","timestamp":"2026-07-07T01:34:03.033+05:30"}
{"level":"info","mediaId":"bd13906c-455e-48ed-8aad-b77eab65d209","message":"File upload saved","originalName":"wallhaven-yqqvpg_1920x1080.png","timestamp":"2026-07-07T01:34:03.033+05:30"}
{"level":"info","mediaId":"b21900f1-7c13-4f3f-965d-d251e8633d8f","message":"File upload saved","originalName":"wallhaven-0wxzkp_1920x1080.png","timestamp":"2026-07-07T01:34:03.033+05:30"}
{"level":"info","mediaId":"389da40a-02b1-494c-acd1-e4aec2717e33","message":"File upload saved","originalName":"wallhaven-0wxzkp_1920x1080.png","timestamp":"2026-07-07T01:34:03.033+05:30"}
{"level":"info","mediaId":"31bc96f2-f0a7-4509-8ef7-28599af4d8f1","message":"File upload saved","originalName":"wallhaven-0wxzkp_1920x1080.png","timestamp":"2026-07-07T01:34:03.033+05:30"}
{"level":"info","mediaId":"30caf325-e2fb-4be7-ae84-f998ed25b3f7","message":"File upload saved","originalName":"2.jpg","timestamp":"2026-07-07T01:34:03.033+05:30"}
{"level":"info","mediaId":"5f3ae240-1070-4592-82c3-26b2d61e5d51","message":"File upload saved","originalName":"2.jpg","timestamp":"2026-07-07T01:34:04.044+05:30"}
{"level":"info","mediaId":"917cbe45-3fdb-4a54-90a6-aff4d7ba2b15","message":"File upload saved","originalName":"wallhaven-01mgm1_1920x1080.png","timestamp":"2026-07-07T01:34:04.044+05:30"}
{"level":"info","mediaId":"88fdad7d-e860-493c-8d52-5aabd985fca8","message":"File upload saved","originalName":"wallhaven-01mgm1_1920x1080.png","timestamp":"2026-07-07T01:34:04.044+05:30"}
{"level":"info","mediaId":"2cc6ee93-efe6-4197-9e15-9a8010a31ae9","message":"File upload saved","originalName":"wallhaven-01mgm1_1920x1080.png","timestamp":"2026-07-07T01:34:04.044+05:30"}
{"level":"info","mediaId":"d8e0054e-a3af-4d52-a125-7c1b229059b5","message":"File upload saved","originalName":"2.jpg","timestamp":"2026-07-07T01:34:04.044+05:30"}
{"level":"info","mediaId":"7588540f-1332-495f-9b86-846287213d62","message":"File upload saved","originalName":"wallhaven-yqqvpg_1920x1080.png","timestamp":"2026-07-07T01:34:04.044+05:30"}
{"level":"info","mediaId":"a91d8b4f-ee52-4880-81f4-47cbf87ddabe","message":"File upload saved","originalName":"wallhaven-yqqvpg_1920x1080.png","timestamp":"2026-07-07T01:34:04.044+05:30"}
{"level":"info","mediaId":"1fa1cdd9-c6ae-4c89-ab9d-cb7d2b30e161","message":"File upload saved","originalName":"1.jpg","timestamp":"2026-07-07T01:34:04.044+05:30"}
{"level":"info","mediaId":"c63b9bcf-f59d-4b77-af28-e8622dd46ae9","message":"File upload saved","originalName":"1.jpg","timestamp":"2026-07-07T01:34:04.044+05:30"}
{"level":"info","mediaId":"49185063-ae03-409a-b58a-10c8ba608771","message":"File upload saved","originalName":"1.jpg","timestamp":"2026-07-07T01:34:04.044+05:30"}
{"level":"info","mediaId":"9d8ecc06-439a-4f60-96f4-8e5a240d34b9","message":"File upload saved","originalName":"wallhaven-0wxzkp_1920x1080.png","timestamp":"2026-07-07T01:34:04.044+05:30"}
{"level":"info","mediaId":"f40f9cbc-16b3-49c7-aa85-8e2effbdbf7d","message":"File upload saved","originalName":"1.jpg","timestamp":"2026-07-07T01:34:04.044+05:30"}
{"level":"info","mediaId":"d5aca9af-1c06-4b97-ae50-5e4ac5763cae","message":"File upload saved","originalName":"wallhaven-01mgm1_1920x1080.png","timestamp":"2026-07-07T01:34:04.044+05:30"}
{"level":"info","mediaId":"bd5b706a-4319-432d-ac44-63b3018acda7","message":"File upload saved","originalName":"1.jpg","timestamp":"2026-07-07T01:34:04.044+05:30"}
{"level":"info","mediaId":"8dc06932-e3a7-4651-8e20-9dce5c803299","message":"File upload saved","originalName":"1.jpg","timestamp":"2026-07-07T01:34:04.044+05:30"}
{"level":"info","mediaId":"1b7410b1-61ce-4908-ab6a-23fd8e0c7e27","message":"File upload saved","originalName":"1.jpg","timestamp":"2026-07-07T01:34:04.044+05:30"}
{"level":"info","mediaId":"9e2201ce-a94b-41c2-a9dc-e718dc5567fe","message":"File upload saved","originalName":"2.jpg","timestamp":"2026-07-07T01:34:04.044+05:30"}
{"level":"info","mediaId":"29a3f7ea-93fb-4642-ac21-26533aa02da4","message":"File upload saved","originalName":"2.jpg","timestamp":"2026-07-07T01:34:04.044+05:30"}
{"level":"info","mediaId":"1c59776c-bba1-4bfd-80d1-fa7d817f1dfb","message":"File upload saved","originalName":"wallhaven-0wxzkp_1920x1080.png","timestamp":"2026-07-07T01:34:04.044+05:30"}
{"level":"info","mediaId":"7f61713b-f3a9-4817-ac09-3f6faaa5a5d4","message":"File upload saved","originalName":"2.jpg","timestamp":"2026-07-07T01:34:04.044+05:30"}
{"level":"info","mediaId":"a69e0de1-dabc-4c61-97ab-654db57162df","message":"File upload saved","originalName":"wallhaven-0wxzkp_1920x1080.png","timestamp":"2026-07-07T01:34:04.044+05:30"}
{"level":"info","mediaId":"773bdc3b-f2a2-4935-88e0-9fd4f9235022","message":"File upload saved","originalName":"wallhaven-0wxzkp_1920x1080.png","timestamp":"2026-07-07T01:34:04.044+05:30"}
{"level":"info","mediaId":"16dd6f63-5e0a-41ac-8f99-94d404169af2","message":"File upload saved","originalName":"wallhaven-01mgm1_1920x1080.png","timestamp":"2026-07-07T01:34:04.044+05:30"}
{"level":"info","mediaId":"c9f2d4bd-f9e7-4244-bbc2-c625748bda29","message":"File upload saved","originalName":"wallhaven-01mgm1_1920x1080.png","timestamp":"2026-07-07T01:34:04.044+05:30"}
{"level":"info","mediaId":"75dc7834-8806-48bc-861c-5b2c305ac645","message":"File upload saved","originalName":"2.jpg","timestamp":"2026-07-07T01:34:04.044+05:30"}
{"level":"info","mediaId":"04909878-5414-4609-9074-29f02e797be6","message":"File upload saved","originalName":"wallhaven-01mgm1_1920x1080.png","timestamp":"2026-07-07T01:34:04.044+05:30"}
{"level":"info","mediaId":"165e8d9c-3383-4e72-a255-338e8b5b10d4","message":"File upload saved","originalName":"wallhaven-01mgm1_1920x1080.png","timestamp":"2026-07-07T01:34:04.044+05:30"}
{"level":"info","mediaId":"03ff5a46-9dc6-4d51-8684-86f450efcdc8","message":"File upload saved","originalName":"1.jpg","timestamp":"2026-07-07T01:34:05.055+05:30"}
{"level":"info","mediaId":"df5ac399-1469-4915-a655-3c6e125074ce","message":"File upload saved","originalName":"wallhaven-0wxzkp_1920x1080.png","timestamp":"2026-07-07T01:34:05.055+05:30"}
{"level":"info","mediaId":"3c68145d-2c45-4ef0-a89a-0a7b41c73129","message":"File upload saved","originalName":"wallhaven-0wxzkp_1920x1080.png","timestamp":"2026-07-07T01:34:05.055+05:30"}
{"level":"info","mediaId":"9ec5def9-3228-4db9-954a-fcca5d1eacf2","message":"File upload saved","originalName":"2.jpg","timestamp":"2026-07-07T01:34:05.055+05:30"}
{"level":"info","mediaId":"44b56dae-391e-4f4e-9332-995752670a17","message":"File upload saved","originalName":"wallhaven-0wxzkp_1920x1080.png","timestamp":"2026-07-07T01:34:05.055+05:30"}
{"level":"info","mediaId":"c0355787-7f14-4b67-916f-659ceb07e533","message":"File upload saved","originalName":"wallhaven-0wxzkp_1920x1080.png","timestamp":"2026-07-07T01:34:05.055+05:30"}
{"level":"info","mediaId":"ab808d25-6804-4f20-bb32-a6a89c2a0487","message":"File upload saved","originalName":"2.jpg","timestamp":"2026-07-07T01:34:05.055+05:30"}
{"level":"info","mediaId":"d665464d-7a25-45a7-8e5b-4140c5519684","message":"File upload saved","originalName":"wallhaven-yqqvpg_1920x1080.png","timestamp":"2026-07-07T01:34:05.055+05:30"}
{"level":"info","mediaId":"8caa847b-c624-4224-800d-283469d9788e","message":"File upload saved","originalName":"wallhaven-yqqvpg_1920x1080.png","timestamp":"2026-07-07T01:34:05.055+05:30"}
{"level":"info","mediaId":"163f290f-80cc-4254-8a30-83f4427cadb7","message":"File upload saved","originalName":"2.jpg","timestamp":"2026-07-07T01:34:05.055+05:30"}
{"level":"info","mediaId":"ae5a50a6-1a04-4b57-963b-956a4981a9bc","message":"File upload saved","originalName":"1.jpg","timestamp":"2026-07-07T01:34:05.055+05:30"}
{"level":"info","mediaId":"25ab3c40-b9a5-4c08-95f3-9a3c1f77a9ca","message":"File upload saved","originalName":"1.jpg","timestamp":"2026-07-07T01:34:05.055+05:30"}
{"level":"info","mediaId":"a4184f82-4c48-438b-a539-51c81df09ed8","message":"File upload saved","originalName":"1.jpg","timestamp":"2026-07-07T01:34:05.055+05:30"}
{"level":"info","mediaId":"e6982af9-2b0b-4937-b67b-0f1b68932d21","message":"File upload saved","originalName":"wallhaven-01mgm1_1920x1080.png","timestamp":"2026-07-07T01:34:05.055+05:30"}
{"level":"info","mediaId":"4743383a-a512-4dc8-8eb4-684bb66ed189","message":"File upload saved","originalName":"wallhaven-01mgm1_1920x1080.png","timestamp":"2026-07-07T01:34:05.055+05:30"}
{"level":"info","mediaId":"b2aae71f-3f07-4cd4-a698-403239080410","message":"File upload saved","originalName":"wallhaven-yqqvpg_1920x1080.png","timestamp":"2026-07-07T01:34:05.055+05:30"}
{"level":"info","mediaId":"5b831da8-e99c-4ef5-af2f-d972214ea075","message":"File upload saved","originalName":"1.jpg","timestamp":"2026-07-07T01:34:05.055+05:30"}
{"level":"info","mediaId":"a3bae3e1-9c2e-4dd3-9f07-01e1d8e58371","message":"File upload saved","originalName":"wallhaven-01mgm1_1920x1080.png","timestamp":"2026-07-07T01:34:05.055+05:30"}
{"level":"info","mediaId":"95ebd560-c929-4572-ad76-90dd128cf789","message":"File upload saved","originalName":"1.jpg","timestamp":"2026-07-07T01:34:05.055+05:30"}
{"level":"info","mediaId":"a2a3c854-38ba-4997-bf96-2ff6b3f390f1","message":"File upload saved","originalName":"wallhaven-0wxzkp_1920x1080.png","timestamp":"2026-07-07T01:34:05.055+05:30"}
{"level":"info","mediaId":"a7c93ef3-cc38-4e1e-a745-628684275ad0","message":"File upload saved","originalName":"1.jpg","timestamp":"2026-07-07T01:34:05.055+05:30"}
{"level":"info","mediaId":"fb01fd97-c682-4d69-a448-bd23bf364b5f","message":"File upload saved","originalName":"1.jpg","timestamp":"2026-07-07T01:34:05.055+05:30"}
{"level":"info","mediaId":"01df178f-e770-4343-9828-70537fd5bbf7","message":"File upload saved","originalName":"wallhaven-01mgm1_1920x1080.png","timestamp":"2026-07-07T01:34:05.055+05:30"}
{"level":"info","mediaId":"3adacaec-ca5e-4f83-a297-e6a530285b29","message":"File upload saved","originalName":"2.jpg","timestamp":"2026-07-07T01:34:05.055+05:30"}
{"level":"info","mediaId":"7b36acfc-2938-4f55-a1a8-626b8bee6ec7","message":"File upload saved","originalName":"wallhaven-yqqvpg_1920x1080.png","timestamp":"2026-07-07T01:34:05.055+05:30"}
{"level":"info","mediaId":"202699a3-5840-42ba-ab3d-097b8147fa61","message":"File upload saved","originalName":"wallhaven-0wxzkp_1920x1080.png","timestamp":"2026-07-07T01:34:05.055+05:30"}
{"level":"info","mediaId":"d5bccd3d-4a97-441c-9f5f-ca9c00b2abbf","message":"File upload saved","originalName":"wallhaven-yqqvpg_1920x1080.png","timestamp":"2026-07-07T01:34:05.055+05:30"}
{"level":"info","mediaId":"560566ed-4386-43e6-a79b-1e1c6146f2f8","message":"File upload saved","originalName":"wallhaven-yqqvpg_1920x1080.png","timestamp":"2026-07-07T01:34:05.055+05:30"}
{"level":"info","mediaId":"a3da1725-5081-4633-8f2b-f18594522f52","message":"File upload saved","originalName":"wallhaven-01mgm1_1920x1080.png","timestamp":"2026-07-07T01:34:05.055+05:30"}
{"level":"info","mediaId":"96be0320-a653-4b39-98e3-42617e4ba935","message":"File upload saved","originalName":"wallhaven-01mgm1_1920x1080.png","timestamp":"2026-07-07T01:34:06.066+05:30"}
{"level":"info","mediaId":"1f7fc895-aa3f-45b5-9dc9-81beeee9a063","message":"File upload saved","originalName":"wallhaven-yqqvpg_1920x1080.png","timestamp":"2026-07-07T01:34:06.066+05:30"}
{"level":"info","mediaId":"b98687c0-cd0d-4b9a-aa7d-2b4b923ad8cb","message":"File upload saved","originalName":"wallhaven-0wxzkp_1920x1080.png","timestamp":"2026-07-07T01:34:06.066+05:30"}
{"level":"info","mediaId":"b9fd2d73-c579-4b50-810c-83e74240cac0","message":"File upload saved","originalName":"wallhaven-0wxzkp_1920x1080.png","timestamp":"2026-07-07T01:34:06.066+05:30"}
{"level":"info","mediaId":"cb591299-3f9a-4a2f-b92f-729d13c7d5bf","message":"File upload saved","originalName":"wallhaven-yqqvpg_1920x1080.png","timestamp":"2026-07-07T01:34:06.066+05:30"}
{"level":"info","mediaId":"90951d5a-6d3f-4bba-afa1-dd5bc401a6fd","message":"File upload saved","originalName":"wallhaven-0wxzkp_1920x1080.png","timestamp":"2026-07-07T01:34:06.066+05:30"}
{"level":"info","mediaId":"bbe2525c-d1ba-4f90-ba38-01e51381a859","message":"File upload saved","originalName":"wallhaven-yqqvpg_1920x1080.png","timestamp":"2026-07-07T01:34:06.066+05:30"}
{"level":"info","mediaId":"5325e3ea-9c35-4537-9a69-44c296ca5015","message":"File upload saved","originalName":"1.jpg","timestamp":"2026-07-07T01:34:06.066+05:30"}
{"level":"info","mediaId":"a22ee975-9ef5-4012-a49a-9461277fd27a","message":"File upload saved","originalName":"wallhaven-01mgm1_1920x1080.png","timestamp":"2026-07-07T01:34:06.066+05:30"}
{"level":"info","mediaId":"39896e0b-9d51-41c0-b83d-3f7ef3becc01","message":"File upload saved","originalName":"wallhaven-yqqvpg_1920x1080.png","timestamp":"2026-07-07T01:34:06.066+05:30"}
{"level":"info","mediaId":"a75f493e-c557-4f59-af00-f3c17645acf8","message":"File upload saved","originalName":"2.jpg","timestamp":"2026-07-07T01:34:06.066+05:30"}
{"level":"info","mediaId":"185b9199-81bb-451f-aa93-5856a3042c89","message":"File upload saved","originalName":"2.jpg","timestamp":"2026-07-07T01:34:06.066+05:30"}
{"level":"info","mediaId":"5d521cb8-d8a7-4378-8ab2-3e75859e9719","message":"File upload saved","originalName":"wallhaven-0wxzkp_1920x1080.png","timestamp":"2026-07-07T01:34:06.066+05:30"}
{"level":"info","mediaId":"1171a353-91b3-4781-a06b-489dc58298b0","message":"File upload saved","originalName":"wallhaven-yqqvpg_1920x1080.png","timestamp":"2026-07-07T01:34:06.066+05:30"}
{"level":"info","mediaId":"91226b00-6eec-4998-8bea-4846ac70d7cb","message":"File upload saved","originalName":"wallhaven-01mgm1_1920x1080.png","timestamp":"2026-07-07T01:34:06.066+05:30"}
{"level":"info","mediaId":"35fdd295-8c32-4a51-83fb-5c821f3cc10c","message":"File upload saved","originalName":"wallhaven-01mgm1_1920x1080.png","timestamp":"2026-07-07T01:34:06.066+05:30"}
{"level":"info","mediaId":"6fe704b2-4232-4ae8-89c6-ddde67ea304d","message":"File upload saved","originalName":"wallhaven-01mgm1_1920x1080.png","timestamp":"2026-07-07T01:34:06.066+05:30"}
{"level":"info","message":"Redis connected","timestamp":"2026-07-07T01:35:25.2525+05:30"}
{"level":"info","message":"PostgreSQL connected via Prisma (pg adapter)","timestamp":"2026-07-07T01:35:25.2525+05:30"}
{"environment":"development","level":"info","message":"MRT API running","pid":16472,"port":8080,"timestamp":"2026-07-07T01:35:25.2525+05:30"}
{"level":"info","message":"Redis connected","timestamp":"2026-07-07T01:35:25.2525+05:30"}
{"level":"info","message":"PostgreSQL connected via Prisma (pg adapter)","timestamp":"2026-07-07T01:35:25.2525+05:30"}
{"level":"info","mediaId":"5d1655ea-a911-4053-8ada-1a77f0360bf1","message":"File upload saved","originalName":"wallhaven-yqqvpg_1920x1080.png","timestamp":"2026-07-07T01:35:31.3131+05:30"}
{"key":"homepage:v1","level":"info","message":"Homepage cache invalidated","timestamp":"2026-07-07T01:35:31.3131+05:30"}
{"level":"info","mediaId":"abd7c16f-3b44-4d0e-ae1e-1559887a82fa","message":"File upload saved","originalName":"wallhaven-01mgm1_1920x1080.png","timestamp":"2026-07-07T01:35:31.3131+05:30"}
{"key":"homepage:v1","level":"info","message":"Homepage cache invalidated","timestamp":"2026-07-07T01:35:31.3131+05:30"}
{"level":"info","mediaId":"beebb2d8-719e-47fa-baaa-8da9dc3392d7","message":"File upload saved","originalName":"wallhaven-yqqvpg_1920x1080.png","timestamp":"2026-07-07T01:35:31.3131+05:30"}
{"key":"homepage:v1","level":"info","message":"Homepage cache invalidated","timestamp":"2026-07-07T01:35:31.3131+05:30"}
{"level":"info","mediaId":"7bd394ef-01f6-4c2e-a0b6-6355bd495d49","message":"File upload saved","originalName":"1.jpg","timestamp":"2026-07-07T01:35:31.3131+05:30"}
{"key":"homepage:v1","level":"info","message":"Homepage cache invalidated","timestamp":"2026-07-07T01:35:31.3131+05:30"}
{"level":"info","mediaId":"12e129ed-f4bd-4ed8-82c3-6439c72a56bf","message":"File upload saved","originalName":"wallhaven-01mgm1_1920x1080.png","timestamp":"2026-07-07T01:35:31.3131+05:30"}
{"key":"homepage:v1","level":"info","message":"Homepage cache invalidated","timestamp":"2026-07-07T01:35:31.3131+05:30"}
{"level":"info","mediaId":"f59f8c5d-1341-496a-a58c-1a3cfd403f47","message":"File upload saved","originalName":"wallhaven-yqqvpg_1920x1080.png","timestamp":"2026-07-07T01:35:31.3131+05:30"}
{"key":"homepage:v1","level":"info","message":"Homepage cache invalidated","timestamp":"2026-07-07T01:35:31.3131+05:30"}
{"level":"info","mediaId":"3ba47fbd-40bd-4ee3-b0fe-cf9ad9090ce1","message":"File upload saved","originalName":"wallhaven-0wxzkp_1920x1080.png","timestamp":"2026-07-07T01:35:31.3131+05:30"}
{"key":"homepage:v1","level":"info","message":"Homepage cache invalidated","timestamp":"2026-07-07T01:35:31.3131+05:30"}
{"level":"info","mediaId":"34458964-7608-411b-8bbf-6c0af11ebbd4","message":"File upload saved","originalName":"wallhaven-0wxzkp_1920x1080.png","timestamp":"2026-07-07T01:35:32.3232+05:30"}
{"key":"homepage:v1","level":"info","message":"Homepage cache invalidated","timestamp":"2026-07-07T01:35:32.3232+05:30"}
{"level":"info","mediaId":"2266b077-da10-4eeb-ad61-490811ba4cf5","message":"File upload saved","originalName":"wallhaven-01mgm1_1920x1080.png","timestamp":"2026-07-07T01:35:32.3232+05:30"}
{"key":"homepage:v1","level":"info","message":"Homepage cache invalidated","timestamp":"2026-07-07T01:35:32.3232+05:30"}
{"level":"info","mediaId":"a3da5072-eb50-4061-a0d5-e365e21b4426","message":"File upload saved","originalName":"wallhaven-yqqvpg_1920x1080.png","timestamp":"2026-07-07T01:35:32.3232+05:30"}
{"key":"homepage:v1","level":"info","message":"Homepage cache invalidated","timestamp":"2026-07-07T01:35:32.3232+05:30"}
{"level":"info","mediaId":"8c9ff408-b00e-468e-abdf-7dfa069db124","message":"File upload saved","originalName":"2.jpg","timestamp":"2026-07-07T01:35:32.3232+05:30"}
{"key":"homepage:v1","level":"info","message":"Homepage cache invalidated","timestamp":"2026-07-07T01:35:32.3232+05:30"}
{"level":"info","mediaId":"ff04617e-4991-43d3-ac61-5c4d16978820","message":"File upload saved","originalName":"wallhaven-0wxzkp_1920x1080.png","timestamp":"2026-07-07T01:35:32.3232+05:30"}
{"key":"homepage:v1","level":"info","message":"Homepage cache invalidated","timestamp":"2026-07-07T01:35:32.3232+05:30"}
{"level":"info","mediaId":"5e13b236-2b77-4c9a-8c08-2b45008098a6","message":"File upload saved","originalName":"wallhaven-yqqvpg_1920x1080.png","timestamp":"2026-07-07T01:35:32.3232+05:30"}
{"key":"homepage:v1","level":"info","message":"Homepage cache invalidated","timestamp":"2026-07-07T01:35:32.3232+05:30"}
{"level":"info","mediaId":"5c81ed3e-4c6e-4fcf-b065-c856c5d69075","message":"File upload saved","originalName":"wallhaven-yqqvpg_1920x1080.png","timestamp":"2026-07-07T01:35:32.3232+05:30"}
{"key":"homepage:v1","level":"info","message":"Homepage cache invalidated","timestamp":"2026-07-07T01:35:32.3232+05:30"}
{"level":"info","mediaId":"2432cbe3-81cf-461e-a83c-c98de7229014","message":"File upload saved","originalName":"wallhaven-0wxzkp_1920x1080.png","timestamp":"2026-07-07T01:35:32.3232+05:30"}
{"key":"homepage:v1","level":"info","message":"Homepage cache invalidated","timestamp":"2026-07-07T01:35:32.3232+05:30"}
{"level":"info","mediaId":"fc73f33c-c482-42c4-9a39-004524b6a131","message":"File upload saved","originalName":"1.jpg","timestamp":"2026-07-07T01:35:32.3232+05:30"}
{"key":"homepage:v1","level":"info","message":"Homepage cache invalidated","timestamp":"2026-07-07T01:35:32.3232+05:30"}
{"level":"info","mediaId":"a4aa612e-f116-468e-b81f-2bc58583593e","message":"File upload saved","originalName":"wallhaven-yqqvpg_1920x1080.png","timestamp":"2026-07-07T01:35:32.3232+05:30"}
{"key":"homepage:v1","level":"info","message":"Homepage cache invalidated","timestamp":"2026-07-07T01:35:32.3232+05:30"}
{"level":"info","mediaId":"4ad992b3-da3e-4099-bffc-7b8886882f8f","message":"File upload saved","originalName":"2.jpg","timestamp":"2026-07-07T01:35:32.3232+05:30"}
{"key":"homepage:v1","level":"info","message":"Homepage cache invalidated","timestamp":"2026-07-07T01:35:32.3232+05:30"}
{"level":"info","mediaId":"eaad32de-2a3d-48ae-a2f5-733ab01aae57","message":"File upload saved","originalName":"2.jpg","timestamp":"2026-07-07T01:35:32.3232+05:30"}
{"key":"homepage:v1","level":"info","message":"Homepage cache invalidated","timestamp":"2026-07-07T01:35:32.3232+05:30"}
{"level":"info","mediaId":"67265ed1-e8be-4eb1-a76f-313c1ea8aec6","message":"File upload saved","originalName":"wallhaven-01mgm1_1920x1080.png","timestamp":"2026-07-07T01:35:32.3232+05:30"}
{"key":"homepage:v1","level":"info","message":"Homepage cache invalidated","timestamp":"2026-07-07T01:35:32.3232+05:30"}
{"level":"info","mediaId":"402ae401-338d-4069-b7d0-28dc65cb82c8","message":"File upload saved","originalName":"2.jpg","timestamp":"2026-07-07T01:35:32.3232+05:30"}
{"key":"homepage:v1","level":"info","message":"Homepage cache invalidated","timestamp":"2026-07-07T01:35:33.3333+05:30"}
{"level":"info","mediaId":"d2860c4c-82bb-49d2-9217-c89c56a75071","message":"File upload saved","originalName":"wallhaven-yqqvpg_1920x1080.png","timestamp":"2026-07-07T01:35:33.3333+05:30"}
{"key":"homepage:v1","level":"info","message":"Homepage cache invalidated","timestamp":"2026-07-07T01:35:33.3333+05:30"}
{"level":"info","mediaId":"ab41f65d-4de3-4387-b17d-d2f7059da0a7","message":"File upload saved","originalName":"wallhaven-0wxzkp_1920x1080.png","timestamp":"2026-07-07T01:35:33.3333+05:30"}
{"key":"homepage:v1","level":"info","message":"Homepage cache invalidated","timestamp":"2026-07-07T01:35:33.3333+05:30"}
{"level":"info","mediaId":"8ce6295a-d869-4dff-8ace-5fb541824ada","message":"File upload saved","originalName":"wallhaven-yqqvpg_1920x1080.png","timestamp":"2026-07-07T01:35:33.3333+05:30"}
{"key":"homepage:v1","level":"info","message":"Homepage cache invalidated","timestamp":"2026-07-07T01:35:33.3333+05:30"}
{"level":"info","mediaId":"5d303dab-7319-481f-9122-32801b38a435","message":"File upload saved","originalName":"1.jpg","timestamp":"2026-07-07T01:35:33.3333+05:30"}
{"key":"homepage:v1","level":"info","message":"Homepage cache invalidated","timestamp":"2026-07-07T01:35:33.3333+05:30"}
{"level":"info","mediaId":"07c8e02f-4b38-423b-97b3-2b1460f5eaa3","message":"File upload saved","originalName":"1.jpg","timestamp":"2026-07-07T01:35:33.3333+05:30"}
{"key":"homepage:v1","level":"info","message":"Homepage cache invalidated","timestamp":"2026-07-07T01:35:33.3333+05:30"}
{"level":"info","mediaId":"6eb70ead-88a3-47f0-ad9a-040c991daf2a","message":"File upload saved","originalName":"wallhaven-0wxzkp_1920x1080.png","timestamp":"2026-07-07T01:35:33.3333+05:30"}
{"key":"homepage:v1","level":"info","message":"Homepage cache invalidated","timestamp":"2026-07-07T01:35:33.3333+05:30"}
{"level":"info","mediaId":"03bae263-f419-4a37-bfd6-cb348733ef6c","message":"File upload saved","originalName":"wallhaven-01mgm1_1920x1080.png","timestamp":"2026-07-07T01:35:33.3333+05:30"}
{"key":"homepage:v1","level":"info","message":"Homepage cache invalidated","timestamp":"2026-07-07T01:35:33.3333+05:30"}
{"level":"info","mediaId":"4123c731-f55e-4d4b-a452-9d6ce6dc44e1","message":"File upload saved","originalName":"1.jpg","timestamp":"2026-07-07T01:35:33.3333+05:30"}
{"key":"homepage:v1","level":"info","message":"Homepage cache invalidated","timestamp":"2026-07-07T01:35:33.3333+05:30"}
{"level":"info","mediaId":"2bfe1b6f-eb45-4362-b1a5-0428e5272d0d","message":"File upload saved","originalName":"2.jpg","timestamp":"2026-07-07T01:35:33.3333+05:30"}
{"key":"homepage:v1","level":"info","message":"Homepage cache invalidated","timestamp":"2026-07-07T01:35:33.3333+05:30"}
{"level":"info","mediaId":"2d3c9f69-c5da-43d4-9161-97f56f9e3c33","message":"File upload saved","originalName":"wallhaven-0wxzkp_1920x1080.png","timestamp":"2026-07-07T01:35:33.3333+05:30"}
{"key":"homepage:v1","level":"info","message":"Homepage cache invalidated","timestamp":"2026-07-07T01:35:33.3333+05:30"}
{"level":"info","mediaId":"ca265497-c301-4454-83ba-f7f47dfc0628","message":"File upload saved","originalName":"2.jpg","timestamp":"2026-07-07T01:35:33.3333+05:30"}
{"key":"homepage:v1","level":"info","message":"Homepage cache invalidated","timestamp":"2026-07-07T01:35:33.3333+05:30"}
{"level":"info","mediaId":"316e3052-28ef-4eb1-a681-20e6721c49c9","message":"File upload saved","originalName":"wallhaven-yqqvpg_1920x1080.png","timestamp":"2026-07-07T01:35:33.3333+05:30"}
{"key":"homepage:v1","level":"info","message":"Homepage cache invalidated","timestamp":"2026-07-07T01:35:33.3333+05:30"}
{"level":"info","mediaId":"1164e7ef-1627-4e30-afaf-b6eba01076d3","message":"File upload saved","originalName":"wallhaven-01mgm1_1920x1080.png","timestamp":"2026-07-07T01:35:34.3434+05:30"}
{"key":"homepage:v1","level":"info","message":"Homepage cache invalidated","timestamp":"2026-07-07T01:35:34.3434+05:30"}
{"level":"info","mediaId":"8a351b4a-fb3a-44db-8222-e53724fccff1","message":"File upload saved","originalName":"2.jpg","timestamp":"2026-07-07T01:35:34.3434+05:30"}
{"key":"homepage:v1","level":"info","message":"Homepage cache invalidated","timestamp":"2026-07-07T01:35:34.3434+05:30"}
{"level":"info","mediaId":"574bf6bd-5f68-4584-b498-c5cd15b4072c","message":"File upload saved","originalName":"wallhaven-01mgm1_1920x1080.png","timestamp":"2026-07-07T01:35:34.3434+05:30"}
{"key":"homepage:v1","level":"info","message":"Homepage cache invalidated","timestamp":"2026-07-07T01:35:34.3434+05:30"}
{"level":"info","mediaId":"9bb0e7cc-318b-4e9b-b2ef-a372ba91c005","message":"File upload saved","originalName":"wallhaven-0wxzkp_1920x1080.png","timestamp":"2026-07-07T01:35:34.3434+05:30"}
{"key":"homepage:v1","level":"info","message":"Homepage cache invalidated","timestamp":"2026-07-07T01:35:34.3434+05:30"}
{"level":"info","mediaId":"e3bbe4d4-1530-474d-9762-2bf3d096040c","message":"File upload saved","originalName":"wallhaven-01mgm1_1920x1080.png","timestamp":"2026-07-07T01:35:34.3434+05:30"}
{"key":"homepage:v1","level":"info","message":"Homepage cache invalidated","timestamp":"2026-07-07T01:35:34.3434+05:30"}
{"level":"info","mediaId":"4957963f-7cfe-4020-b17d-30507e93b6cb","message":"File upload saved","originalName":"wallhaven-yqqvpg_1920x1080.png","timestamp":"2026-07-07T01:35:34.3434+05:30"}
{"key":"homepage:v1","level":"info","message":"Homepage cache invalidated","timestamp":"2026-07-07T01:35:34.3434+05:30"}
{"level":"info","mediaId":"f2c39c06-7072-40f3-bb67-f5084bc7a014","message":"File upload saved","originalName":"1.jpg","timestamp":"2026-07-07T01:35:34.3434+05:30"}
{"key":"homepage:v1","level":"info","message":"Homepage cache invalidated","timestamp":"2026-07-07T01:35:34.3434+05:30"}
{"level":"info","mediaId":"805e8ea3-6de0-4ed2-9797-d3d6ce58719c","message":"File upload saved","originalName":"wallhaven-yqqvpg_1920x1080.png","timestamp":"2026-07-07T01:35:34.3434+05:30"}
{"key":"homepage:v1","level":"info","message":"Homepage cache invalidated","timestamp":"2026-07-07T01:35:34.3434+05:30"}
{"level":"info","mediaId":"80f5be79-b176-4e37-8fb5-529137d76ed1","message":"File upload saved","originalName":"1.jpg","timestamp":"2026-07-07T01:35:34.3434+05:30"}
{"key":"homepage:v1","level":"info","message":"Homepage cache invalidated","timestamp":"2026-07-07T01:35:34.3434+05:30"}
{"level":"info","mediaId":"c317c4f4-062f-480e-b3e6-505108f872df","message":"File upload saved","originalName":"wallhaven-01mgm1_1920x1080.png","timestamp":"2026-07-07T01:35:34.3434+05:30"}
{"key":"homepage:v1","level":"info","message":"Homepage cache invalidated","timestamp":"2026-07-07T01:35:34.3434+05:30"}
{"level":"info","mediaId":"1560d63d-a552-4102-bb36-800e01272fe5","message":"File upload saved","originalName":"1.jpg","timestamp":"2026-07-07T01:35:34.3434+05:30"}
{"key":"homepage:v1","level":"info","message":"Homepage cache invalidated","timestamp":"2026-07-07T01:35:34.3434+05:30"}
{"level":"info","mediaId":"b81e0fc4-0f22-4687-a391-88c9f55acf9a","message":"File upload saved","originalName":"2.jpg","timestamp":"2026-07-07T01:35:34.3434+05:30"}
{"key":"homepage:v1","level":"info","message":"Homepage cache invalidated","timestamp":"2026-07-07T01:35:34.3434+05:30"}
{"level":"info","mediaId":"189f6161-3f67-4da1-b24e-b10634a2c333","message":"File upload saved","originalName":"wallhaven-yqqvpg_1920x1080.png","timestamp":"2026-07-07T01:35:34.3434+05:30"}
{"key":"homepage:v1","level":"info","message":"Homepage cache invalidated","timestamp":"2026-07-07T01:35:34.3434+05:30"}
{"level":"info","mediaId":"432b76cb-2dfe-47c3-a9db-59032f5540d7","message":"File upload saved","originalName":"wallhaven-yqqvpg_1920x1080.png","timestamp":"2026-07-07T01:35:34.3434+05:30"}
{"key":"homepage:v1","level":"info","message":"Homepage cache invalidated","timestamp":"2026-07-07T01:35:35.3535+05:30"}
{"level":"info","mediaId":"cbe17671-44d6-4f9f-a749-6eeee1bc1710","message":"File upload saved","originalName":"wallhaven-0wxzkp_1920x1080.png","timestamp":"2026-07-07T01:35:35.3535+05:30"}
{"key":"homepage:v1","level":"info","message":"Homepage cache invalidated","timestamp":"2026-07-07T01:35:35.3535+05:30"}
{"level":"info","mediaId":"b44b701d-d6b0-4faf-ad7e-f916280474a9","message":"File upload saved","originalName":"wallhaven-0wxzkp_1920x1080.png","timestamp":"2026-07-07T01:35:35.3535+05:30"}
{"key":"homepage:v1","level":"info","message":"Homepage cache invalidated","timestamp":"2026-07-07T01:35:35.3535+05:30"}
{"level":"info","mediaId":"286d5b23-06c0-45cb-8632-98c635120226","message":"File upload saved","originalName":"wallhaven-yqqvpg_1920x1080.png","timestamp":"2026-07-07T01:35:35.3535+05:30"}
{"key":"homepage:v1","level":"info","message":"Homepage cache invalidated","timestamp":"2026-07-07T01:35:35.3535+05:30"}
{"level":"info","mediaId":"dba6aa57-9016-40a6-8c6f-47db86264a28","message":"File upload saved","originalName":"wallhaven-01mgm1_1920x1080.png","timestamp":"2026-07-07T01:35:35.3535+05:30"}
{"key":"homepage:v1","level":"info","message":"Homepage cache invalidated","timestamp":"2026-07-07T01:35:35.3535+05:30"}
{"level":"info","mediaId":"673dbc0a-ab50-4f8e-9b3a-31a22d87e5a4","message":"File upload saved","originalName":"wallhaven-yqqvpg_1920x1080.png","timestamp":"2026-07-07T01:35:35.3535+05:30"}
{"key":"homepage:v1","level":"info","message":"Homepage cache invalidated","timestamp":"2026-07-07T01:35:35.3535+05:30"}
{"level":"info","mediaId":"825315bc-3075-42c8-821d-7f7f98d10062","message":"File upload saved","originalName":"2.jpg","timestamp":"2026-07-07T01:35:35.3535+05:30"}
{"key":"homepage:v1","level":"info","message":"Homepage cache invalidated","timestamp":"2026-07-07T01:35:35.3535+05:30"}
{"level":"info","mediaId":"eee8da48-dd92-40a9-8017-6dde95fe212d","message":"File upload saved","originalName":"wallhaven-yqqvpg_1920x1080.png","timestamp":"2026-07-07T01:35:35.3535+05:30"}
{"key":"homepage:v1","level":"info","message":"Homepage cache invalidated","timestamp":"2026-07-07T01:35:35.3535+05:30"}
{"level":"info","mediaId":"1513cb41-21fd-459c-8aa6-f2da2014d6b5","message":"File upload saved","originalName":"wallhaven-yqqvpg_1920x1080.png","timestamp":"2026-07-07T01:35:35.3535+05:30"}
{"key":"homepage:v1","level":"info","message":"Homepage cache invalidated","timestamp":"2026-07-07T01:35:35.3535+05:30"}
{"level":"info","mediaId":"77881b48-311d-4653-932b-e5d8a4853001","message":"File upload saved","originalName":"2.jpg","timestamp":"2026-07-07T01:35:35.3535+05:30"}
{"key":"homepage:v1","level":"info","message":"Homepage cache invalidated","timestamp":"2026-07-07T01:35:35.3535+05:30"}
{"level":"info","mediaId":"51747b9d-905b-42e3-b8bf-6ad6c48aea78","message":"File upload saved","originalName":"wallhaven-01mgm1_1920x1080.png","timestamp":"2026-07-07T01:35:35.3535+05:30"}
{"key":"homepage:v1","level":"info","message":"Homepage cache invalidated","timestamp":"2026-07-07T01:35:35.3535+05:30"}
{"level":"info","mediaId":"45300357-a475-4136-8c94-031c05240a7b","message":"File upload saved","originalName":"2.jpg","timestamp":"2026-07-07T01:35:35.3535+05:30"}
{"key":"homepage:v1","level":"info","message":"Homepage cache invalidated","timestamp":"2026-07-07T01:35:35.3535+05:30"}
{"level":"info","mediaId":"afbc1c6a-7070-42af-b822-5b17b74cdf1e","message":"File upload saved","originalName":"wallhaven-0wxzkp_1920x1080.png","timestamp":"2026-07-07T01:35:35.3535+05:30"}
{"key":"homepage:v1","level":"info","message":"Homepage cache invalidated","timestamp":"2026-07-07T01:35:35.3535+05:30"}
{"level":"info","mediaId":"26585950-cd2a-4547-bc21-98712307781e","message":"File upload saved","originalName":"wallhaven-0wxzkp_1920x1080.png","timestamp":"2026-07-07T01:35:35.3535+05:30"}
{"key":"homepage:v1","level":"info","message":"Homepage cache invalidated","timestamp":"2026-07-07T01:35:35.3535+05:30"}
{"level":"info","mediaId":"ace7158a-c9be-471e-b26f-c0d77ab6ce52","message":"File upload saved","originalName":"1.jpg","timestamp":"2026-07-07T01:35:35.3535+05:30"}
{"key":"homepage:v1","level":"info","message":"Homepage cache invalidated","timestamp":"2026-07-07T01:35:35.3535+05:30"}
{"level":"info","mediaId":"54799248-de4d-4b5f-880d-ce66f1f433a1","message":"File upload saved","originalName":"1.jpg","timestamp":"2026-07-07T01:35:35.3535+05:30"}
{"key":"homepage:v1","level":"info","message":"Homepage cache invalidated","timestamp":"2026-07-07T01:35:36.3636+05:30"}
{"level":"info","mediaId":"34db3981-f14a-47e0-a43c-602a49e208c2","message":"File upload saved","originalName":"wallhaven-0wxzkp_1920x1080.png","timestamp":"2026-07-07T01:35:36.3636+05:30"}
{"key":"homepage:v1","level":"info","message":"Homepage cache invalidated","timestamp":"2026-07-07T01:35:36.3636+05:30"}
{"level":"info","mediaId":"2185dc16-30d3-4a12-a780-74bcd62f842e","message":"File upload saved","originalName":"wallhaven-yqqvpg_1920x1080.png","timestamp":"2026-07-07T01:35:36.3636+05:30"}
{"key":"homepage:v1","level":"info","message":"Homepage cache invalidated","timestamp":"2026-07-07T01:35:36.3636+05:30"}
{"level":"info","mediaId":"33426070-386d-4e68-9b79-bcdfd81574f1","message":"File upload saved","originalName":"2.jpg","timestamp":"2026-07-07T01:35:36.3636+05:30"}
{"key":"homepage:v1","level":"info","message":"Homepage cache invalidated","timestamp":"2026-07-07T01:35:36.3636+05:30"}
{"level":"info","mediaId":"59aa1426-5e34-4f8e-8938-d88628235050","message":"File upload saved","originalName":"1.jpg","timestamp":"2026-07-07T01:35:36.3636+05:30"}
{"key":"homepage:v1","level":"info","message":"Homepage cache invalidated","timestamp":"2026-07-07T01:35:36.3636+05:30"}
{"level":"info","mediaId":"25971033-0277-470e-b9d8-642df99f56ab","message":"File upload saved","originalName":"2.jpg","timestamp":"2026-07-07T01:35:36.3636+05:30"}
{"key":"homepage:v1","level":"info","message":"Homepage cache invalidated","timestamp":"2026-07-07T01:35:36.3636+05:30"}
{"level":"info","mediaId":"79d3e08c-e511-4bf8-b752-64b303bee2f9","message":"File upload saved","originalName":"wallhaven-01mgm1_1920x1080.png","timestamp":"2026-07-07T01:35:36.3636+05:30"}
{"key":"homepage:v1","level":"info","message":"Homepage cache invalidated","timestamp":"2026-07-07T01:35:36.3636+05:30"}
{"level":"info","mediaId":"8db3130a-013d-400b-ba9e-db8819b7a96e","message":"File upload saved","originalName":"1.jpg","timestamp":"2026-07-07T01:35:36.3636+05:30"}
{"key":"homepage:v1","level":"info","message":"Homepage cache invalidated","timestamp":"2026-07-07T01:35:36.3636+05:30"}
{"level":"info","mediaId":"decb8cfa-d72e-42f6-9f4b-ccca0e3f6a19","message":"File upload saved","originalName":"wallhaven-01mgm1_1920x1080.png","timestamp":"2026-07-07T01:35:36.3636+05:30"}
{"key":"homepage:v1","level":"info","message":"Homepage cache invalidated","timestamp":"2026-07-07T01:35:36.3636+05:30"}
{"level":"info","mediaId":"c6336c87-999b-49b7-90bd-94ae3051fc6d","message":"File upload saved","originalName":"wallhaven-0wxzkp_1920x1080.png","timestamp":"2026-07-07T01:35:36.3636+05:30"}
{"key":"homepage:v1","level":"info","message":"Homepage cache invalidated","timestamp":"2026-07-07T01:35:36.3636+05:30"}
{"level":"info","mediaId":"795ee193-9747-42c6-a8cc-898edc52d64d","message":"File upload saved","originalName":"wallhaven-yqqvpg_1920x1080.png","timestamp":"2026-07-07T01:35:36.3636+05:30"}
{"key":"homepage:v1","level":"info","message":"Homepage cache invalidated","timestamp":"2026-07-07T01:35:36.3636+05:30"}
{"level":"info","mediaId":"8e30e99c-c146-4aac-b733-3b90dcaff98e","message":"File upload saved","originalName":"2.jpg","timestamp":"2026-07-07T01:35:36.3636+05:30"}
{"key":"homepage:v1","level":"info","message":"Homepage cache invalidated","timestamp":"2026-07-07T01:35:36.3636+05:30"}
{"level":"info","mediaId":"b9f048ed-c88e-4b8a-adef-24bbb15cf594","message":"File upload saved","originalName":"2.jpg","timestamp":"2026-07-07T01:35:36.3636+05:30"}
{"key":"homepage:v1","level":"info","message":"Homepage cache invalidated","timestamp":"2026-07-07T01:35:36.3636+05:30"}
{"level":"info","mediaId":"1c07bd6c-6ac4-4943-9b38-584a0618224f","message":"File upload saved","originalName":"wallhaven-yqqvpg_1920x1080.png","timestamp":"2026-07-07T01:35:36.3636+05:30"}
{"key":"homepage:v1","level":"info","message":"Homepage cache invalidated","timestamp":"2026-07-07T01:35:36.3636+05:30"}
{"level":"info","mediaId":"e9def13b-ddf6-475d-a4ea-51ca3d3d64eb","message":"File upload saved","originalName":"1.jpg","timestamp":"2026-07-07T01:35:36.3636+05:30"}
{"key":"homepage:v1","level":"info","message":"Homepage cache invalidated","timestamp":"2026-07-07T01:35:37.3737+05:30"}
{"level":"info","mediaId":"3fd3a487-835f-4282-a84b-b07ea7a58f03","message":"File upload saved","originalName":"wallhaven-0wxzkp_1920x1080.png","timestamp":"2026-07-07T01:35:37.3737+05:30"}
{"key":"homepage:v1","level":"info","message":"Homepage cache invalidated","timestamp":"2026-07-07T01:35:37.3737+05:30"}
{"level":"info","mediaId":"d765d4ba-61b6-4011-989e-615ed994efe6","message":"File upload saved","originalName":"wallhaven-yqqvpg_1920x1080.png","timestamp":"2026-07-07T01:35:37.3737+05:30"}
{"key":"homepage:v1","level":"info","message":"Homepage cache invalidated","timestamp":"2026-07-07T01:35:37.3737+05:30"}
{"level":"info","mediaId":"854a021c-0c0c-4a6a-b628-fbb378143115","message":"File upload saved","originalName":"wallhaven-yqqvpg_1920x1080.png","timestamp":"2026-07-07T01:35:37.3737+05:30"}
{"key":"homepage:v1","level":"info","message":"Homepage cache invalidated","timestamp":"2026-07-07T01:35:37.3737+05:30"}
{"level":"info","mediaId":"58b92475-fe6b-4015-b13d-e136fe674298","message":"File upload saved","originalName":"wallhaven-01mgm1_1920x1080.png","timestamp":"2026-07-07T01:35:37.3737+05:30"}
{"key":"homepage:v1","level":"info","message":"Homepage cache invalidated","timestamp":"2026-07-07T01:35:37.3737+05:30"}
{"level":"info","mediaId":"e9459454-b30a-46d9-8882-daa4487d0c4f","message":"File upload saved","originalName":"wallhaven-yqqvpg_1920x1080.png","timestamp":"2026-07-07T01:35:37.3737+05:30"}
{"key":"homepage:v1","level":"info","message":"Homepage cache invalidated","timestamp":"2026-07-07T01:35:37.3737+05:30"}
{"level":"info","mediaId":"03585b6b-ccef-421a-b3b1-60053d59c42d","message":"File upload saved","originalName":"1.jpg","timestamp":"2026-07-07T01:35:37.3737+05:30"}
{"key":"homepage:v1","level":"info","message":"Homepage cache invalidated","timestamp":"2026-07-07T01:35:37.3737+05:30"}
{"level":"info","mediaId":"1bca8639-a1d7-4980-b7fe-f8a7c6db4f76","message":"File upload saved","originalName":"wallhaven-0wxzkp_1920x1080.png","timestamp":"2026-07-07T01:35:37.3737+05:30"}
{"key":"homepage:v1","level":"info","message":"Homepage cache invalidated","timestamp":"2026-07-07T01:35:37.3737+05:30"}
{"level":"info","mediaId":"32407dcc-cc14-4731-b363-34ab4d865853","message":"File upload saved","originalName":"wallhaven-01mgm1_1920x1080.png","timestamp":"2026-07-07T01:35:37.3737+05:30"}
{"key":"homepage:v1","level":"info","message":"Homepage cache invalidated","timestamp":"2026-07-07T01:35:37.3737+05:30"}
{"level":"info","mediaId":"673ddef2-e2ec-4115-be95-706659fa5c21","message":"File upload saved","originalName":"wallhaven-01mgm1_1920x1080.png","timestamp":"2026-07-07T01:35:37.3737+05:30"}
{"key":"homepage:v1","level":"info","message":"Homepage cache invalidated","timestamp":"2026-07-07T01:35:37.3737+05:30"}
{"level":"info","mediaId":"c1c2bcf4-79a7-4ef5-ab9b-40c79f46aac0","message":"File upload saved","originalName":"wallhaven-yqqvpg_1920x1080.png","timestamp":"2026-07-07T01:35:37.3737+05:30"}
{"key":"homepage:v1","level":"info","message":"Homepage cache invalidated","timestamp":"2026-07-07T01:35:37.3737+05:30"}
{"level":"info","mediaId":"018d674c-444e-4b54-9e0f-3fb7a6feedae","message":"File upload saved","originalName":"2.jpg","timestamp":"2026-07-07T01:35:37.3737+05:30"}
{"key":"homepage:v1","level":"info","message":"Homepage cache invalidated","timestamp":"2026-07-07T01:35:37.3737+05:30"}
{"level":"info","mediaId":"a7eff1fe-e730-465d-8c9a-7523202d09fa","message":"File upload saved","originalName":"1.jpg","timestamp":"2026-07-07T01:35:37.3737+05:30"}
{"key":"homepage:v1","level":"info","message":"Homepage cache invalidated","timestamp":"2026-07-07T01:35:37.3737+05:30"}
{"level":"info","mediaId":"9e9296ed-a7a5-47a5-bd15-a2591c0beee6","message":"File upload saved","originalName":"1.jpg","timestamp":"2026-07-07T01:35:37.3737+05:30"}
{"key":"homepage:v1","level":"info","message":"Homepage cache invalidated","timestamp":"2026-07-07T01:35:37.3737+05:30"}
{"level":"info","mediaId":"c4682431-1151-443f-a2ee-2bb5dc20ae1c","message":"File upload saved","originalName":"wallhaven-yqqvpg_1920x1080.png","timestamp":"2026-07-07T01:35:37.3737+05:30"}
{"key":"homepage:v1","level":"info","message":"Homepage cache invalidated","timestamp":"2026-07-07T01:35:37.3737+05:30"}
{"level":"info","message":"Redis connected","timestamp":"2026-07-07T01:39:48.4848+05:30"}
{"level":"info","message":"PostgreSQL connected via Prisma (pg adapter)","timestamp":"2026-07-07T01:39:48.4848+05:30"}
{"environment":"development","level":"info","message":"MRT API running","pid":1512,"port":8080,"timestamp":"2026-07-07T01:39:48.4848+05:30"}
{"level":"info","message":"Redis connected","timestamp":"2026-07-07T01:39:48.4848+05:30"}
{"level":"info","message":"PostgreSQL connected via Prisma (pg adapter)","timestamp":"2026-07-07T01:39:48.4848+05:30"}
{"level":"info","message":"Redis connected","timestamp":"2026-07-07T01:47:08.088+05:30"}
{"level":"info","message":"PostgreSQL connected via Prisma (pg adapter)","timestamp":"2026-07-07T01:47:08.088+05:30"}
{"environment":"development","level":"info","message":"MRT API running","pid":11836,"port":8080,"timestamp":"2026-07-07T01:47:08.088+05:30"}
{"level":"info","message":"Redis connected","timestamp":"2026-07-07T01:47:08.088+05:30"}
{"level":"info","message":"PostgreSQL connected via Prisma (pg adapter)","timestamp":"2026-07-07T01:47:08.088+05:30"}
{"level":"info","mediaId":"ae36c159-8159-47f0-8bb3-3e9a980a4ada","message":"File upload saved","originalName":"wallhaven-yqqvpg_1920x1080.png","timestamp":"2026-07-07T01:48:23.2323+05:30"}
{"key":"homepage:v1","level":"info","message":"Homepage cache invalidated","timestamp":"2026-07-07T01:48:23.2323+05:30"}
{"level":"info","mediaId":"dca6723d-8896-4cfc-b228-e3f34a9fad98","message":"File upload saved","originalName":"wallhaven-01mgm1_1920x1080.png","timestamp":"2026-07-07T01:48:23.2323+05:30"}
{"key":"homepage:v1","level":"info","message":"Homepage cache invalidated","timestamp":"2026-07-07T01:48:24.2424+05:30"}
{"level":"info","mediaId":"50eae60a-0936-4d8c-b69d-98b3e5684c87","message":"File upload saved","originalName":"wallhaven-01mgm1_1920x1080.png","timestamp":"2026-07-07T01:48:24.2424+05:30"}
{"key":"homepage:v1","level":"info","message":"Homepage cache invalidated","timestamp":"2026-07-07T01:48:24.2424+05:30"}
{"level":"info","mediaId":"6fbd75b1-b4fa-4edf-8d85-4598377f5911","message":"File upload saved","originalName":"wallhaven-0wxzkp_1920x1080.png","timestamp":"2026-07-07T01:48:24.2424+05:30"}
{"key":"homepage:v1","level":"info","message":"Homepage cache invalidated","timestamp":"2026-07-07T01:48:24.2424+05:30"}
{"level":"info","mediaId":"d8544d81-982c-4f15-a443-a191f5d52ce8","message":"File upload saved","originalName":"wallhaven-yqqvpg_1920x1080.png","timestamp":"2026-07-07T01:48:24.2424+05:30"}
{"key":"homepage:v1","level":"info","message":"Homepage cache invalidated","timestamp":"2026-07-07T01:48:24.2424+05:30"}
{"level":"info","mediaId":"a70ed11b-9a6c-4aa7-947e-f18b60fea17f","message":"File upload saved","originalName":"2.jpg","timestamp":"2026-07-07T01:48:24.2424+05:30"}
{"key":"homepage:v1","level":"info","message":"Homepage cache invalidated","timestamp":"2026-07-07T01:48:24.2424+05:30"}
{"level":"info","mediaId":"c1252ccb-d462-465a-ab55-9cc8cdb21f4a","message":"File upload saved","originalName":"wallhaven-01mgm1_1920x1080.png","timestamp":"2026-07-07T01:48:24.2424+05:30"}
{"key":"homepage:v1","level":"info","message":"Homepage cache invalidated","timestamp":"2026-07-07T01:48:24.2424+05:30"}
{"level":"info","mediaId":"d6de971c-9e15-4d4b-adfa-6297277a348d","message":"File upload saved","originalName":"wallhaven-0wxzkp_1920x1080.png","timestamp":"2026-07-07T01:48:24.2424+05:30"}
{"key":"homepage:v1","level":"info","message":"Homepage cache invalidated","timestamp":"2026-07-07T01:48:24.2424+05:30"}
{"level":"info","mediaId":"1930dfb4-db68-4c60-9328-d0293134c312","message":"File upload saved","originalName":"1.jpg","timestamp":"2026-07-07T01:48:24.2424+05:30"}
{"key":"homepage:v1","level":"info","message":"Homepage cache invalidated","timestamp":"2026-07-07T01:48:24.2424+05:30"}
{"level":"info","mediaId":"613b4f89-bd3e-4452-83e4-5e3d3809a45e","message":"File upload saved","originalName":"wallhaven-01mgm1_1920x1080.png","timestamp":"2026-07-07T01:48:24.2424+05:30"}
{"key":"homepage:v1","level":"info","message":"Homepage cache invalidated","timestamp":"2026-07-07T01:48:24.2424+05:30"}
{"level":"info","message":"Redis connected","timestamp":"2026-07-07T02:03:39.3939+05:30"}
{"level":"info","message":"PostgreSQL connected via Prisma (pg adapter)","timestamp":"2026-07-07T02:03:39.3939+05:30"}
{"environment":"development","level":"info","message":"MRT API running","pid":18964,"port":8080,"timestamp":"2026-07-07T02:03:39.3939+05:30"}
{"level":"info","message":"Redis connected","timestamp":"2026-07-07T02:03:39.3939+05:30"}
{"level":"info","message":"PostgreSQL connected via Prisma (pg adapter)","timestamp":"2026-07-07T02:03:39.3939+05:30"}
{"level":"info","message":"Redis connected","timestamp":"2026-07-07T02:19:25.2525+05:30"}
{"level":"info","message":"PostgreSQL connected via Prisma (pg adapter)","timestamp":"2026-07-07T02:19:25.2525+05:30"}
{"environment":"development","level":"info","message":"MRT API running","pid":3992,"port":8080,"timestamp":"2026-07-07T02:19:25.2525+05:30"}
{"level":"info","message":"Redis connected","timestamp":"2026-07-07T02:19:25.2525+05:30"}
{"level":"info","message":"PostgreSQL connected via Prisma (pg adapter)","timestamp":"2026-07-07T02:19:25.2525+05:30"}
{"level":"info","message":"Redis connected","timestamp":"2026-07-07T02:19:48.4848+05:30"}
{"level":"info","message":"PostgreSQL connected via Prisma (pg adapter)","timestamp":"2026-07-07T02:19:48.4848+05:30"}
{"environment":"development","level":"info","message":"MRT API running","pid":1240,"port":8080,"timestamp":"2026-07-07T02:19:48.4848+05:30"}
{"level":"info","message":"Redis connected","timestamp":"2026-07-07T02:19:48.4848+05:30"}
{"level":"info","message":"PostgreSQL connected via Prisma (pg adapter)","timestamp":"2026-07-07T02:19:48.4848+05:30"}
{"level":"info","message":"PostgreSQL connected via Prisma (pg adapter)","timestamp":"2026-07-07T02:19:53.5353+05:30"}
{"level":"info","message":"PostgreSQL disconnected","timestamp":"2026-07-07T02:19:54.5454+05:30"}
{"level":"info","message":"Redis connected","timestamp":"2026-07-07T02:22:18.1818+05:30"}
{"level":"info","message":"PostgreSQL connected via Prisma (pg adapter)","timestamp":"2026-07-07T02:22:18.1818+05:30"}
{"environment":"development","level":"info","message":"MRT API running","pid":4860,"port":8080,"timestamp":"2026-07-07T02:22:18.1818+05:30"}
{"level":"info","message":"Redis connected","timestamp":"2026-07-07T02:22:18.1818+05:30"}
{"level":"info","message":"PostgreSQL connected via Prisma (pg adapter)","timestamp":"2026-07-07T02:22:18.1818+05:30"}
{"level":"info","message":"PostgreSQL connected via Prisma (pg adapter)","timestamp":"2026-07-07T02:22:24.2424+05:30"}
{"level":"info","message":"PostgreSQL disconnected","timestamp":"2026-07-07T02:22:25.2525+05:30"}
{"level":"info","message":"Redis connected","timestamp":"2026-07-07T02:22:49.4949+05:30"}
{"level":"info","message":"PostgreSQL connected via Prisma (pg adapter)","timestamp":"2026-07-07T02:22:49.4949+05:30"}
{"environment":"development","level":"info","message":"MRT API running","pid":9804,"port":8080,"timestamp":"2026-07-07T02:22:49.4949+05:30"}
{"level":"info","message":"Redis connected","timestamp":"2026-07-07T02:22:49.4949+05:30"}
{"level":"info","message":"PostgreSQL connected via Prisma (pg adapter)","timestamp":"2026-07-07T02:22:49.4949+05:30"}
{"level":"info","message":"PostgreSQL connected via Prisma (pg adapter)","timestamp":"2026-07-07T02:22:55.5555+05:30"}
{"level":"info","message":"Redis connected","timestamp":"2026-07-07T02:23:15.1515+05:30"}
{"level":"info","message":"PostgreSQL connected via Prisma (pg adapter)","timestamp":"2026-07-07T02:23:15.1515+05:30"}
{"environment":"development","level":"info","message":"MRT API running","pid":17984,"port":8080,"timestamp":"2026-07-07T02:23:15.1515+05:30"}
{"level":"info","message":"Redis connected","timestamp":"2026-07-07T02:23:15.1515+05:30"}
{"level":"info","message":"PostgreSQL connected via Prisma (pg adapter)","timestamp":"2026-07-07T02:23:15.1515+05:30"}
{"level":"info","message":"PostgreSQL connected via Prisma (pg adapter)","timestamp":"2026-07-07T02:23:20.2020+05:30"}
{"level":"info","message":"PostgreSQL disconnected","timestamp":"2026-07-07T02:23:21.2121+05:30"}
{"level":"info","message":"Redis connected","timestamp":"2026-07-07T02:24:00.000+05:30"}
{"level":"info","message":"PostgreSQL connected via Prisma (pg adapter)","timestamp":"2026-07-07T02:24:00.000+05:30"}
{"environment":"development","level":"info","message":"MRT API running","pid":21108,"port":8080,"timestamp":"2026-07-07T02:24:00.000+05:30"}
{"level":"info","message":"Redis connected","timestamp":"2026-07-07T02:24:00.000+05:30"}
{"level":"info","message":"PostgreSQL connected via Prisma (pg adapter)","timestamp":"2026-07-07T02:24:00.000+05:30"}
{"level":"info","message":"PostgreSQL connected via Prisma (pg adapter)","timestamp":"2026-07-07T02:24:07.077+05:30"}
{"level":"info","message":"PostgreSQL disconnected","timestamp":"2026-07-07T02:24:07.077+05:30"}
{"level":"info","message":"Redis connected","timestamp":"2026-07-07T02:26:37.3737+05:30"}
{"level":"info","message":"PostgreSQL connected via Prisma (pg adapter)","timestamp":"2026-07-07T02:26:38.3838+05:30"}
{"environment":"development","level":"info","message":"MRT API running","pid":8928,"port":8080,"timestamp":"2026-07-07T02:26:38.3838+05:30"}
{"level":"info","message":"Redis connected","timestamp":"2026-07-07T02:36:12.1212+05:30"}
{"level":"info","message":"PostgreSQL connected via Prisma (pg adapter)","timestamp":"2026-07-07T02:36:12.1212+05:30"}
{"environment":"development","level":"info","message":"MRT API running","pid":9664,"port":8080,"timestamp":"2026-07-07T02:36:12.1212+05:30"}
{"level":"info","message":"Redis connected","timestamp":"2026-07-07T02:57:37.3737+05:30"}
{"level":"info","message":"PostgreSQL connected via Prisma (pg adapter)","timestamp":"2026-07-07T02:57:37.3737+05:30"}
{"environment":"development","level":"info","message":"MRT API running","pid":4228,"port":8080,"timestamp":"2026-07-07T02:57:37.3737+05:30"}
{"level":"info","message":"Redis connected","timestamp":"2026-07-07T02:58:00.000+05:30"}
{"level":"info","message":"PostgreSQL connected via Prisma (pg adapter)","timestamp":"2026-07-07T02:58:00.000+05:30"}
{"environment":"development","level":"info","message":"MRT API running","pid":16848,"port":8080,"timestamp":"2026-07-07T02:58:00.000+05:30"}
{"level":"info","message":"PostgreSQL connected via Prisma (pg adapter)","timestamp":"2026-07-07T02:58:09.099+05:30"}
{"level":"info","message":"PostgreSQL disconnected","timestamp":"2026-07-07T02:58:09.099+05:30"}
{"level":"info","message":"Redis connected","timestamp":"2026-07-07T02:58:31.3131+05:30"}
{"level":"info","message":"PostgreSQL connected via Prisma (pg adapter)","timestamp":"2026-07-07T02:58:31.3131+05:30"}
{"environment":"development","level":"info","message":"MRT API running","pid":8500,"port":8080,"timestamp":"2026-07-07T02:58:31.3131+05:30"}
{"level":"info","message":"PostgreSQL connected via Prisma (pg adapter)","timestamp":"2026-07-07T02:58:37.3737+05:30"}
{"level":"info","message":"PostgreSQL disconnected","timestamp":"2026-07-07T02:58:37.3737+05:30"}
{"level":"info","message":"Redis connected","timestamp":"2026-07-07T02:58:39.3939+05:30"}
{"level":"info","message":"PostgreSQL connected via Prisma (pg adapter)","timestamp":"2026-07-07T02:58:39.3939+05:30"}
{"environment":"development","level":"info","message":"MRT API running","pid":19140,"port":8080,"timestamp":"2026-07-07T02:58:39.3939+05:30"}
{"level":"info","message":"SQLite connected via Prisma","timestamp":"2026-07-07T03:04:52.5252+05:30"}
{"level":"error","message":"Prisma Error \nInvalid `prisma.role.createMany()` invocation in\nC:\\Users\\0501s\\Music\\smeh_new_desing\\backend\\import-data.js:15:25\n\n  12 \n  13 if (data.roles?.length) {\n  14   console.log('Importing roles...');\n→ 15   await prisma.role.createMany(\nThe table `main.roles` does not exist in the current database.","timestamp":"2026-07-07T03:04:52.5252+05:30"}
{"level":"info","message":"SQLite disconnected","timestamp":"2026-07-07T03:04:52.5252+05:30"}
{"level":"info","message":"SQLite connected via Prisma","timestamp":"2026-07-07T03:05:01.011+05:30"}
{"level":"info","message":"SQLite disconnected","timestamp":"2026-07-07T03:05:01.011+05:30"}
{"level":"info","message":"Redis connected","timestamp":"2026-07-07T03:05:16.1616+05:30"}
{"level":"info","message":"SQLite connected via Prisma","timestamp":"2026-07-07T03:05:16.1616+05:30"}
{"environment":"development","level":"info","message":"MRT API running","pid":10572,"port":8080,"timestamp":"2026-07-07T03:05:16.1616+05:30"}
{"level":"error","message":"Prisma Error \nInvalid `prisma.news.count()` invocation in\nC:\\Users\\0501s\\Music\\smeh_new_desing\\backend\\src\\services\\newsService.js:234:17\n\n  231   skip,\n  232   take: Number(limit)\n  233 }),\n→ 234 prisma.news.count({\n        select: {\n          _count: {\n            select: {\n              _all: true\n            }\n          }\n        },\n        where: {\n          deleted_at: null,\n          status: \"published\",\n          category: {\n            OR: [\n              {\n                slug: \"Campus Buzz\"\n              },\n              {\n                name: {\n                  equals: \"Campus Buzz\",\n                  mode: \"insensitive\"\n                }\n              }\n            ]\n          }\n        }\n      })\n\nUnknown argument `mode`. Did you mean `lte`? Available options are marked with ?.","timestamp":"2026-07-07T03:07:00.000+05:30"}
{"level":"error","message":"Prisma Error \nInvalid `prisma.news.findMany()` invocation in\nC:\\Users\\0501s\\Music\\smeh_new_desing\\backend\\src\\services\\newsService.js:227:17\n\n  224 }\n  225 \n  226 const [items, total] = await Promise.all([\n→ 227   prisma.news.findMany({\n          where: {\n            deleted_at: null,\n            status: \"published\",\n            category: {\n              OR: [\n                {\n                  slug: \"Campus Buzz\"\n                },\n                {\n                  name: {\n                    equals: \"Campus Buzz\",\n                    mode: \"insensitive\"\n                  }\n                }\n              ]\n            }\n          },\n          select: {\n            id: true,\n            title: true,\n            slug: true,\n            excerpt: true,\n            content: true,\n            youtube_url: true,\n            status: true,\n            visibility: true,\n            is_featured: true,\n            is_pinned: true,\n            featured_order: true,\n            allow_comments: true,\n            language: true,\n            publish_version: true,\n            views_count: true,\n            likes_count: true,\n            shares_count: true,\n            reading_time: true,\n            seo_title: true,\n            seo_description: true,\n            meta_keywords: true,\n            canonical_url: true,\n            scheduled_publish_at: true,\n            published_at: true,\n            created_at: true,\n            updated_at: true,\n            deleted_at: true,\n            category: {\n              select: {\n                id: true,\n                name: true,\n                slug: true\n              }\n            },\n            author: {\n              select: {\n                id: true,\n                email: true,\n                role: {\n                  select: {\n                    name: true\n                  }\n                }\n              }\n            },\n            thumbnail: {\n              select: {\n                id: true,\n                file_path: true,\n                path_webp: true,\n                path_avif: true,\n                path_thumb: true\n              }\n            },\n            tags: {\n              include: {\n                tag: {\n                  select: {\n                    id: true,\n                    name: true,\n                    slug: true\n                  }\n                }\n              }\n            }\n          },\n          orderBy: {\n            created_at: \"desc\"\n          },\n          skip: 0,\n          take: 10\n        })\n\nUnknown argument `mode`. Did you mean `lte`? Available options are marked with ?.","timestamp":"2026-07-07T03:07:00.000+05:30"}
{"level":"error","message":"Prisma Error \nInvalid `prisma.news.count()` invocation in\nC:\\Users\\0501s\\Music\\smeh_new_desing\\backend\\src\\services\\newsService.js:234:17\n\n  231   skip,\n  232   take: Number(limit)\n  233 }),\n→ 234 prisma.news.count({\n        select: {\n          _count: {\n            select: {\n              _all: true\n            }\n          }\n        },\n        where: {\n          deleted_at: null,\n          status: \"published\",\n          category: {\n            OR: [\n              {\n                slug: \"Beyond Campus\"\n              },\n              {\n                name: {\n                  equals: \"Beyond Campus\",\n                  mode: \"insensitive\"\n                }\n              }\n            ]\n          }\n        }\n      })\n\nUnknown argument `mode`. Did you mean `lte`? Available options are marked with ?.","timestamp":"2026-07-07T03:07:00.000+05:30"}
{"level":"error","message":"Prisma Error \nInvalid `prisma.news.findMany()` invocation in\nC:\\Users\\0501s\\Music\\smeh_new_desing\\backend\\src\\services\\newsService.js:227:17\n\n  224 }\n  225 \n  226 const [items, total] = await Promise.all([\n→ 227   prisma.news.findMany({\n          where: {\n            deleted_at: null,\n            status: \"published\",\n            category: {\n              OR: [\n                {\n                  slug: \"Beyond Campus\"\n                },\n                {\n                  name: {\n                    equals: \"Beyond Campus\",\n                    mode: \"insensitive\"\n                  }\n                }\n              ]\n            }\n          },\n          select: {\n            id: true,\n            title: true,\n            slug: true,\n            excerpt: true,\n            content: true,\n            youtube_url: true,\n            status: true,\n            visibility: true,\n            is_featured: true,\n            is_pinned: true,\n            featured_order: true,\n            allow_comments: true,\n            language: true,\n            publish_version: true,\n            views_count: true,\n            likes_count: true,\n            shares_count: true,\n            reading_time: true,\n            seo_title: true,\n            seo_description: true,\n            meta_keywords: true,\n            canonical_url: true,\n            scheduled_publish_at: true,\n            published_at: true,\n            created_at: true,\n            updated_at: true,\n            deleted_at: true,\n            category: {\n              select: {\n                id: true,\n                name: true,\n                slug: true\n              }\n            },\n            author: {\n              select: {\n                id: true,\n                email: true,\n                role: {\n                  select: {\n                    name: true\n                  }\n                }\n              }\n            },\n            thumbnail: {\n              select: {\n                id: true,\n                file_path: true,\n                path_webp: true,\n                path_avif: true,\n                path_thumb: true\n              }\n            },\n            tags: {\n              include: {\n                tag: {\n                  select: {\n                    id: true,\n                    name: true,\n                    slug: true\n                  }\n                }\n              }\n            }\n          },\n          orderBy: {\n            created_at: \"desc\"\n          },\n          skip: 0,\n          take: 10\n        })\n\nUnknown argument `mode`. Did you mean `lte`? Available options are marked with ?.","timestamp":"2026-07-07T03:07:00.000+05:30"}
{"level":"error","message":"Prisma Error \nInvalid `prisma.news.count()` invocation in\nC:\\Users\\0501s\\Music\\smeh_new_desing\\backend\\src\\services\\newsService.js:234:17\n\n  231   skip,\n  232   take: Number(limit)\n  233 }),\n→ 234 prisma.news.count({\n        select: {\n          _count: {\n            select: {\n              _all: true\n            }\n          }\n        },\n        where: {\n          deleted_at: null,\n          status: \"published\",\n          category: {\n            OR: [\n              {\n                slug: \"Social Buzz\"\n              },\n              {\n                name: {\n                  equals: \"Social Buzz\",\n                  mode: \"insensitive\"\n                }\n              }\n            ]\n          }\n        }\n      })\n\nUnknown argument `mode`. Did you mean `lte`? Available options are marked with ?.","timestamp":"2026-07-07T03:07:00.000+05:30"}
{"level":"error","message":"Prisma Error \nInvalid `prisma.news.findMany()` invocation in\nC:\\Users\\0501s\\Music\\smeh_new_desing\\backend\\src\\services\\newsService.js:227:17\n\n  224 }\n  225 \n  226 const [items, total] = await Promise.all([\n→ 227   prisma.news.findMany({\n          where: {\n            deleted_at: null,\n            status: \"published\",\n            category: {\n              OR: [\n                {\n                  slug: \"Social Buzz\"\n                },\n                {\n                  name: {\n                    equals: \"Social Buzz\",\n                    mode: \"insensitive\"\n                  }\n                }\n              ]\n            }\n          },\n          select: {\n            id: true,\n            title: true,\n            slug: true,\n            excerpt: true,\n            content: true,\n            youtube_url: true,\n            status: true,\n            visibility: true,\n            is_featured: true,\n            is_pinned: true,\n            featured_order: true,\n            allow_comments: true,\n            language: true,\n            publish_version: true,\n            views_count: true,\n            likes_count: true,\n            shares_count: true,\n            reading_time: true,\n            seo_title: true,\n            seo_description: true,\n            meta_keywords: true,\n            canonical_url: true,\n            scheduled_publish_at: true,\n            published_at: true,\n            created_at: true,\n            updated_at: true,\n            deleted_at: true,\n            category: {\n              select: {\n                id: true,\n                name: true,\n                slug: true\n              }\n            },\n            author: {\n              select: {\n                id: true,\n                email: true,\n                role: {\n                  select: {\n                    name: true\n                  }\n                }\n              }\n            },\n            thumbnail: {\n              select: {\n                id: true,\n                file_path: true,\n                path_webp: true,\n                path_avif: true,\n                path_thumb: true\n              }\n            },\n            tags: {\n              include: {\n                tag: {\n                  select: {\n                    id: true,\n                    name: true,\n                    slug: true\n                  }\n                }\n              }\n            }\n          },\n          orderBy: {\n            created_at: \"desc\"\n          },\n          skip: 0,\n          take: 10\n        })\n\nUnknown argument `mode`. Did you mean `lte`? Available options are marked with ?.","timestamp":"2026-07-07T03:07:00.000+05:30"}
{"level":"error","message":"Prisma Error \nInvalid `prisma.news.count()` invocation in\nC:\\Users\\0501s\\Music\\smeh_new_desing\\backend\\src\\services\\newsService.js:234:17\n\n  231   skip,\n  232   take: Number(limit)\n  233 }),\n→ 234 prisma.news.count({\n        select: {\n          _count: {\n            select: {\n              _all: true\n            }\n          }\n        },\n        where: {\n          deleted_at: null,\n          status: \"published\",\n          category: {\n            OR: [\n              {\n                slug: \"Podcast\"\n              },\n              {\n                name: {\n                  equals: \"Podcast\",\n                  mode: \"insensitive\"\n                }\n              }\n            ]\n          }\n        }\n      })\n\nUnknown argument `mode`. Did you mean `lte`? Available options are marked with ?.","timestamp":"2026-07-07T03:07:00.000+05:30"}
{"level":"error","message":"Prisma Error \nInvalid `prisma.news.findMany()` invocation in\nC:\\Users\\0501s\\Music\\smeh_new_desing\\backend\\src\\services\\newsService.js:227:17\n\n  224 }\n  225 \n  226 const [items, total] = await Promise.all([\n→ 227   prisma.news.findMany({\n          where: {\n            deleted_at: null,\n            status: \"published\",\n            category: {\n              OR: [\n                {\n                  slug: \"Podcast\"\n                },\n                {\n                  name: {\n                    equals: \"Podcast\",\n                    mode: \"insensitive\"\n                  }\n                }\n              ]\n            }\n          },\n          select: {\n            id: true,\n            title: true,\n            slug: true,\n            excerpt: true,\n            content: true,\n            youtube_url: true,\n            status: true,\n            visibility: true,\n            is_featured: true,\n            is_pinned: true,\n            featured_order: true,\n            allow_comments: true,\n            language: true,\n            publish_version: true,\n            views_count: true,\n            likes_count: true,\n            shares_count: true,\n            reading_time: true,\n            seo_title: true,\n            seo_description: true,\n            meta_keywords: true,\n            canonical_url: true,\n            scheduled_publish_at: true,\n            published_at: true,\n            created_at: true,\n            updated_at: true,\n            deleted_at: true,\n            category: {\n              select: {\n                id: true,\n                name: true,\n                slug: true\n              }\n            },\n            author: {\n              select: {\n                id: true,\n                email: true,\n                role: {\n                  select: {\n                    name: true\n                  }\n                }\n              }\n            },\n            thumbnail: {\n              select: {\n                id: true,\n                file_path: true,\n                path_webp: true,\n                path_avif: true,\n                path_thumb: true\n              }\n            },\n            tags: {\n              include: {\n                tag: {\n                  select: {\n                    id: true,\n                    name: true,\n                    slug: true\n                  }\n                }\n              }\n            }\n          },\n          orderBy: {\n            created_at: \"desc\"\n          },\n          skip: 0,\n          take: 10\n        })\n\nUnknown argument `mode`. Did you mean `lte`? Available options are marked with ?.","timestamp":"2026-07-07T03:07:00.000+05:30"}
{"level":"error","message":"Prisma Error \nInvalid `prisma.news.count()` invocation in\nC:\\Users\\0501s\\Music\\smeh_new_desing\\backend\\src\\services\\newsService.js:234:17\n\n  231   skip,\n  232   take: Number(limit)\n  233 }),\n→ 234 prisma.news.count({\n        select: {\n          _count: {\n            select: {\n              _all: true\n            }\n          }\n        },\n        where: {\n          deleted_at: null,\n          status: \"published\",\n          category: {\n            OR: [\n              {\n                slug: \"Manav Rachna TV\"\n              },\n              {\n                name: {\n                  equals: \"Manav Rachna TV\",\n                  mode: \"insensitive\"\n                }\n              }\n            ]\n          }\n        }\n      })\n\nUnknown argument `mode`. Did you mean `lte`? Available options are marked with ?.","timestamp":"2026-07-07T03:07:00.000+05:30"}
{"level":"error","message":"Prisma Error \nInvalid `prisma.news.findMany()` invocation in\nC:\\Users\\0501s\\Music\\smeh_new_desing\\backend\\src\\services\\newsService.js:227:17\n\n  224 }\n  225 \n  226 const [items, total] = await Promise.all([\n→ 227   prisma.news.findMany({\n          where: {\n            deleted_at: null,\n            status: \"published\",\n            category: {\n              OR: [\n                {\n                  slug: \"Manav Rachna TV\"\n                },\n                {\n                  name: {\n                    equals: \"Manav Rachna TV\",\n                    mode: \"insensitive\"\n                  }\n                }\n              ]\n            }\n          },\n          select: {\n            id: true,\n            title: true,\n            slug: true,\n            excerpt: true,\n            content: true,\n            youtube_url: true,\n            status: true,\n            visibility: true,\n            is_featured: true,\n            is_pinned: true,\n            featured_order: true,\n            allow_comments: true,\n            language: true,\n            publish_version: true,\n            views_count: true,\n            likes_count: true,\n            shares_count: true,\n            reading_time: true,\n            seo_title: true,\n            seo_description: true,\n            meta_keywords: true,\n            canonical_url: true,\n            scheduled_publish_at: true,\n            published_at: true,\n            created_at: true,\n            updated_at: true,\n            deleted_at: true,\n            category: {\n              select: {\n                id: true,\n                name: true,\n                slug: true\n              }\n            },\n            author: {\n              select: {\n                id: true,\n                email: true,\n                role: {\n                  select: {\n                    name: true\n                  }\n                }\n              }\n            },\n            thumbnail: {\n              select: {\n                id: true,\n                file_path: true,\n                path_webp: true,\n                path_avif: true,\n                path_thumb: true\n              }\n            },\n            tags: {\n              include: {\n                tag: {\n                  select: {\n                    id: true,\n                    name: true,\n                    slug: true\n                  }\n                }\n              }\n            }\n          },\n          orderBy: {\n            created_at: \"desc\"\n          },\n          skip: 0,\n          take: 10\n        })\n\nUnknown argument `mode`. Did you mean `lte`? Available options are marked with ?.","timestamp":"2026-07-07T03:07:00.000+05:30"}
{"level":"error","message":"Prisma Error \nInvalid `prisma.news.count()` invocation in\nC:\\Users\\0501s\\Music\\smeh_new_desing\\backend\\src\\services\\newsService.js:234:17\n\n  231   skip,\n  232   take: Number(limit)\n  233 }),\n→ 234 prisma.news.count({\n        select: {\n          _count: {\n            select: {\n              _all: true\n            }\n          }\n        },\n        where: {\n          deleted_at: null,\n          status: \"published\",\n          category: {\n            OR: [\n              {\n                slug: \"Gallery\"\n              },\n              {\n                name: {\n                  equals: \"Gallery\",\n                  mode: \"insensitive\"\n                }\n              }\n            ]\n          }\n        }\n      })\n\nUnknown argument `mode`. Did you mean `lte`? Available options are marked with ?.","timestamp":"2026-07-07T03:07:00.000+05:30"}
{"level":"error","message":"Prisma Error \nInvalid `prisma.news.findMany()` invocation in\nC:\\Users\\0501s\\Music\\smeh_new_desing\\backend\\src\\services\\newsService.js:227:17\n\n  224 }\n  225 \n  226 const [items, total] = await Promise.all([\n→ 227   prisma.news.findMany({\n          where: {\n            deleted_at: null,\n            status: \"published\",\n            category: {\n              OR: [\n                {\n                  slug: \"Gallery\"\n                },\n                {\n                  name: {\n                    equals: \"Gallery\",\n                    mode: \"insensitive\"\n                  }\n                }\n              ]\n            }\n          },\n          select: {\n            id: true,\n            title: true,\n            slug: true,\n            excerpt: true,\n            content: true,\n            youtube_url: true,\n            status: true,\n            visibility: true,\n            is_featured: true,\n            is_pinned: true,\n            featured_order: true,\n            allow_comments: true,\n            language: true,\n            publish_version: true,\n            views_count: true,\n            likes_count: true,\n            shares_count: true,\n            reading_time: true,\n            seo_title: true,\n            seo_description: true,\n            meta_keywords: true,\n            canonical_url: true,\n            scheduled_publish_at: true,\n            published_at: true,\n            created_at: true,\n            updated_at: true,\n            deleted_at: true,\n            category: {\n              select: {\n                id: true,\n                name: true,\n                slug: true\n              }\n            },\n            author: {\n              select: {\n                id: true,\n                email: true,\n                role: {\n                  select: {\n                    name: true\n                  }\n                }\n              }\n            },\n            thumbnail: {\n              select: {\n                id: true,\n                file_path: true,\n                path_webp: true,\n                path_avif: true,\n                path_thumb: true\n              }\n            },\n            tags: {\n              include: {\n                tag: {\n                  select: {\n                    id: true,\n                    name: true,\n                    slug: true\n                  }\n                }\n              }\n            }\n          },\n          orderBy: {\n            created_at: \"desc\"\n          },\n          skip: 0,\n          take: 10\n        })\n\nUnknown argument `mode`. Did you mean `lte`? Available options are marked with ?.","timestamp":"2026-07-07T03:07:00.000+05:30"}
{"level":"error","message":"Prisma Error \nInvalid `prisma.news.count()` invocation in\nC:\\Users\\0501s\\Music\\smeh_new_desing\\backend\\src\\services\\newsService.js:234:17\n\n  231   skip,\n  232   take: Number(limit)\n  233 }),\n→ 234 prisma.news.count({\n        select: {\n          _count: {\n            select: {\n              _all: true\n            }\n          }\n        },\n        where: {\n          deleted_at: null,\n          status: \"published\",\n          category: {\n            OR: [\n              {\n                slug: \"Blog\"\n              },\n              {\n                name: {\n                  equals: \"Blog\",\n                  mode: \"insensitive\"\n                }\n              }\n            ]\n          }\n        }\n      })\n\nUnknown argument `mode`. Did you mean `lte`? Available options are marked with ?.","timestamp":"2026-07-07T03:07:00.000+05:30"}
{"level":"error","message":"Prisma Error \nInvalid `prisma.news.findMany()` invocation in\nC:\\Users\\0501s\\Music\\smeh_new_desing\\backend\\src\\services\\newsService.js:227:17\n\n  224 }\n  225 \n  226 const [items, total] = await Promise.all([\n→ 227   prisma.news.findMany({\n          where: {\n            deleted_at: null,\n            status: \"published\",\n            category: {\n              OR: [\n                {\n                  slug: \"Blog\"\n                },\n                {\n                  name: {\n                    equals: \"Blog\",\n                    mode: \"insensitive\"\n                  }\n                }\n              ]\n            }\n          },\n          select: {\n            id: true,\n            title: true,\n            slug: true,\n            excerpt: true,\n            content: true,\n            youtube_url: true,\n            status: true,\n            visibility: true,\n            is_featured: true,\n            is_pinned: true,\n            featured_order: true,\n            allow_comments: true,\n            language: true,\n            publish_version: true,\n            views_count: true,\n            likes_count: true,\n            shares_count: true,\n            reading_time: true,\n            seo_title: true,\n            seo_description: true,\n            meta_keywords: true,\n            canonical_url: true,\n            scheduled_publish_at: true,\n            published_at: true,\n            created_at: true,\n            updated_at: true,\n            deleted_at: true,\n            category: {\n              select: {\n                id: true,\n                name: true,\n                slug: true\n              }\n            },\n            author: {\n              select: {\n                id: true,\n                email: true,\n                role: {\n                  select: {\n                    name: true\n                  }\n                }\n              }\n            },\n            thumbnail: {\n              select: {\n                id: true,\n                file_path: true,\n                path_webp: true,\n                path_avif: true,\n                path_thumb: true\n              }\n            },\n            tags: {\n              include: {\n                tag: {\n                  select: {\n                    id: true,\n                    name: true,\n                    slug: true\n                  }\n                }\n              }\n            }\n          },\n          orderBy: {\n            created_at: \"desc\"\n          },\n          skip: 0,\n          take: 10\n        })\n\nUnknown argument `mode`. Did you mean `lte`? Available options are marked with ?.","timestamp":"2026-07-07T03:07:00.000+05:30"}
{"level":"error","message":"Prisma Error \nInvalid `prisma.news.count()` invocation in\nC:\\Users\\0501s\\Music\\smeh_new_desing\\backend\\src\\services\\newsService.js:234:17\n\n  231   skip,\n  232   take: Number(limit)\n  233 }),\n→ 234 prisma.news.count({\n        select: {\n          _count: {\n            select: {\n              _all: true\n            }\n          }\n        },\n        where: {\n          deleted_at: null,\n          status: \"published\",\n          category: {\n            OR: [\n              {\n                slug: \"Announcement\"\n              },\n              {\n                name: {\n                  equals: \"Announcement\",\n                  mode: \"insensitive\"\n                }\n              }\n            ]\n          }\n        }\n      })\n\nUnknown argument `mode`. Did you mean `lte`? Available options are marked with ?.","timestamp":"2026-07-07T03:07:00.000+05:30"}
{"level":"error","message":"Prisma Error \nInvalid `prisma.news.findMany()` invocation in\nC:\\Users\\0501s\\Music\\smeh_new_desing\\backend\\src\\services\\newsService.js:227:17\n\n  224 }\n  225 \n  226 const [items, total] = await Promise.all([\n→ 227   prisma.news.findMany({\n          where: {\n            deleted_at: null,\n            status: \"published\",\n            category: {\n              OR: [\n                {\n                  slug: \"Announcement\"\n                },\n                {\n                  name: {\n                    equals: \"Announcement\",\n                    mode: \"insensitive\"\n                  }\n                }\n              ]\n            }\n          },\n          select: {\n            id: true,\n            title: true,\n            slug: true,\n            excerpt: true,\n            content: true,\n            youtube_url: true,\n            status: true,\n            visibility: true,\n            is_featured: true,\n            is_pinned: true,\n            featured_order: true,\n            allow_comments: true,\n            language: true,\n            publish_version: true,\n            views_count: true,\n            likes_count: true,\n            shares_count: true,\n            reading_time: true,\n            seo_title: true,\n            seo_description: true,\n            meta_keywords: true,\n            canonical_url: true,\n            scheduled_publish_at: true,\n            published_at: true,\n            created_at: true,\n            updated_at: true,\n            deleted_at: true,\n            category: {\n              select: {\n                id: true,\n                name: true,\n                slug: true\n              }\n            },\n            author: {\n              select: {\n                id: true,\n                email: true,\n                role: {\n                  select: {\n                    name: true\n                  }\n                }\n              }\n            },\n            thumbnail: {\n              select: {\n                id: true,\n                file_path: true,\n                path_webp: true,\n                path_avif: true,\n                path_thumb: true\n              }\n            },\n            tags: {\n              include: {\n                tag: {\n                  select: {\n                    id: true,\n                    name: true,\n                    slug: true\n                  }\n                }\n              }\n            }\n          },\n          orderBy: {\n            created_at: \"desc\"\n          },\n          skip: 0,\n          take: 10\n        })\n\nUnknown argument `mode`. Did you mean `lte`? Available options are marked with ?.","timestamp":"2026-07-07T03:07:00.000+05:30"}
{"level":"error","message":"Prisma Error \nInvalid `prisma.news.count()` invocation in\nC:\\Users\\0501s\\Music\\smeh_new_desing\\backend\\src\\services\\newsService.js:234:17\n\n  231   skip,\n  232   take: Number(limit)\n  233 }),\n→ 234 prisma.news.count({\n        select: {\n          _count: {\n            select: {\n              _all: true\n            }\n          }\n        },\n        where: {\n          deleted_at: null,\n          status: \"published\",\n          category: {\n            OR: [\n              {\n                slug: \"Achievements\"\n              },\n              {\n                name: {\n                  equals: \"Achievements\",\n                  mode: \"insensitive\"\n                }\n              }\n            ]\n          }\n        }\n      })\n\nUnknown argument `mode`. Did you mean `lte`? Available options are marked with ?.","timestamp":"2026-07-07T03:07:00.000+05:30"}
{"level":"error","message":"Prisma Error \nInvalid `prisma.news.findMany()` invocation in\nC:\\Users\\0501s\\Music\\smeh_new_desing\\backend\\src\\services\\newsService.js:227:17\n\n  224 }\n  225 \n  226 const [items, total] = await Promise.all([\n→ 227   prisma.news.findMany({\n          where: {\n            deleted_at: null,\n            status: \"published\",\n            category: {\n              OR: [\n                {\n                  slug: \"Achievements\"\n                },\n                {\n                  name: {\n                    equals: \"Achievements\",\n                    mode: \"insensitive\"\n                  }\n                }\n              ]\n            }\n          },\n          select: {\n            id: true,\n            title: true,\n            slug: true,\n            excerpt: true,\n            content: true,\n            youtube_url: true,\n            status: true,\n            visibility: true,\n            is_featured: true,\n            is_pinned: true,\n            featured_order: true,\n            allow_comments: true,\n            language: true,\n            publish_version: true,\n            views_count: true,\n            likes_count: true,\n            shares_count: true,\n            reading_time: true,\n            seo_title: true,\n            seo_description: true,\n            meta_keywords: true,\n            canonical_url: true,\n            scheduled_publish_at: true,\n            published_at: true,\n            created_at: true,\n            updated_at: true,\n            deleted_at: true,\n            category: {\n              select: {\n                id: true,\n                name: true,\n                slug: true\n              }\n            },\n            author: {\n              select: {\n                id: true,\n                email: true,\n                role: {\n                  select: {\n                    name: true\n                  }\n                }\n              }\n            },\n            thumbnail: {\n              select: {\n                id: true,\n                file_path: true,\n                path_webp: true,\n                path_avif: true,\n                path_thumb: true\n              }\n            },\n            tags: {\n              include: {\n                tag: {\n                  select: {\n                    id: true,\n                    name: true,\n                    slug: true\n                  }\n                }\n              }\n            }\n          },\n          orderBy: {\n            created_at: \"desc\"\n          },\n          skip: 0,\n          take: 10\n        })\n\nUnknown argument `mode`. Did you mean `lte`? Available options are marked with ?.","timestamp":"2026-07-07T03:07:00.000+05:30"}
{"level":"info","message":"Redis connected","timestamp":"2026-07-07T03:08:25.2525+05:30"}
{"level":"info","message":"SQLite connected via Prisma","timestamp":"2026-07-07T03:08:25.2525+05:30"}
{"environment":"development","level":"info","message":"MRT API running","pid":15404,"port":8080,"timestamp":"2026-07-07T03:08:25.2525+05:30"}
{"level":"info","message":"Redis connected","timestamp":"2026-07-07T03:16:14.1414+05:30"}
{"level":"info","message":"SQLite connected via Prisma","timestamp":"2026-07-07T03:16:14.1414+05:30"}
{"environment":"development","level":"info","message":"MRT API running","pid":6996,"port":8080,"timestamp":"2026-07-07T03:16:14.1414+05:30"}
{"level":"info","mediaId":"b43af612-3731-48c8-987d-e2da79b8d5d0","message":"File upload saved","originalName":"PSC_SUBJECT.jpeg","timestamp":"2026-07-07T03:19:17.1717+05:30"}
{"key":"homepage:v1","level":"info","message":"Homepage cache invalidated","timestamp":"2026-07-07T03:19:17.1717+05:30"}
{"level":"error","message":"Prisma Error \nInvalid `prisma.auditLog.create()` invocation in\nC:\\Users\\0501s\\Music\\smeh_new_desing\\backend\\src\\services\\auditService.js:29:27\n\n  26   userAgent\n  27 }) {\n  28   try {\n→ 29     await prisma.auditLog.create({\n           data: {\n             user_id: \"87201f45-6cd9-4a4c-97a3-3b1210d1b087\",\n             action: \"news.created\",\n             target_table: \"news\",\n             target_id: \"0f5148e7-c2bd-4f99-8ca7-667994112a9f\",\n             old_value: undefined,\n             new_value: {\n               title: \"[0w9rfewunfrpr8ew\",\n               status: \"published\"\n             },\n             ~~~~~~~~~~~~~~~~~~~~~~~~~~~~\n             request_id: \"4dbe45b4-d6b8-4455-bcab-cc803a96ab7b\",\n             ip_address: \"::1\",\n             user_agent: \"Mozilla/5.0 (Windows NT 10.0; Win64; x64) AppleWebKit/537.36 (KHTML, like Gecko) Chrome/150.0.0.0 Safari/537.36\"\n           }\n         })\n\nArgument `new_value`: Invalid value provided. Expected String or Null, provided Object.","timestamp":"2026-07-07T03:19:17.1717+05:30"}
{"action":"news.created","error":"\nInvalid `prisma.auditLog.create()` invocation in\nC:\\Users\\0501s\\Music\\smeh_new_desing\\backend\\src\\services\\auditService.js:29:27\n\n  26   userAgent\n  27 }) {\n  28   try {\n→ 29     await prisma.auditLog.create({\n           data: {\n             user_id: \"87201f45-6cd9-4a4c-97a3-3b1210d1b087\",\n             action: \"news.created\",\n             target_table: \"news\",\n             target_id: \"0f5148e7-c2bd-4f99-8ca7-667994112a9f\",\n             old_value: undefined,\n             new_value: {\n               title: \"[0w9rfewunfrpr8ew\",\n               status: \"published\"\n             },\n             ~~~~~~~~~~~~~~~~~~~~~~~~~~~~\n             request_id: \"4dbe45b4-d6b8-4455-bcab-cc803a96ab7b\",\n             ip_address: \"::1\",\n             user_agent: \"Mozilla/5.0 (Windows NT 10.0; Win64; x64) AppleWebKit/537.36 (KHTML, like Gecko) Chrome/150.0.0.0 Safari/537.36\"\n           }\n         })\n\nArgument `new_value`: Invalid value provided. Expected String or Null, provided Object.","level":"error","message":"Failed to write audit log","timestamp":"2026-07-07T03:19:17.1717+05:30"}
{"level":"info","mediaId":"161d7c89-8f5f-485e-aeed-0c5bd28ac663","message":"File upload saved","originalName":"photo.JPG.jpeg","timestamp":"2026-07-07T03:25:44.4444+05:30"}
{"key":"homepage:v1","level":"info","message":"Homepage cache invalidated","timestamp":"2026-07-07T03:25:45.4545+05:30"}
{"level":"error","message":"Prisma Error \nInvalid `prisma.auditLog.create()` invocation in\nC:\\Users\\0501s\\Music\\smeh_new_desing\\backend\\src\\services\\auditService.js:29:27\n\n  26   userAgent\n  27 }) {\n  28   try {\n→ 29     await prisma.auditLog.create({\n           data: {\n             user_id: \"87201f45-6cd9-4a4c-97a3-3b1210d1b087\",\n             action: \"news.created\",\n             target_table: \"news\",\n             target_id: \"9e6dbd4e-bb9c-47b9-8666-8d8c8be94182\",\n             old_value: undefined,\n             new_value: {\n               title: \"we fichuro fgoerwu3333333333333\",\n               status: \"published\"\n             },\n             ~~~~~~~~~~~~~~~~~~~~~~~~~~~~~~~~~~~~~~~~~~\n             request_id: \"ada085f9-4445-4929-a482-aec2c6db7324\",\n             ip_address: \"::1\",\n             user_agent: \"Mozilla/5.0 (Windows NT 10.0; Win64; x64) AppleWebKit/537.36 (KHTML, like Gecko) Chrome/150.0.0.0 Safari/537.36\"\n           }\n         })\n\nArgument `new_value`: Invalid value provided. Expected String or Null, provided Object.","timestamp":"2026-07-07T03:25:45.4545+05:30"}
{"action":"news.created","error":"\nInvalid `prisma.auditLog.create()` invocation in\nC:\\Users\\0501s\\Music\\smeh_new_desing\\backend\\src\\services\\auditService.js:29:27\n\n  26   userAgent\n  27 }) {\n  28   try {\n→ 29     await prisma.auditLog.create({\n           data: {\n             user_id: \"87201f45-6cd9-4a4c-97a3-3b1210d1b087\",\n             action: \"news.created\",\n             target_table: \"news\",\n             target_id: \"9e6dbd4e-bb9c-47b9-8666-8d8c8be94182\",\n             old_value: undefined,\n             new_value: {\n               title: \"we fichuro fgoerwu3333333333333\",\n               status: \"published\"\n             },\n             ~~~~~~~~~~~~~~~~~~~~~~~~~~~~~~~~~~~~~~~~~~\n             request_id: \"ada085f9-4445-4929-a482-aec2c6db7324\",\n             ip_address: \"::1\",\n             user_agent: \"Mozilla/5.0 (Windows NT 10.0; Win64; x64) AppleWebKit/537.36 (KHTML, like Gecko) Chrome/150.0.0.0 Safari/537.36\"\n           }\n         })\n\nArgument `new_value`: Invalid value provided. Expected String or Null, provided Object.","level":"error","message":"Failed to write audit log","timestamp":"2026-07-07T03:25:45.4545+05:30"}
{"level":"info","message":"Redis connected","timestamp":"2026-07-07T03:34:05.055+05:30"}
{"level":"info","message":"SQLite connected via Prisma","timestamp":"2026-07-07T03:34:05.055+05:30"}
{"environment":"development","level":"info","message":"MRT API running","pid":8516,"port":8080,"timestamp":"2026-07-07T03:34:05.055+05:30"}
{"level":"info","message":"Redis connected","timestamp":"2026-07-07T03:34:22.2222+05:30"}
{"level":"info","message":"SQLite connected via Prisma","timestamp":"2026-07-07T03:34:22.2222+05:30"}
{"environment":"development","level":"info","message":"MRT API running","pid":18508,"port":8080,"timestamp":"2026-07-07T03:34:22.2222+05:30"}
{"level":"info","message":"Redis connected","timestamp":"2026-07-07T04:51:41.4141+05:30"}
{"level":"info","message":"SQLite connected via Prisma","timestamp":"2026-07-07T04:51:41.4141+05:30"}
{"environment":"development","level":"info","message":"MRT API running","pid":20384,"port":8080,"timestamp":"2026-07-07T04:51:41.4141+05:30"}
{"level":"info","message":"Redis connected","timestamp":"2026-07-07T04:52:02.022+05:30"}
{"level":"info","message":"SQLite connected via Prisma","timestamp":"2026-07-07T04:52:02.022+05:30"}
{"environment":"development","level":"info","message":"MRT API running","pid":8040,"port":8080,"timestamp":"2026-07-07T04:52:02.022+05:30"}
{"level":"info","message":"Redis connected","timestamp":"2026-07-07T04:52:19.1919+05:30"}
{"level":"info","message":"SQLite connected via Prisma","timestamp":"2026-07-07T04:52:19.1919+05:30"}
{"environment":"development","level":"info","message":"MRT API running","pid":4080,"port":8080,"timestamp":"2026-07-07T04:52:19.1919+05:30"}
{"level":"info","message":"Redis connected","timestamp":"2026-07-07T04:52:36.3636+05:30"}
{"level":"info","message":"SQLite connected via Prisma","timestamp":"2026-07-07T04:52:36.3636+05:30"}
{"environment":"development","level":"info","message":"MRT API running","pid":21392,"port":8080,"timestamp":"2026-07-07T04:52:36.3636+05:30"}
{"level":"info","message":"Redis connected","timestamp":"2026-07-07T04:53:02.022+05:30"}
{"level":"info","message":"SQLite connected via Prisma","timestamp":"2026-07-07T04:53:02.022+05:30"}
{"environment":"development","level":"info","message":"MRT API running","pid":20500,"port":8080,"timestamp":"2026-07-07T04:53:02.022+05:30"}
{"level":"info","message":"Redis connected","timestamp":"2026-07-07T05:28:13.1313+05:30"}
{"level":"info","message":"SQLite connected via Prisma","timestamp":"2026-07-07T05:28:13.1313+05:30"}
{"environment":"development","level":"info","message":"MRT API running","pid":22532,"port":8080,"timestamp":"2026-07-07T05:28:13.1313+05:30"}
{"level":"info","message":"Redis connected","timestamp":"2026-07-07T05:28:19.1919+05:30"}
{"level":"info","message":"SQLite connected via Prisma","timestamp":"2026-07-07T05:28:19.1919+05:30"}
{"environment":"development","level":"info","message":"MRT API running","pid":3740,"port":8080,"timestamp":"2026-07-07T05:28:19.1919+05:30"}
{"level":"info","message":"Redis connected","timestamp":"2026-07-07T05:28:33.3333+05:30"}
{"level":"info","message":"SQLite connected via Prisma","timestamp":"2026-07-07T05:28:33.3333+05:30"}
{"environment":"development","level":"info","message":"MRT API running","pid":22212,"port":8080,"timestamp":"2026-07-07T05:28:33.3333+05:30"}
{"level":"info","message":"Redis connected","timestamp":"2026-07-07T05:28:38.3838+05:30"}
{"level":"info","message":"SQLite connected via Prisma","timestamp":"2026-07-07T05:28:38.3838+05:30"}
{"environment":"development","level":"info","message":"MRT API running","pid":20076,"port":8080,"timestamp":"2026-07-07T05:28:38.3838+05:30"}
{"level":"info","message":"Redis connected","timestamp":"2026-07-07T05:29:08.088+05:30"}
{"level":"info","message":"SQLite connected via Prisma","timestamp":"2026-07-07T05:29:08.088+05:30"}
{"environment":"development","level":"info","message":"MRT API running","pid":22880,"port":8080,"timestamp":"2026-07-07T05:29:08.088+05:30"}
{"level":"error","message":"Prisma Error \nInvalid `prisma.auditLog.create()` invocation in\nC:\\Users\\0501s\\Music\\smeh_new_desing\\backend\\src\\services\\auditService.js:29:27\n\n  26   userAgent\n  27 }) {\n  28   try {\n→ 29     await prisma.auditLog.create({\n           data: {\n             user_id: \"87201f45-6cd9-4a4c-97a3-3b1210d1b087\",\n             action: \"settings.updated\",\n             target_table: \"system_settings\",\n             target_id: \"batch\",\n             old_value: undefined,\n             new_value: {\n               site_name: \"Manav Rachna work\",\n               site_tagline: \"Your campus news source\"\n             },\n             ~~~~~~~~~~~~~~~~~~~~~~~~~~~~~~~~~~~~~~~~~\n             request_id: \"a752231f-ea24-450b-894a-a3bc3a13c6a1\",\n             ip_address: \"::1\",\n             user_agent: \"Mozilla/5.0 (Windows NT 10.0; Win64; x64) AppleWebKit/537.36 (KHTML, like Gecko) Chrome/150.0.0.0 Safari/537.36\"\n           }\n         })\n\nArgument `new_value`: Invalid value provided. Expected String or Null, provided Object.","timestamp":"2026-07-07T05:31:35.3535+05:30"}
{"action":"settings.updated","error":"\nInvalid `prisma.auditLog.create()` invocation in\nC:\\Users\\0501s\\Music\\smeh_new_desing\\backend\\src\\services\\auditService.js:29:27\n\n  26   userAgent\n  27 }) {\n  28   try {\n→ 29     await prisma.auditLog.create({\n           data: {\n             user_id: \"87201f45-6cd9-4a4c-97a3-3b1210d1b087\",\n             action: \"settings.updated\",\n             target_table: \"system_settings\",\n             target_id: \"batch\",\n             old_value: undefined,\n             new_value: {\n               site_name: \"Manav Rachna work\",\n               site_tagline: \"Your campus news source\"\n             },\n             ~~~~~~~~~~~~~~~~~~~~~~~~~~~~~~~~~~~~~~~~~\n             request_id: \"a752231f-ea24-450b-894a-a3bc3a13c6a1\",\n             ip_address: \"::1\",\n             user_agent: \"Mozilla/5.0 (Windows NT 10.0; Win64; x64) AppleWebKit/537.36 (KHTML, like Gecko) Chrome/150.0.0.0 Safari/537.36\"\n           }\n         })\n\nArgument `new_value`: Invalid value provided. Expected String or Null, provided Object.","level":"error","message":"Failed to write audit log","timestamp":"2026-07-07T05:31:35.3535+05:30"}
{"level":"info","message":"Redis connected","timestamp":"2026-07-07T06:42:19.1919+05:30"}
{"level":"info","message":"SQLite connected via Prisma","timestamp":"2026-07-07T06:42:19.1919+05:30"}
{"environment":"development","level":"info","message":"MRT API running","pid":5164,"port":8080,"timestamp":"2026-07-07T06:42:19.1919+05:30"}
{"level":"error","message":"Prisma Error \nInvalid `prisma.auditLog.create()` invocation in\nC:\\Users\\0501s\\Music\\smeh_new_desing\\backend\\src\\services\\auditService.js:29:27\n\n  26   userAgent\n  27 }) {\n  28   try {\n→ 29     await prisma.auditLog.create({\n           data: {\n             user_id: \"87201f45-6cd9-4a4c-97a3-3b1210d1b087\",\n             action: \"settings.updated\",\n             target_table: \"system_settings\",\n             target_id: \"batch\",\n             old_value: undefined,\n             new_value: {\n               site_name: \"Manav Rachna work\",\n               site_tagline: \"Your campus news source\"\n             },\n             ~~~~~~~~~~~~~~~~~~~~~~~~~~~~~~~~~~~~~~~~~\n             request_id: \"1e1e9568-26fc-4097-8ca6-920762c71145\",\n             ip_address: \"::1\",\n             user_agent: \"Mozilla/5.0 (Windows NT 10.0; Win64; x64) AppleWebKit/537.36 (KHTML, like Gecko) Chrome/150.0.0.0 Safari/537.36\"\n           }\n         })\n\nArgument `new_value`: Invalid value provided. Expected String or Null, provided Object.","timestamp":"2026-07-07T06:44:03.033+05:30"}
{"action":"settings.updated","error":"\nInvalid `prisma.auditLog.create()` invocation in\nC:\\Users\\0501s\\Music\\smeh_new_desing\\backend\\src\\services\\auditService.js:29:27\n\n  26   userAgent\n  27 }) {\n  28   try {\n→ 29     await prisma.auditLog.create({\n           data: {\n             user_id: \"87201f45-6cd9-4a4c-97a3-3b1210d1b087\",\n             action: \"settings.updated\",\n             target_table: \"system_settings\",\n             target_id: \"batch\",\n             old_value: undefined,\n             new_value: {\n               site_name: \"Manav Rachna work\",\n               site_tagline: \"Your campus news source\"\n             },\n             ~~~~~~~~~~~~~~~~~~~~~~~~~~~~~~~~~~~~~~~~~\n             request_id: \"1e1e9568-26fc-4097-8ca6-920762c71145\",\n             ip_address: \"::1\",\n             user_agent: \"Mozilla/5.0 (Windows NT 10.0; Win64; x64) AppleWebKit/537.36 (KHTML, like Gecko) Chrome/150.0.0.0 Safari/537.36\"\n           }\n         })\n\nArgument `new_value`: Invalid value provided. Expected String or Null, provided Object.","level":"error","message":"Failed to write audit log","timestamp":"2026-07-07T06:44:03.033+05:30"}
{"level":"info","message":"Redis connected","timestamp":"2026-07-07T19:54:58.5858+05:30"}
{"level":"info","message":"SQLite connected via Prisma","timestamp":"2026-07-07T19:54:58.5858+05:30"}
{"environment":"development","level":"info","message":"MRT API running","pid":25436,"port":8080,"timestamp":"2026-07-07T19:54:58.5858+05:30"}
{"level":"info","message":"Redis connected","timestamp":"2026-07-07T19:55:11.1111+05:30"}
{"level":"info","message":"SQLite connected via Prisma","timestamp":"2026-07-07T19:55:11.1111+05:30"}
{"environment":"development","level":"info","message":"MRT API running","pid":19420,"port":8080,"timestamp":"2026-07-07T19:55:11.1111+05:30"}
{"level":"info","message":"Redis connected","timestamp":"2026-07-07T19:55:40.4040+05:30"}
{"level":"info","message":"SQLite connected via Prisma","timestamp":"2026-07-07T19:55:40.4040+05:30"}
{"environment":"development","level":"info","message":"MRT API running","pid":2204,"port":8080,"timestamp":"2026-07-07T19:55:40.4040+05:30"}
{"level":"info","message":"Redis connected","timestamp":"2026-07-07T19:56:06.066+05:30"}
{"level":"info","message":"SQLite connected via Prisma","timestamp":"2026-07-07T19:56:06.066+05:30"}
{"environment":"development","level":"info","message":"MRT API running","pid":14952,"port":8080,"timestamp":"2026-07-07T19:56:06.066+05:30"}
{"level":"info","message":"Media record 5c6276ce-b4c1-4fc0-ba84-ab3efc8361cd deleted","timestamp":"2026-07-07T20:00:11.1111+05:30"}
{"key":"homepage:v1","level":"info","message":"Homepage cache invalidated","timestamp":"2026-07-07T20:00:11.1111+05:30"}
{"level":"info","message":"Media record 8287258f-cc3a-40e0-9c59-4d9627a5bbc2 deleted","timestamp":"2026-07-07T20:00:13.1313+05:30"}
{"key":"homepage:v1","level":"info","message":"Homepage cache invalidated","timestamp":"2026-07-07T20:00:13.1313+05:30"}
{"level":"info","message":"Media record d4fcfef7-b818-4dd2-9f0d-4b27b34b6c41 deleted","timestamp":"2026-07-07T20:00:16.1616+05:30"}
{"key":"homepage:v1","level":"info","message":"Homepage cache invalidated","timestamp":"2026-07-07T20:00:16.1616+05:30"}
{"level":"info","message":"Media record b9186c50-8f09-4820-b62c-396d492ecf0d deleted","timestamp":"2026-07-07T20:00:19.1919+05:30"}
{"key":"homepage:v1","level":"info","message":"Homepage cache invalidated","timestamp":"2026-07-07T20:00:19.1919+05:30"}
{"level":"info","message":"Media record a029dbd6-1982-485d-83a7-b89a267755b8 deleted","timestamp":"2026-07-07T20:00:21.2121+05:30"}
{"key":"homepage:v1","level":"info","message":"Homepage cache invalidated","timestamp":"2026-07-07T20:00:21.2121+05:30"}
{"level":"info","message":"Media record e8e9de2f-1bf0-4ece-ba5b-e4ddb980133d deleted","timestamp":"2026-07-07T20:00:25.2525+05:30"}
{"key":"homepage:v1","level":"info","message":"Homepage cache invalidated","timestamp":"2026-07-07T20:00:25.2525+05:30"}
{"level":"info","message":"Media record 2a25cd8f-51bd-482a-ae6a-6be785d85ce7 deleted","timestamp":"2026-07-07T20:00:27.2727+05:30"}
{"key":"homepage:v1","level":"info","message":"Homepage cache invalidated","timestamp":"2026-07-07T20:00:27.2727+05:30"}
{"level":"info","message":"Media record 4467c426-2eab-4b4f-88c8-cb2abae68ae3 deleted","timestamp":"2026-07-07T20:00:29.2929+05:30"}
{"key":"homepage:v1","level":"info","message":"Homepage cache invalidated","timestamp":"2026-07-07T20:00:29.2929+05:30"}
{"level":"info","message":"Media record 13549ab7-aa53-4c7d-9412-62dcf8d16fb2 deleted","timestamp":"2026-07-07T20:00:32.3232+05:30"}
{"key":"homepage:v1","level":"info","message":"Homepage cache invalidated","timestamp":"2026-07-07T20:00:32.3232+05:30"}
{"level":"info","message":"Media record 04e04b21-9214-4656-b5e0-ee5cf269a8a2 deleted","timestamp":"2026-07-07T20:00:35.3535+05:30"}
{"key":"homepage:v1","level":"info","message":"Homepage cache invalidated","timestamp":"2026-07-07T20:00:35.3535+05:30"}
{"level":"info","message":"Media record f85e3957-a259-44b1-9433-8e9b53874819 deleted","timestamp":"2026-07-07T20:00:38.3838+05:30"}
{"key":"homepage:v1","level":"info","message":"Homepage cache invalidated","timestamp":"2026-07-07T20:00:38.3838+05:30"}
{"level":"info","message":"Media record e3a19afe-0ef7-4ba6-865c-ef2fc4995d23 deleted","timestamp":"2026-07-07T20:00:40.4040+05:30"}
{"key":"homepage:v1","level":"info","message":"Homepage cache invalidated","timestamp":"2026-07-07T20:00:40.4040+05:30"}
{"level":"info","message":"Media record 6fef7adf-9192-4e4a-99fb-8f693ddaf4a5 deleted","timestamp":"2026-07-07T20:00:43.4343+05:30"}
{"key":"homepage:v1","level":"info","message":"Homepage cache invalidated","timestamp":"2026-07-07T20:00:43.4343+05:30"}
{"level":"info","message":"Media record d399222a-bb84-498f-b7b0-7419380bc455 deleted","timestamp":"2026-07-07T20:00:45.4545+05:30"}
{"key":"homepage:v1","level":"info","message":"Homepage cache invalidated","timestamp":"2026-07-07T20:00:45.4545+05:30"}
{"level":"info","message":"Media record 4faa9736-472f-49a1-bf60-3b3271e7d7e6 deleted","timestamp":"2026-07-07T20:00:48.4848+05:30"}
{"key":"homepage:v1","level":"info","message":"Homepage cache invalidated","timestamp":"2026-07-07T20:00:48.4848+05:30"}
{"level":"info","message":"Media record e368e1fe-ee0d-4e2c-8d0f-f8e258f2973b deleted","timestamp":"2026-07-07T20:00:50.5050+05:30"}
{"key":"homepage:v1","level":"info","message":"Homepage cache invalidated","timestamp":"2026-07-07T20:00:50.5050+05:30"}
{"level":"info","message":"Media record 072a9a94-1be0-49c4-bc03-fb8fcc62b8d0 deleted","timestamp":"2026-07-07T20:00:52.5252+05:30"}
{"key":"homepage:v1","level":"info","message":"Homepage cache invalidated","timestamp":"2026-07-07T20:00:52.5252+05:30"}
{"level":"info","message":"Media record b5b93dcc-2468-49f5-8c03-2fb69c4c3628 deleted","timestamp":"2026-07-07T20:00:55.5555+05:30"}
{"key":"homepage:v1","level":"info","message":"Homepage cache invalidated","timestamp":"2026-07-07T20:00:55.5555+05:30"}
{"level":"info","message":"Media record f961a2f3-e703-4b4c-b1dd-360c2cbf2672 deleted","timestamp":"2026-07-07T20:00:58.5858+05:30"}
{"key":"homepage:v1","level":"info","message":"Homepage cache invalidated","timestamp":"2026-07-07T20:00:58.5858+05:30"}
{"level":"info","message":"Media record 89f8bd4f-0f4e-443a-a252-2bfba2d09d62 deleted","timestamp":"2026-07-07T20:01:03.033+05:30"}
{"key":"homepage:v1","level":"info","message":"Homepage cache invalidated","timestamp":"2026-07-07T20:01:03.033+05:30"}
{"level":"info","message":"Media record 2d8b5f87-758c-4765-98ae-d68f79c1ce02 deleted","timestamp":"2026-07-07T20:01:08.088+05:30"}
{"key":"homepage:v1","level":"info","message":"Homepage cache invalidated","timestamp":"2026-07-07T20:01:08.088+05:30"}
{"level":"info","message":"Media record 2dadd931-ca68-447f-b990-913d3313f31d deleted","timestamp":"2026-07-07T20:01:14.1414+05:30"}
{"key":"homepage:v1","level":"info","message":"Homepage cache invalidated","timestamp":"2026-07-07T20:01:14.1414+05:30"}
{"level":"info","message":"Media record ec55ddd6-bc98-43ae-a8ad-c249cb55b3fa deleted","timestamp":"2026-07-07T20:01:19.1919+05:30"}
{"key":"homepage:v1","level":"info","message":"Homepage cache invalidated","timestamp":"2026-07-07T20:01:19.1919+05:30"}
{"level":"info","message":"Media record 590b008d-5b3e-43ce-9653-f51e88da1f0d deleted","timestamp":"2026-07-07T20:01:21.2121+05:30"}
{"key":"homepage:v1","level":"info","message":"Homepage cache invalidated","timestamp":"2026-07-07T20:01:21.2121+05:30"}
{"level":"info","message":"Media record 7798d4e2-8df1-472f-bc53-d1cdfb28503a deleted","timestamp":"2026-07-07T20:01:22.2222+05:30"}
{"key":"homepage:v1","level":"info","message":"Homepage cache invalidated","timestamp":"2026-07-07T20:01:22.2222+05:30"}
{"level":"info","message":"Media record 35cd3689-d31b-46c2-b6b2-9eee96a8d74f deleted","timestamp":"2026-07-07T20:01:24.2424+05:30"}
{"key":"homepage:v1","level":"info","message":"Homepage cache invalidated","timestamp":"2026-07-07T20:01:24.2424+05:30"}
{"level":"info","message":"Media record a7fcda6f-b741-473d-bca9-26490c5a1ebc deleted","timestamp":"2026-07-07T20:01:26.2626+05:30"}
{"key":"homepage:v1","level":"info","message":"Homepage cache invalidated","timestamp":"2026-07-07T20:01:26.2626+05:30"}
{"level":"info","message":"Media record 59234a03-9679-44f8-a1f2-ea1f694dabe6 deleted","timestamp":"2026-07-07T20:01:28.2828+05:30"}
{"key":"homepage:v1","level":"info","message":"Homepage cache invalidated","timestamp":"2026-07-07T20:01:28.2828+05:30"}
{"level":"info","message":"Redis connected","timestamp":"2026-07-07T20:02:10.1010+05:30"}
{"level":"info","message":"SQLite connected via Prisma","timestamp":"2026-07-07T20:02:10.1010+05:30"}
{"environment":"development","level":"info","message":"MRT API running","pid":23076,"port":8080,"timestamp":"2026-07-07T20:02:10.1010+05:30"}
{"level":"info","message":"Redis connected","timestamp":"2026-07-07T20:02:40.4040+05:30"}
{"level":"info","message":"Media record cb806cca-a14a-48f2-a5f1-a7476d4d5b3d deleted","timestamp":"2026-07-07T20:02:40.4040+05:30"}
{"key":"homepage:v1","level":"info","message":"Homepage cache invalidated","timestamp":"2026-07-07T20:02:40.4040+05:30"}
{"level":"info","message":"Media record 475b77c1-084b-43e4-8ab6-f62a8bf882d8 deleted","timestamp":"2026-07-07T20:02:40.4040+05:30"}
{"key":"homepage:v1","level":"info","message":"Homepage cache invalidated","timestamp":"2026-07-07T20:02:40.4040+05:30"}
{"level":"info","message":"Media record 2200a1b6-7d65-475c-8b6e-28a0d0b361bd deleted","timestamp":"2026-07-07T20:02:40.4040+05:30"}
{"key":"homepage:v1","level":"info","message":"Homepage cache invalidated","timestamp":"2026-07-07T20:02:40.4040+05:30"}
{"level":"info","message":"Media record 91541626-a49c-4adc-bc63-23d5a78753db deleted","timestamp":"2026-07-07T20:02:40.4040+05:30"}
{"key":"homepage:v1","level":"info","message":"Homepage cache invalidated","timestamp":"2026-07-07T20:02:40.4040+05:30"}
{"level":"info","message":"Media record d1073ada-ab56-47ec-87d1-d5a2bf651a41 deleted","timestamp":"2026-07-07T20:02:40.4040+05:30"}
{"key":"homepage:v1","level":"info","message":"Homepage cache invalidated","timestamp":"2026-07-07T20:02:40.4040+05:30"}
{"level":"info","message":"Media record 825015c6-e62b-44b3-9149-6f169b8355f7 deleted","timestamp":"2026-07-07T20:02:40.4040+05:30"}
{"key":"homepage:v1","level":"info","message":"Homepage cache invalidated","timestamp":"2026-07-07T20:02:40.4040+05:30"}
{"level":"info","message":"Media record dbe3e3e4-0fe6-4c0a-a22c-ab8a440e77f1 deleted","timestamp":"2026-07-07T20:02:40.4040+05:30"}
{"key":"homepage:v1","level":"info","message":"Homepage cache invalidated","timestamp":"2026-07-07T20:02:40.4040+05:30"}
{"level":"info","message":"Media record 089fd116-5c6d-4da8-b61c-4eeeda9c4213 deleted","timestamp":"2026-07-07T20:02:40.4040+05:30"}
{"key":"homepage:v1","level":"info","message":"Homepage cache invalidated","timestamp":"2026-07-07T20:02:40.4040+05:30"}
{"level":"info","message":"Media record 6e4859b9-d0c2-4601-a7b2-dd0e9a14773d deleted","timestamp":"2026-07-07T20:02:40.4040+05:30"}
{"key":"homepage:v1","level":"info","message":"Homepage cache invalidated","timestamp":"2026-07-07T20:02:40.4040+05:30"}
{"level":"info","message":"Media record 1902084a-c7f6-4818-ab3b-61656a9c456d deleted","timestamp":"2026-07-07T20:02:40.4040+05:30"}
{"key":"homepage:v1","level":"info","message":"Homepage cache invalidated","timestamp":"2026-07-07T20:02:40.4040+05:30"}
{"level":"info","message":"Media record 129025e3-3684-4f03-910c-67f1a026b081 deleted","timestamp":"2026-07-07T20:02:40.4040+05:30"}
{"key":"homepage:v1","level":"info","message":"Homepage cache invalidated","timestamp":"2026-07-07T20:02:40.4040+05:30"}
{"level":"info","message":"Media record f9500c64-b7d8-4ffd-8d3f-4d88f0560bef deleted","timestamp":"2026-07-07T20:02:40.4040+05:30"}
{"key":"homepage:v1","level":"info","message":"Homepage cache invalidated","timestamp":"2026-07-07T20:02:40.4040+05:30"}
{"level":"info","message":"Media record 9f2a7cf6-b2b9-4025-9565-22e07537b10c deleted","timestamp":"2026-07-07T20:02:40.4040+05:30"}
{"key":"homepage:v1","level":"info","message":"Homepage cache invalidated","timestamp":"2026-07-07T20:02:40.4040+05:30"}
{"level":"info","message":"Media record 6fa8006f-440b-4a5d-8ef4-a2918351f235 deleted","timestamp":"2026-07-07T20:02:40.4040+05:30"}
{"key":"homepage:v1","level":"info","message":"Homepage cache invalidated","timestamp":"2026-07-07T20:02:40.4040+05:30"}
{"level":"info","message":"Media record 9d5fa18c-910a-42e2-8176-4162b6dcdda7 deleted","timestamp":"2026-07-07T20:02:40.4040+05:30"}
{"key":"homepage:v1","level":"info","message":"Homepage cache invalidated","timestamp":"2026-07-07T20:02:40.4040+05:30"}
{"level":"info","message":"Media record 21595af7-ecf9-4c04-9dae-54338cea55cb deleted","timestamp":"2026-07-07T20:02:40.4040+05:30"}
{"key":"homepage:v1","level":"info","message":"Homepage cache invalidated","timestamp":"2026-07-07T20:02:40.4040+05:30"}
{"level":"info","message":"Media record 22299b77-54bd-4a00-b819-603827aaee21 deleted","timestamp":"2026-07-07T20:02:40.4040+05:30"}
{"key":"homepage:v1","level":"info","message":"Homepage cache invalidated","timestamp":"2026-07-07T20:02:40.4040+05:30"}
{"level":"info","message":"Media record 180eb046-c56c-4cb6-a4ab-9a55cf5f856f deleted","timestamp":"2026-07-07T20:02:40.4040+05:30"}
{"key":"homepage:v1","level":"info","message":"Homepage cache invalidated","timestamp":"2026-07-07T20:02:40.4040+05:30"}
{"level":"info","message":"Media record 8a8b284c-5c6a-4190-ab78-c2936cea3ab8 deleted","timestamp":"2026-07-07T20:02:40.4040+05:30"}
{"key":"homepage:v1","level":"info","message":"Homepage cache invalidated","timestamp":"2026-07-07T20:02:40.4040+05:30"}
{"level":"info","message":"Media record 0377cfa0-fa68-41e1-b4ab-9a8943833aee deleted","timestamp":"2026-07-07T20:02:40.4040+05:30"}
{"key":"homepage:v1","level":"info","message":"Homepage cache invalidated","timestamp":"2026-07-07T20:02:40.4040+05:30"}
{"level":"info","message":"Media record ca7b89ed-6a3f-4c5f-bdac-f03c2d8196a4 deleted","timestamp":"2026-07-07T20:02:40.4040+05:30"}
{"key":"homepage:v1","level":"info","message":"Homepage cache invalidated","timestamp":"2026-07-07T20:02:40.4040+05:30"}
{"level":"info","message":"Media record bffdb49e-17cb-4797-9c91-e5853c8c9570 deleted","timestamp":"2026-07-07T20:02:40.4040+05:30"}
{"key":"homepage:v1","level":"info","message":"Homepage cache invalidated","timestamp":"2026-07-07T20:02:40.4040+05:30"}
{"level":"info","message":"Media record a6595686-e88a-42c1-8017-2d4c05872a79 deleted","timestamp":"2026-07-07T20:02:40.4040+05:30"}
{"key":"homepage:v1","level":"info","message":"Homepage cache invalidated","timestamp":"2026-07-07T20:02:40.4040+05:30"}
{"level":"info","message":"Media record a4fdc836-d5cf-4c9f-841f-bade210dea36 deleted","timestamp":"2026-07-07T20:02:40.4040+05:30"}
{"key":"homepage:v1","level":"info","message":"Homepage cache invalidated","timestamp":"2026-07-07T20:02:40.4040+05:30"}
{"level":"info","message":"Media record 208bdb90-7677-43d1-895b-ab0d5f2f1982 deleted","timestamp":"2026-07-07T20:02:40.4040+05:30"}
{"key":"homepage:v1","level":"info","message":"Homepage cache invalidated","timestamp":"2026-07-07T20:02:40.4040+05:30"}
{"level":"info","message":"Media record 1eeb6489-ccb5-4355-b334-71ca40ebcab8 deleted","timestamp":"2026-07-07T20:02:40.4040+05:30"}
{"key":"homepage:v1","level":"info","message":"Homepage cache invalidated","timestamp":"2026-07-07T20:02:40.4040+05:30"}
{"level":"info","message":"Media record 3e9705a7-126c-4bd5-bd76-06847c625383 deleted","timestamp":"2026-07-07T20:02:40.4040+05:30"}
{"key":"homepage:v1","level":"info","message":"Homepage cache invalidated","timestamp":"2026-07-07T20:02:40.4040+05:30"}
{"level":"info","message":"Media record aac343d2-d039-4716-8fad-e9bffee31f5a deleted","timestamp":"2026-07-07T20:02:40.4040+05:30"}
{"key":"homepage:v1","level":"info","message":"Homepage cache invalidated","timestamp":"2026-07-07T20:02:40.4040+05:30"}
{"level":"info","message":"Media record 1f62537f-c778-44e6-a05a-302072ed86d2 deleted","timestamp":"2026-07-07T20:02:40.4040+05:30"}
{"key":"homepage:v1","level":"info","message":"Homepage cache invalidated","timestamp":"2026-07-07T20:02:40.4040+05:30"}
{"level":"info","message":"Media record a1997935-8096-4e66-89f3-f3c43bed7740 deleted","timestamp":"2026-07-07T20:02:40.4040+05:30"}
{"key":"homepage:v1","level":"info","message":"Homepage cache invalidated","timestamp":"2026-07-07T20:02:40.4040+05:30"}
{"level":"info","message":"Media record e9cff4fd-86a1-4e18-958d-b97430d6743a deleted","timestamp":"2026-07-07T20:02:40.4040+05:30"}
{"key":"homepage:v1","level":"info","message":"Homepage cache invalidated","timestamp":"2026-07-07T20:02:40.4040+05:30"}
{"level":"info","message":"Media record 60a216d5-cd54-4e03-8eda-766309f6a11b deleted","timestamp":"2026-07-07T20:02:40.4040+05:30"}
{"key":"homepage:v1","level":"info","message":"Homepage cache invalidated","timestamp":"2026-07-07T20:02:40.4040+05:30"}
{"level":"info","message":"Media record 3b48e3f2-5e32-4008-8d61-cc184e9a98f9 deleted","timestamp":"2026-07-07T20:02:40.4040+05:30"}
{"key":"homepage:v1","level":"info","message":"Homepage cache invalidated","timestamp":"2026-07-07T20:02:40.4040+05:30"}
{"level":"info","message":"Media record 5b810bbf-aad3-4bf1-8a27-3e3ba0480507 deleted","timestamp":"2026-07-07T20:02:40.4040+05:30"}
{"key":"homepage:v1","level":"info","message":"Homepage cache invalidated","timestamp":"2026-07-07T20:02:40.4040+05:30"}
{"level":"info","message":"Media record d6036a6e-d789-4540-a863-348db37e6132 deleted","timestamp":"2026-07-07T20:02:40.4040+05:30"}
{"key":"homepage:v1","level":"info","message":"Homepage cache invalidated","timestamp":"2026-07-07T20:02:40.4040+05:30"}
{"level":"info","message":"Media record 8a5cac81-8a16-45d0-ab3a-7e8b3b883c84 deleted","timestamp":"2026-07-07T20:02:40.4040+05:30"}
{"key":"homepage:v1","level":"info","message":"Homepage cache invalidated","timestamp":"2026-07-07T20:02:40.4040+05:30"}
{"level":"info","message":"Media record d8a439c3-3ed7-4ab4-95f8-f131295e83ad deleted","timestamp":"2026-07-07T20:02:40.4040+05:30"}
{"key":"homepage:v1","level":"info","message":"Homepage cache invalidated","timestamp":"2026-07-07T20:02:40.4040+05:30"}
{"level":"info","message":"Media record a3ec61b4-542c-4ea7-a895-74cb1bbc3440 deleted","timestamp":"2026-07-07T20:02:40.4040+05:30"}
{"key":"homepage:v1","level":"info","message":"Homepage cache invalidated","timestamp":"2026-07-07T20:02:40.4040+05:30"}
{"level":"info","message":"Media record 2b557e1f-e7e9-4361-a783-c31eee70505c deleted","timestamp":"2026-07-07T20:02:40.4040+05:30"}
{"key":"homepage:v1","level":"info","message":"Homepage cache invalidated","timestamp":"2026-07-07T20:02:40.4040+05:30"}
{"level":"info","message":"Media record 15a8301e-0dd4-4765-9888-b8e1d8791878 deleted","timestamp":"2026-07-07T20:02:40.4040+05:30"}
{"key":"homepage:v1","level":"info","message":"Homepage cache invalidated","timestamp":"2026-07-07T20:02:40.4040+05:30"}
{"level":"info","message":"Media record ce64bfdd-32ba-470c-a472-55e0f52ab48e deleted","timestamp":"2026-07-07T20:02:40.4040+05:30"}
{"key":"homepage:v1","level":"info","message":"Homepage cache invalidated","timestamp":"2026-07-07T20:02:40.4040+05:30"}
{"level":"info","message":"Media record c40ab7a7-10f7-4378-a520-987874ba1f84 deleted","timestamp":"2026-07-07T20:02:41.4141+05:30"}
{"key":"homepage:v1","level":"info","message":"Homepage cache invalidated","timestamp":"2026-07-07T20:02:41.4141+05:30"}
{"level":"info","message":"Media record 0c72a9c3-02c7-4ecc-9262-24c8bde487b4 deleted","timestamp":"2026-07-07T20:02:41.4141+05:30"}
{"key":"homepage:v1","level":"info","message":"Homepage cache invalidated","timestamp":"2026-07-07T20:02:41.4141+05:30"}
{"level":"info","message":"Media record 651f2c55-e9db-4095-be49-b5b03a05c4fc deleted","timestamp":"2026-07-07T20:02:41.4141+05:30"}
{"key":"homepage:v1","level":"info","message":"Homepage cache invalidated","timestamp":"2026-07-07T20:02:41.4141+05:30"}
{"level":"info","message":"Media record eb863287-de50-4ccc-9d65-e082e6534180 deleted","timestamp":"2026-07-07T20:02:41.4141+05:30"}
{"key":"homepage:v1","level":"info","message":"Homepage cache invalidated","timestamp":"2026-07-07T20:02:41.4141+05:30"}
{"level":"info","message":"Media record 4622fb8e-c17f-4719-a994-8328f7de9436 deleted","timestamp":"2026-07-07T20:02:41.4141+05:30"}
{"key":"homepage:v1","level":"info","message":"Homepage cache invalidated","timestamp":"2026-07-07T20:02:41.4141+05:30"}
{"level":"info","message":"Media record 5203cfcb-b669-45e4-b4ae-ad63a608b9ac deleted","timestamp":"2026-07-07T20:02:41.4141+05:30"}
{"key":"homepage:v1","level":"info","message":"Homepage cache invalidated","timestamp":"2026-07-07T20:02:41.4141+05:30"}
{"level":"info","message":"Media record fec6e730-59f1-4269-b825-b82d45be3ecc deleted","timestamp":"2026-07-07T20:02:41.4141+05:30"}
{"key":"homepage:v1","level":"info","message":"Homepage cache invalidated","timestamp":"2026-07-07T20:02:41.4141+05:30"}
{"level":"info","message":"Media record 0872aeb3-1b58-44cc-a4e7-a52d0c3d8dbd deleted","timestamp":"2026-07-07T20:02:41.4141+05:30"}
{"key":"homepage:v1","level":"info","message":"Homepage cache invalidated","timestamp":"2026-07-07T20:02:41.4141+05:30"}
{"level":"info","message":"Media record 179df07f-99c4-4133-a15c-d5152848858c deleted","timestamp":"2026-07-07T20:02:41.4141+05:30"}
{"key":"homepage:v1","level":"info","message":"Homepage cache invalidated","timestamp":"2026-07-07T20:02:41.4141+05:30"}
{"level":"info","message":"Media record 2cb73105-965a-46a0-983e-cef4f4596d33 deleted","timestamp":"2026-07-07T20:02:41.4141+05:30"}
{"key":"homepage:v1","level":"info","message":"Homepage cache invalidated","timestamp":"2026-07-07T20:02:41.4141+05:30"}
{"level":"info","message":"Media record f1e03343-af56-49e3-9479-139db7572691 deleted","timestamp":"2026-07-07T20:02:41.4141+05:30"}
{"key":"homepage:v1","level":"info","message":"Homepage cache invalidated","timestamp":"2026-07-07T20:02:41.4141+05:30"}
{"level":"info","message":"Media record 7c1be13f-2641-4739-879c-4c751b000407 deleted","timestamp":"2026-07-07T20:02:41.4141+05:30"}
{"key":"homepage:v1","level":"info","message":"Homepage cache invalidated","timestamp":"2026-07-07T20:02:41.4141+05:30"}
{"level":"info","message":"Media record 4c864eeb-9fd3-405b-a3a5-0f48afc65946 deleted","timestamp":"2026-07-07T20:02:41.4141+05:30"}
{"key":"homepage:v1","level":"info","message":"Homepage cache invalidated","timestamp":"2026-07-07T20:02:41.4141+05:30"}
{"level":"info","message":"Media record 8dba1355-05fc-42a0-a7dc-c5aa99c990ed deleted","timestamp":"2026-07-07T20:02:41.4141+05:30"}
{"key":"homepage:v1","level":"info","message":"Homepage cache invalidated","timestamp":"2026-07-07T20:02:41.4141+05:30"}
{"level":"info","message":"Media record fd267f6a-4c71-4f69-b315-dc3f967aa621 deleted","timestamp":"2026-07-07T20:02:41.4141+05:30"}
{"key":"homepage:v1","level":"info","message":"Homepage cache invalidated","timestamp":"2026-07-07T20:02:41.4141+05:30"}
{"level":"info","message":"Media record 7f912357-3274-4ff0-9f3e-5e9382272fdb deleted","timestamp":"2026-07-07T20:02:41.4141+05:30"}
{"key":"homepage:v1","level":"info","message":"Homepage cache invalidated","timestamp":"2026-07-07T20:02:41.4141+05:30"}
{"level":"info","message":"Media record 41522dd5-88a8-4f8f-9fe6-65bbe36feacc deleted","timestamp":"2026-07-07T20:02:41.4141+05:30"}
{"key":"homepage:v1","level":"info","message":"Homepage cache invalidated","timestamp":"2026-07-07T20:02:41.4141+05:30"}
{"level":"info","message":"Media record 55931860-ab48-44a8-831a-d8abe4171a78 deleted","timestamp":"2026-07-07T20:02:41.4141+05:30"}
{"key":"homepage:v1","level":"info","message":"Homepage cache invalidated","timestamp":"2026-07-07T20:02:41.4141+05:30"}
{"level":"info","message":"Media record 81ba4e14-ff27-4897-a842-2d9e2f6293ff deleted","timestamp":"2026-07-07T20:02:41.4141+05:30"}
{"key":"homepage:v1","level":"info","message":"Homepage cache invalidated","timestamp":"2026-07-07T20:02:41.4141+05:30"}
{"level":"info","message":"Media record 89ad40f7-8e42-43f3-b120-9b4cef9715a7 deleted","timestamp":"2026-07-07T20:02:41.4141+05:30"}
{"key":"homepage:v1","level":"info","message":"Homepage cache invalidated","timestamp":"2026-07-07T20:02:41.4141+05:30"}
{"level":"info","message":"Media record 199b767c-11b4-44d0-bce1-7392e916af91 deleted","timestamp":"2026-07-07T20:02:41.4141+05:30"}
{"key":"homepage:v1","level":"info","message":"Homepage cache invalidated","timestamp":"2026-07-07T20:02:41.4141+05:30"}
{"level":"info","message":"Redis connected","timestamp":"2026-07-07T20:03:11.1111+05:30"}
{"level":"info","message":"SQLite connected via Prisma","timestamp":"2026-07-07T20:03:11.1111+05:30"}
{"environment":"development","level":"info","message":"MRT API running","pid":17636,"port":8080,"timestamp":"2026-07-07T20:03:11.1111+05:30"}
{"level":"info","mediaId":"ddb159ab-cda4-457a-9880-2fdd9a5a6c97","message":"File upload saved","originalName":"photo.JPG.jpeg","timestamp":"2026-07-07T20:04:22.2222+05:30"}
{"level":"info","mediaId":"53ee306a-7b03-4df2-a46b-6ba8ed4513dc","message":"File upload saved","originalName":"Cpp_Assignment_Answers.docx","timestamp":"2026-07-07T20:04:22.2222+05:30"}
{"key":"homepage:v1","level":"info","message":"Homepage cache invalidated","timestamp":"2026-07-07T20:04:22.2222+05:30"}
{"level":"error","message":"Prisma Error \nInvalid `prisma.auditLog.create()` invocation in\nC:\\Users\\0501s\\Music\\smeh_new_desing\\backend\\src\\services\\auditService.js:29:27\n\n  26   userAgent\n  27 }) {\n  28   try {\n→ 29     await prisma.auditLog.create({\n           data: {\n             user_id: \"87201f45-6cd9-4a4c-97a3-3b1210d1b087\",\n             action: \"news.created\",\n             target_table: \"news\",\n             target_id: \"4bf50871-e9c5-4083-8a94-28891783372e\",\n             old_value: undefined,\n             new_value: {\n               title: \"test\",\n               status: \"published\"\n             },\n             ~~~~~~~~~~~~~~~~~~~~~\n             request_id: \"6b367177-b8e4-4525-9360-2b5795335307\",\n             ip_address: \"::1\",\n             user_agent: \"Mozilla/5.0 (Windows NT 10.0; Win64; x64) AppleWebKit/537.36 (KHTML, like Gecko) Chrome/150.0.0.0 Safari/537.36\"\n           }\n         })\n\nArgument `new_value`: Invalid value provided. Expected String or Null, provided Object.","timestamp":"2026-07-07T20:04:22.2222+05:30"}
{"action":"news.created","error":"\nInvalid `prisma.auditLog.create()` invocation in\nC:\\Users\\0501s\\Music\\smeh_new_desing\\backend\\src\\services\\auditService.js:29:27\n\n  26   userAgent\n  27 }) {\n  28   try {\n→ 29     await prisma.auditLog.create({\n           data: {\n             user_id: \"87201f45-6cd9-4a4c-97a3-3b1210d1b087\",\n             action: \"news.created\",\n             target_table: \"news\",\n             target_id: \"4bf50871-e9c5-4083-8a94-28891783372e\",\n             old_value: undefined,\n             new_value: {\n               title: \"test\",\n               status: \"published\"\n             },\n             ~~~~~~~~~~~~~~~~~~~~~\n             request_id: \"6b367177-b8e4-4525-9360-2b5795335307\",\n             ip_address: \"::1\",\n             user_agent: \"Mozilla/5.0 (Windows NT 10.0; Win64; x64) AppleWebKit/537.36 (KHTML, like Gecko) Chrome/150.0.0.0 Safari/537.36\"\n           }\n         })\n\nArgument `new_value`: Invalid value provided. Expected String or Null, provided Object.","level":"error","message":"Failed to write audit log","timestamp":"2026-07-07T20:04:22.2222+05:30"}
{"level":"info","message":"Deleted file: C:\\Users\\0501s\\Music\\smeh_new_desing\\backend\\uploads\\news\\39ce37f8-cba5-4d69-950d-d3c81855103e.jpeg","timestamp":"2026-07-07T20:07:13.1313+05:30"}
{"level":"info","message":"Media record ddb159ab-cda4-457a-9880-2fdd9a5a6c97 deleted","timestamp":"2026-07-07T20:07:13.1313+05:30"}
{"level":"info","message":"Deleted file: C:\\Users\\0501s\\Music\\smeh_new_desing\\backend\\uploads\\news\\b07edbfe-4089-46ff-a60e-aa03992ee5aa.docx","timestamp":"2026-07-07T20:07:13.1313+05:30"}
{"level":"info","message":"Media record 53ee306a-7b03-4df2-a46b-6ba8ed4513dc deleted","timestamp":"2026-07-07T20:07:13.1313+05:30"}
{"key":"homepage:v1","level":"info","message":"Homepage cache invalidated","timestamp":"2026-07-07T20:07:13.1313+05:30"}
{"level":"info","message":"Redis connected","timestamp":"2026-07-07T20:10:17.1717+05:30"}
{"level":"info","message":"SQLite connected via Prisma","timestamp":"2026-07-07T20:10:17.1717+05:30"}
{"environment":"development","level":"info","message":"MRT API running","pid":9012,"port":8080,"timestamp":"2026-07-07T20:10:17.1717+05:30"}
{"level":"info","message":"Redis connected","timestamp":"2026-07-07T20:10:38.3838+05:30"}
{"level":"info","message":"SQLite connected via Prisma","timestamp":"2026-07-07T20:10:38.3838+05:30"}
{"environment":"development","level":"info","message":"MRT API running","pid":8976,"port":8080,"timestamp":"2026-07-07T20:10:38.3838+05:30"}
{"level":"info","mediaId":"8bc94126-1b4f-4c90-b72d-4f132613c470","message":"File upload saved","originalName":"mysubject.jpeg","timestamp":"2026-07-07T20:12:08.088+05:30"}
{"level":"info","mediaId":"941275a3-033e-4bd4-9e3e-810358e9c377","message":"File upload saved","originalName":"resume_saurav_kumar.pdf","timestamp":"2026-07-07T20:12:08.088+05:30"}
{"key":"homepage:v1","level":"info","message":"Homepage cache invalidated","timestamp":"2026-07-07T20:12:08.088+05:30"}
{"level":"error","message":"Prisma Error \nInvalid `prisma.auditLog.create()` invocation in\nC:\\Users\\0501s\\Music\\smeh_new_desing\\backend\\src\\services\\auditService.js:29:27\n\n  26   userAgent\n  27 }) {\n  28   try {\n→ 29     await prisma.auditLog.create({\n           data: {\n             user_id: \"87201f45-6cd9-4a4c-97a3-3b1210d1b087\",\n             action: \"news.created\",\n             target_table: \"news\",\n             target_id: \"e3664da2-76cd-49fa-be8d-b261b7aa96f7\",\n             old_value: undefined,\n             new_value: {\n               title: \"iuwaf ehiugewiugfvi ew\",\n               status: \"published\"\n             },\n             ~~~~~~~~~~~~~~~~~~~~~~~~~~~~~~~~~\n             request_id: \"b9cb3224-93a6-400f-8515-f860630a5feb\",\n             ip_address: \"::1\",\n             user_agent: \"Mozilla/5.0 (Windows NT 10.0; Win64; x64) AppleWebKit/537.36 (KHTML, like Gecko) Chrome/150.0.0.0 Safari/537.36\"\n           }\n         })\n\nArgument `new_value`: Invalid value provided. Expected String or Null, provided Object.","timestamp":"2026-07-07T20:12:08.088+05:30"}
{"action":"news.created","error":"\nInvalid `prisma.auditLog.create()` invocation in\nC:\\Users\\0501s\\Music\\smeh_new_desing\\backend\\src\\services\\auditService.js:29:27\n\n  26   userAgent\n  27 }) {\n  28   try {\n→ 29     await prisma.auditLog.create({\n           data: {\n             user_id: \"87201f45-6cd9-4a4c-97a3-3b1210d1b087\",\n             action: \"news.created\",\n             target_table: \"news\",\n             target_id: \"e3664da2-76cd-49fa-be8d-b261b7aa96f7\",\n             old_value: undefined,\n             new_value: {\n               title: \"iuwaf ehiugewiugfvi ew\",\n               status: \"published\"\n             },\n             ~~~~~~~~~~~~~~~~~~~~~~~~~~~~~~~~~\n             request_id: \"b9cb3224-93a6-400f-8515-f860630a5feb\",\n             ip_address: \"::1\",\n             user_agent: \"Mozilla/5.0 (Windows NT 10.0; Win64; x64) AppleWebKit/537.36 (KHTML, like Gecko) Chrome/150.0.0.0 Safari/537.36\"\n           }\n         })\n\nArgument `new_value`: Invalid value provided. Expected String or Null, provided Object.","level":"error","message":"Failed to write audit log","timestamp":"2026-07-07T20:12:08.088+05:30"}
{"level":"info","message":"Deleted file: C:\\Users\\0501s\\Music\\smeh_new_desing\\backend\\uploads\\news\\f8cdf1e4-fe0e-4758-8535-9936217ee839.jpeg","timestamp":"2026-07-07T20:12:46.4646+05:30"}
{"level":"info","message":"Media record 8bc94126-1b4f-4c90-b72d-4f132613c470 deleted","timestamp":"2026-07-07T20:12:46.4646+05:30"}
{"level":"info","message":"Deleted file: C:\\Users\\0501s\\Music\\smeh_new_desing\\backend\\uploads\\documents\\2ff7eba0-0e7f-4713-84df-9ec0c8baa00d.pdf","timestamp":"2026-07-07T20:12:46.4646+05:30"}
{"level":"info","message":"Media record 941275a3-033e-4bd4-9e3e-810358e9c377 deleted","timestamp":"2026-07-07T20:12:46.4646+05:30"}
{"key":"homepage:v1","level":"info","message":"Homepage cache invalidated","timestamp":"2026-07-07T20:12:46.4646+05:30"}
{"level":"info","message":"Redis connected","timestamp":"2026-07-07T20:32:37.3737+05:30"}
{"level":"info","message":"SQLite connected via Prisma","timestamp":"2026-07-07T20:32:37.3737+05:30"}
{"environment":"development","level":"info","message":"MRT API running","pid":27000,"port":8080,"timestamp":"2026-07-07T20:32:37.3737+05:30"}
{"level":"error","message":"Redis error","timestamp":"2026-08-11T22:37:45.4545+05:30"}
{"level":"error","message":"Redis error","timestamp":"2026-08-11T22:37:45.4545+05:30"}
{"level":"info","message":"SQLite connected via Prisma","timestamp":"2026-08-11T22:37:45.4545+05:30"}
{"level":"error","message":"Redis error","timestamp":"2026-08-11T22:39:48.4848+05:30"}
{"level":"info","message":"SQLite connected via Prisma","timestamp":"2026-08-11T22:39:48.4848+05:30"}
{"environment":"development","level":"info","message":"MRT API running","pid":37745,"port":8081,"timestamp":"2026-08-11T22:39:48.4848+05:30"}
{"level":"error","message":"Redis error","timestamp":"2026-08-11T22:39:48.4848+05:30"}
{"level":"error","message":"Redis error","timestamp":"2026-08-11T22:39:48.4848+05:30"}
{"level":"error","message":"Redis error","timestamp":"2026-08-11T22:39:49.4949+05:30"}
{"level":"error","message":"Redis error","timestamp":"2026-08-11T22:39:49.4949+05:30"}
{"level":"error","message":"Redis error","timestamp":"2026-08-11T22:39:49.4949+05:30"}
{"level":"error","message":"Redis error","timestamp":"2026-08-11T22:39:49.4949+05:30"}
{"level":"error","message":"Redis error","timestamp":"2026-08-11T22:39:50.5050+05:30"}
{"level":"error","message":"Redis error","timestamp":"2026-08-11T22:39:50.5050+05:30"}
{"level":"error","message":"Redis error","timestamp":"2026-08-11T22:39:51.5151+05:30"}
{"level":"error","message":"Redis error","timestamp":"2026-08-11T22:39:51.5151+05:30"}
{"level":"error","message":"Redis error","timestamp":"2026-08-11T22:39:52.5252+05:30"}
{"level":"error","message":"Redis error","timestamp":"2026-08-11T22:39:52.5252+05:30"}
{"level":"error","message":"Redis error","timestamp":"2026-08-11T22:39:53.5353+05:30"}
{"level":"error","message":"Redis error","timestamp":"2026-08-11T22:39:54.5454+05:30"}
{"level":"error","message":"Redis error","timestamp":"2026-08-11T22:39:54.5454+05:30"}
{"level":"error","message":"Redis error","timestamp":"2026-08-11T22:39:55.5555+05:30"}
{"level":"error","message":"Redis error","timestamp":"2026-08-11T22:39:56.5656+05:30"}
{"level":"error","message":"Redis error","timestamp":"2026-08-11T22:39:57.5757+05:30"}
{"level":"error","message":"Redis error","timestamp":"2026-08-11T22:39:58.5858+05:30"}
{"level":"error","message":"Redis error","timestamp":"2026-08-11T22:39:59.5959+05:30"}
{"level":"error","message":"Redis error","timestamp":"2026-08-11T22:40:00.000+05:30"}
{"level":"error","message":"Redis error","timestamp":"2026-08-11T22:40:01.011+05:30"}
{"level":"error","message":"Redis error","timestamp":"2026-08-11T22:40:02.022+05:30"}
{"level":"error","message":"Redis error","timestamp":"2026-08-11T22:40:03.033+05:30"}
{"level":"error","message":"Redis error","timestamp":"2026-08-11T22:40:05.055+05:30"}
{"level":"error","message":"Redis error","timestamp":"2026-08-11T22:40:06.066+05:30"}
{"level":"error","message":"Redis error","timestamp":"2026-08-11T22:40:07.077+05:30"}
{"level":"error","message":"Redis error","timestamp":"2026-08-11T22:40:09.099+05:30"}
{"level":"error","message":"Redis error","timestamp":"2026-08-11T22:40:10.1010+05:30"}
{"level":"error","message":"Redis error","timestamp":"2026-08-11T22:40:12.1212+05:30"}
{"level":"error","message":"Redis error","timestamp":"2026-08-11T22:40:13.1313+05:30"}
{"level":"error","message":"Redis error","timestamp":"2026-08-11T22:40:15.1515+05:30"}
{"level":"error","message":"Redis error","timestamp":"2026-08-11T22:40:17.1717+05:30"}
{"level":"error","message":"Redis error","timestamp":"2026-08-11T22:40:18.1818+05:30"}
{"level":"error","message":"Redis error","timestamp":"2026-08-11T22:40:20.2020+05:30"}
{"level":"error","message":"Redis error","timestamp":"2026-08-11T22:40:22.2222+05:30"}
{"level":"error","message":"Redis error","timestamp":"2026-08-11T22:40:24.2424+05:30"}
{"level":"error","message":"Redis error","timestamp":"2026-08-11T22:40:26.2626+05:30"}
{"level":"error","message":"Redis error","timestamp":"2026-08-11T22:40:28.2828+05:30"}
{"level":"error","message":"Redis error","timestamp":"2026-08-11T22:40:30.3030+05:30"}
{"level":"error","message":"Redis error","timestamp":"2026-08-11T22:40:32.3232+05:30"}
{"level":"error","message":"Redis error","timestamp":"2026-08-11T22:40:34.3434+05:30"}
{"level":"info","message":"Redis connected","timestamp":"2026-08-11T22:40:36.3636+05:30"}
{"level":"info","message":"Redis connected","timestamp":"2026-08-11T22:40:43.4343+05:30"}
{"level":"info","message":"SQLite connected via Prisma","timestamp":"2026-08-11T22:40:43.4343+05:30"}
{"environment":"development","level":"info","message":"MRT API running","pid":38200,"port":8081,"timestamp":"2026-08-11T22:40:43.4343+05:30"}
{"level":"error","message":"Prisma Error \nInvalid `prisma.news.findMany()` invocation in\n/home/astro/Documents/code/smeh_new_desing/backend/src/services/newsService.js:231:17\n\n  228 }\n  229 \n  230 const [items, total] = await Promise.all([\n→ 231   prisma.news.findMany(\nThe table `main.news` does not exist in the current database.","timestamp":"2026-08-11T22:41:01.011+05:30"}
{"level":"error","message":"Prisma Error \nInvalid `prisma.news.count()` invocation in\n/home/astro/Documents/code/smeh_new_desing/backend/src/services/newsService.js:238:17\n\n  235   skip,\n  236   take: Number(limit)\n  237 }),\n→ 238 prisma.news.count(\nThe table `main.news` does not exist in the current database.","timestamp":"2026-08-11T22:41:01.011+05:30"}
{"level":"info","message":"Redis connected","timestamp":"2026-08-11T22:59:10.1010+05:30"}
{"level":"info","message":"SQLite connected via Prisma","timestamp":"2026-08-11T22:59:11.1111+05:30"}
{"environment":"development","level":"info","message":"MRT API running","pid":46877,"port":8081,"timestamp":"2026-08-11T22:59:11.1111+05:30"}
{"level":"info","message":"Redis connected","timestamp":"2026-08-11T22:59:25.2525+05:30"}
{"level":"info","message":"SQLite connected via Prisma","timestamp":"2026-08-11T22:59:25.2525+05:30"}
{"environment":"development","level":"info","message":"MRT API running","pid":46920,"port":8081,"timestamp":"2026-08-11T22:59:25.2525+05:30"}
{"level":"info","message":"Redis connected","timestamp":"2026-08-11T23:04:07.077+05:30"}
{"level":"info","message":"SQLite connected via Prisma","timestamp":"2026-08-11T23:04:07.077+05:30"}
{"environment":"development","level":"info","message":"MRT API running","pid":48899,"port":8081,"timestamp":"2026-08-11T23:04:07.077+05:30"}
{"level":"info","message":"Redis connected","timestamp":"2026-08-11T23:04:14.1414+05:30"}
{"level":"info","message":"SQLite connected via Prisma","timestamp":"2026-08-11T23:04:14.1414+05:30"}
{"environment":"development","level":"info","message":"MRT API running","pid":48957,"port":8081,"timestamp":"2026-08-11T23:04:14.1414+05:30"}
{"level":"info","message":"Redis connected","timestamp":"2026-08-11T23:04:24.2424+05:30"}
{"level":"info","message":"SQLite connected via Prisma","timestamp":"2026-08-11T23:04:24.2424+05:30"}
{"environment":"development","level":"info","message":"MRT API running","pid":49023,"port":8081,"timestamp":"2026-08-11T23:04:24.2424+05:30"}
{"level":"info","message":"Redis connected","timestamp":"2026-08-11T23:04:37.3737+05:30"}
{"level":"info","message":"SQLite connected via Prisma","timestamp":"2026-08-11T23:04:37.3737+05:30"}
{"environment":"development","level":"info","message":"MRT API running","pid":49194,"port":8081,"timestamp":"2026-08-11T23:04:37.3737+05:30"}
{"level":"info","message":"Redis connected","timestamp":"2026-08-11T23:04:45.4545+05:30"}
{"level":"info","message":"SQLite connected via Prisma","timestamp":"2026-08-11T23:04:45.4545+05:30"}
{"environment":"development","level":"info","message":"MRT API running","pid":49250,"port":8081,"timestamp":"2026-08-11T23:04:45.4545+05:30"}
{"level":"info","message":"Redis connected","timestamp":"2026-08-11T23:04:52.5252+05:30"}
{"level":"info","message":"SQLite connected via Prisma","timestamp":"2026-08-11T23:04:52.5252+05:30"}
{"environment":"development","level":"info","message":"MRT API running","pid":49420,"port":8081,"timestamp":"2026-08-11T23:04:52.5252+05:30"}
{"level":"info","message":"Redis connected","timestamp":"2026-08-11T23:13:20.2020+05:30"}
{"level":"info","message":"SQLite connected via Prisma","timestamp":"2026-08-11T23:13:20.2020+05:30"}
{"environment":"development","level":"info","message":"MRT API running","pid":52765,"port":8081,"timestamp":"2026-08-11T23:13:20.2020+05:30"}
{"level":"info","message":"Redis connected","timestamp":"2026-08-11T23:15:24.2424+05:30"}
{"level":"info","message":"SQLite connected via Prisma","timestamp":"2026-08-11T23:15:25.2525+05:30"}
{"environment":"development","level":"info","message":"MRT API running","pid":53679,"port":8081,"timestamp":"2026-08-11T23:15:25.2525+05:30"}
{"level":"info","message":"Redis connected","timestamp":"2026-08-11T23:21:01.011+05:30"}
{"level":"info","message":"SQLite connected via Prisma","timestamp":"2026-08-11T23:21:01.011+05:30"}
{"environment":"development","level":"info","message":"MRT API running","pid":57381,"port":8081,"timestamp":"2026-08-11T23:21:01.011+05:30"}
{"level":"info","message":"Redis connected","timestamp":"2026-08-11T23:24:16.1616+05:30"}
{"level":"info","message":"SQLite connected via Prisma","timestamp":"2026-08-11T23:24:16.1616+05:30"}
{"environment":"development","level":"info","message":"MRT API running","pid":61150,"port":8081,"timestamp":"2026-08-11T23:24:16.1616+05:30"}
{"level":"error","message":"Redis error","timestamp":"2026-08-11T23:28:49.4949+05:30"}
{"level":"info","message":"SQLite connected via Prisma","timestamp":"2026-08-11T23:28:49.4949+05:30"}
{"environment":"development","level":"info","message":"MRT API running","pid":8981,"port":8081,"timestamp":"2026-08-11T23:28:49.4949+05:30"}
{"level":"error","message":"Redis error","timestamp":"2026-08-11T23:28:49.4949+05:30"}
{"level":"error","message":"Redis error","timestamp":"2026-08-11T23:28:49.4949+05:30"}
{"level":"error","message":"Redis error","timestamp":"2026-08-11T23:28:50.5050+05:30"}
{"level":"error","message":"Redis error","timestamp":"2026-08-11T23:28:50.5050+05:30"}
{"level":"error","message":"Redis error","timestamp":"2026-08-11T23:28:50.5050+05:30"}
{"level":"error","message":"Redis error","timestamp":"2026-08-11T23:28:50.5050+05:30"}
{"level":"error","message":"Redis error","timestamp":"2026-08-11T23:28:51.5151+05:30"}
{"level":"error","message":"Redis error","timestamp":"2026-08-11T23:28:51.5151+05:30"}
{"level":"error","message":"Redis error","timestamp":"2026-08-11T23:28:52.5252+05:30"}
{"level":"error","message":"Redis error","timestamp":"2026-08-11T23:28:52.5252+05:30"}
{"level":"error","message":"Redis error","timestamp":"2026-08-11T23:28:53.5353+05:30"}
{"level":"error","message":"Redis error","timestamp":"2026-08-11T23:28:53.5353+05:30"}
{"level":"error","message":"Redis error","timestamp":"2026-08-11T23:28:54.5454+05:30"}
{"level":"error","message":"Redis error","timestamp":"2026-08-11T23:28:55.5555+05:30"}
{"level":"error","message":"Redis error","timestamp":"2026-08-11T23:28:55.5555+05:30"}
{"level":"error","message":"Redis error","timestamp":"2026-08-11T23:28:56.5656+05:30"}
{"level":"error","message":"Redis error","timestamp":"2026-08-11T23:28:57.5757+05:30"}
{"level":"error","message":"Redis error","timestamp":"2026-08-11T23:28:58.5858+05:30"}
{"level":"error","message":"Redis error","timestamp":"2026-08-11T23:28:59.5959+05:30"}
{"level":"error","message":"Redis error","timestamp":"2026-08-11T23:29:00.000+05:30"}
{"level":"error","message":"Redis error","timestamp":"2026-08-11T23:29:01.011+05:30"}
{"level":"error","message":"Redis error","timestamp":"2026-08-11T23:29:02.022+05:30"}
{"level":"error","message":"Redis error","timestamp":"2026-08-11T23:29:03.033+05:30"}
{"level":"error","message":"Redis error","timestamp":"2026-08-11T23:29:04.044+05:30"}
{"level":"error","message":"Redis error","timestamp":"2026-08-11T23:29:06.066+05:30"}
{"level":"error","message":"Redis error","timestamp":"2026-08-11T23:29:07.077+05:30"}
{"level":"error","message":"Redis error","timestamp":"2026-08-11T23:29:08.088+05:30"}
{"level":"error","message":"Redis error","timestamp":"2026-08-11T23:29:10.1010+05:30"}
{"level":"error","message":"Redis error","timestamp":"2026-08-11T23:29:11.1111+05:30"}
{"level":"error","message":"Redis error","timestamp":"2026-08-11T23:29:13.1313+05:30"}
{"level":"error","message":"Redis error","timestamp":"2026-08-11T23:29:14.1414+05:30"}
{"level":"error","message":"Redis error","timestamp":"2026-08-11T23:29:16.1616+05:30"}
{"level":"error","message":"Redis error","timestamp":"2026-08-11T23:29:17.1717+05:30"}
{"level":"error","message":"Redis error","timestamp":"2026-08-11T23:29:19.1919+05:30"}
{"level":"error","message":"Redis error","timestamp":"2026-08-11T23:29:21.2121+05:30"}
{"level":"error","message":"Redis error","timestamp":"2026-08-11T23:29:23.2323+05:30"}
{"level":"error","message":"Redis error","timestamp":"2026-08-11T23:29:25.2525+05:30"}
{"level":"error","message":"Redis error","timestamp":"2026-08-11T23:29:27.2727+05:30"}
{"level":"error","message":"Redis error","timestamp":"2026-08-11T23:29:28.2828+05:30"}
{"level":"error","message":"Redis error","timestamp":"2026-08-11T23:29:30.3030+05:30"}
{"level":"error","message":"Redis error","timestamp":"2026-08-11T23:29:32.3232+05:30"}
{"level":"error","message":"Redis error","timestamp":"2026-08-11T23:29:34.3434+05:30"}
{"level":"error","message":"Redis error","timestamp":"2026-08-11T23:29:36.3636+05:30"}
{"level":"error","message":"Redis error","timestamp":"2026-08-11T23:29:38.3838+05:30"}
{"level":"error","message":"Redis error","timestamp":"2026-08-11T23:29:40.4040+05:30"}
{"level":"error","message":"Redis error","timestamp":"2026-08-11T23:29:42.4242+05:30"}
{"level":"error","message":"Redis error","timestamp":"2026-08-11T23:29:44.4444+05:30"}
{"level":"error","message":"Redis error","timestamp":"2026-08-11T23:29:46.4646+05:30"}
{"level":"error","message":"Redis error","timestamp":"2026-08-11T23:29:48.4848+05:30"}
{"level":"error","message":"Redis error","timestamp":"2026-08-11T23:29:51.5151+05:30"}
{"level":"error","message":"Redis error","timestamp":"2026-08-11T23:29:53.5353+05:30"}
{"level":"error","message":"Redis error","timestamp":"2026-08-11T23:29:55.5555+05:30"}
{"level":"error","message":"Redis error","timestamp":"2026-08-11T23:29:57.5757+05:30"}
{"level":"error","message":"Redis error","timestamp":"2026-08-11T23:29:59.5959+05:30"}
{"level":"error","message":"Redis error","timestamp":"2026-08-11T23:30:01.011+05:30"}
{"level":"error","message":"Redis error","timestamp":"2026-08-11T23:30:03.033+05:30"}
{"level":"error","message":"Redis error","timestamp":"2026-08-11T23:30:05.055+05:30"}
{"level":"error","message":"Redis error","timestamp":"2026-08-11T23:30:07.077+05:30"}
{"level":"error","message":"Redis error","timestamp":"2026-08-11T23:30:09.099+05:30"}
{"level":"error","message":"Redis error","timestamp":"2026-08-11T23:30:11.1111+05:30"}
{"level":"error","message":"Redis error","timestamp":"2026-08-11T23:30:13.1313+05:30"}
{"level":"error","message":"Redis error","timestamp":"2026-08-11T23:30:15.1515+05:30"}
{"level":"error","message":"Redis error","timestamp":"2026-08-11T23:30:17.1717+05:30"}
{"level":"error","message":"Redis error","timestamp":"2026-08-11T23:30:19.1919+05:30"}
{"level":"error","message":"Redis error","timestamp":"2026-08-11T23:30:21.2121+05:30"}
{"level":"error","message":"Redis error","timestamp":"2026-08-11T23:30:23.2323+05:30"}
{"level":"error","message":"Redis error","timestamp":"2026-08-11T23:30:25.2525+05:30"}
{"level":"error","message":"Redis error","timestamp":"2026-08-11T23:30:27.2727+05:30"}
{"level":"error","message":"Redis error","timestamp":"2026-08-11T23:30:29.2929+05:30"}
{"level":"error","message":"Redis error","timestamp":"2026-08-11T23:30:31.3131+05:30"}
{"level":"error","message":"Redis error","timestamp":"2026-08-11T23:30:33.3333+05:30"}
{"level":"error","message":"Redis error","timestamp":"2026-08-11T23:30:35.3535+05:30"}
{"level":"error","message":"Redis error","timestamp":"2026-08-11T23:30:37.3737+05:30"}
{"level":"error","message":"Redis error","timestamp":"2026-08-11T23:30:39.3939+05:30"}
{"level":"error","message":"Redis error","timestamp":"2026-08-11T23:30:41.4141+05:30"}
{"level":"error","message":"Redis error","timestamp":"2026-08-11T23:30:43.4343+05:30"}
{"level":"error","message":"Redis error","timestamp":"2026-08-11T23:30:45.4545+05:30"}
{"level":"error","message":"Redis error","timestamp":"2026-08-11T23:30:47.4747+05:30"}
{"level":"error","message":"Redis error","timestamp":"2026-08-11T23:30:49.4949+05:30"}
{"level":"error","message":"Redis error","timestamp":"2026-08-12T00:16:08.088+05:30"}
{"level":"error","message":"Redis error","timestamp":"2026-08-12T00:16:08.088+05:30"}
{"level":"info","message":"SQLite connected via Prisma","timestamp":"2026-08-12T00:16:08.088+05:30"}
{"environment":"development","level":"info","message":"MRT API running","pid":48,"port":8081,"timestamp":"2026-08-12T00:16:08.088+05:30"}
{"level":"error","message":"Redis error","timestamp":"2026-08-12T00:16:08.088+05:30"}
{"level":"error","message":"Redis error","timestamp":"2026-08-12T00:16:08.088+05:30"}
{"level":"error","message":"Redis error","timestamp":"2026-08-12T00:16:08.088+05:30"}
{"level":"error","message":"Redis error","timestamp":"2026-08-12T00:16:08.088+05:30"}
{"level":"error","message":"Redis error","timestamp":"2026-08-12T00:16:09.099+05:30"}
{"level":"error","message":"Redis error","timestamp":"2026-08-12T00:16:09.099+05:30"}
{"level":"error","message":"Redis error","timestamp":"2026-08-12T00:16:09.099+05:30"}
{"level":"error","message":"Redis error","timestamp":"2026-08-12T00:16:10.1010+05:30"}
{"level":"error","message":"Redis error","timestamp":"2026-08-12T00:16:10.1010+05:30"}
{"level":"error","message":"Redis error","timestamp":"2026-08-12T00:16:11.1111+05:30"}
{"level":"error","message":"Redis error","timestamp":"2026-08-12T00:16:12.1212+05:30"}
{"level":"error","message":"Redis error","timestamp":"2026-08-12T00:16:12.1212+05:30"}
{"level":"error","message":"Redis error","timestamp":"2026-08-12T00:16:13.1313+05:30"}
{"level":"error","message":"Redis error","timestamp":"2026-08-12T00:16:14.1414+05:30"}
{"level":"error","message":"Redis error","timestamp":"2026-08-12T00:16:15.1515+05:30"}
{"level":"error","message":"Redis error","timestamp":"2026-08-12T00:16:15.1515+05:30"}
{"level":"error","message":"Redis error","timestamp":"2026-08-12T00:16:16.1616+05:30"}
{"level":"error","message":"Redis error","timestamp":"2026-08-12T00:16:17.1717+05:30"}
{"level":"error","message":"Redis error","timestamp":"2026-08-12T00:16:18.1818+05:30"}
{"level":"error","message":"Redis error","timestamp":"2026-08-12T00:16:19.1919+05:30"}
{"level":"error","message":"Redis error","timestamp":"2026-08-12T00:16:20.2020+05:30"}
{"level":"error","message":"Redis error","timestamp":"2026-08-12T00:16:22.2222+05:30"}
{"level":"error","message":"Redis error","timestamp":"2026-08-12T00:16:23.2323+05:30"}
{"level":"error","message":"Redis error","timestamp":"2026-08-12T00:16:24.2424+05:30"}
{"level":"error","message":"Redis error","timestamp":"2026-08-12T00:16:25.2525+05:30"}
{"level":"error","message":"Redis error","timestamp":"2026-08-12T00:16:27.2727+05:30"}
{"level":"error","message":"Redis error","timestamp":"2026-08-12T00:16:28.2828+05:30"}
{"level":"error","message":"Redis error","timestamp":"2026-08-12T00:16:30.3030+05:30"}
{"level":"error","message":"Redis error","timestamp":"2026-08-12T00:16:31.3131+05:30"}
{"level":"error","message":"Redis error","timestamp":"2026-08-12T00:16:33.3333+05:30"}
{"level":"error","message":"Redis error","timestamp":"2026-08-12T00:16:34.3434+05:30"}
{"level":"error","message":"Redis error","timestamp":"2026-08-12T00:16:36.3636+05:30"}
{"level":"error","message":"Redis error","timestamp":"2026-08-12T00:16:38.3838+05:30"}
{"level":"error","message":"Redis error","timestamp":"2026-08-12T00:16:39.3939+05:30"}
{"level":"error","message":"Redis error","timestamp":"2026-08-12T00:16:41.4141+05:30"}
{"level":"error","message":"Redis error","timestamp":"2026-08-12T00:16:43.4343+05:30"}
{"level":"error","message":"Redis error","timestamp":"2026-08-12T00:16:45.4545+05:30"}
{"level":"error","message":"Redis error","timestamp":"2026-08-12T00:16:47.4747+05:30"}
{"level":"error","message":"Redis error","timestamp":"2026-08-12T00:16:49.4949+05:30"}
{"level":"error","message":"Redis error","timestamp":"2026-08-12T00:16:51.5151+05:30"}
{"level":"error","message":"Redis error","timestamp":"2026-08-12T00:16:53.5353+05:30"}
{"level":"error","message":"Redis error","timestamp":"2026-08-12T00:16:55.5555+05:30"}
{"level":"error","message":"Redis error","timestamp":"2026-08-12T00:16:57.5757+05:30"}
{"level":"error","message":"Redis error","timestamp":"2026-08-12T00:16:59.5959+05:30"}
{"level":"error","message":"Redis error","timestamp":"2026-08-12T00:17:01.011+05:30"}
{"level":"error","message":"Redis error","timestamp":"2026-08-12T00:17:03.033+05:30"}
{"level":"error","message":"Redis error","timestamp":"2026-08-12T00:17:05.055+05:30"}
{"level":"error","message":"Redis error","timestamp":"2026-08-12T00:17:07.077+05:30"}
{"level":"error","message":"Redis error","timestamp":"2026-08-12T00:17:09.099+05:30"}
{"level":"error","message":"Redis error","timestamp":"2026-08-12T00:17:11.1111+05:30"}
{"level":"error","message":"Redis error","timestamp":"2026-08-12T00:17:13.1313+05:30"}
{"level":"error","message":"Redis error","timestamp":"2026-08-12T00:17:15.1515+05:30"}
{"level":"error","message":"Redis error","timestamp":"2026-08-12T00:17:17.1717+05:30"}
{"level":"error","message":"Redis error","timestamp":"2026-08-12T00:17:19.1919+05:30"}
{"level":"error","message":"Redis error","timestamp":"2026-08-12T00:17:21.2121+05:30"}
{"level":"error","message":"Redis error","timestamp":"2026-08-12T00:17:23.2323+05:30"}
{"level":"error","message":"Redis error","timestamp":"2026-08-12T00:17:25.2525+05:30"}
{"level":"error","message":"Redis error","timestamp":"2026-08-12T00:17:27.2727+05:30"}
{"level":"error","message":"Redis error","timestamp":"2026-08-12T00:17:29.2929+05:30"}
{"level":"error","message":"Redis error","timestamp":"2026-08-12T00:17:31.3131+05:30"}
{"level":"error","message":"Redis error","timestamp":"2026-08-12T00:17:33.3333+05:30"}
{"level":"error","message":"Redis error","timestamp":"2026-08-12T00:17:35.3535+05:30"}
{"level":"error","message":"Redis error","timestamp":"2026-08-12T00:17:37.3737+05:30"}
{"level":"error","message":"Redis error","timestamp":"2026-08-12T00:17:39.3939+05:30"}
{"level":"error","message":"Redis error","timestamp":"2026-08-12T00:17:41.4141+05:30"}
{"level":"error","message":"Redis error","timestamp":"2026-08-12T00:17:43.4343+05:30"}
{"level":"error","message":"Redis error","timestamp":"2026-08-12T00:17:45.4545+05:30"}
{"level":"error","message":"Redis error","timestamp":"2026-08-12T00:17:47.4747+05:30"}
{"level":"error","message":"Redis error","timestamp":"2026-08-12T00:17:49.4949+05:30"}
{"level":"error","message":"Redis error","timestamp":"2026-08-12T00:17:51.5151+05:30"}
{"level":"error","message":"Redis error","timestamp":"2026-08-12T00:17:53.5353+05:30"}
{"level":"error","message":"Redis error","timestamp":"2026-08-12T00:17:55.5555+05:30"}
{"level":"error","message":"Redis error","timestamp":"2026-08-12T00:17:57.5757+05:30"}
{"level":"error","message":"Redis error","timestamp":"2026-08-12T00:17:59.5959+05:30"}
{"level":"error","message":"Redis error","timestamp":"2026-08-12T00:18:01.011+05:30"}
{"level":"error","message":"Redis error","timestamp":"2026-08-12T00:18:03.033+05:30"}
{"level":"error","message":"Redis error","timestamp":"2026-08-12T00:18:05.055+05:30"}
{"level":"error","message":"Redis error","timestamp":"2026-08-12T00:18:07.077+05:30"}
{"level":"error","message":"Redis error","timestamp":"2026-08-12T00:18:09.099+05:30"}
{"level":"error","message":"Redis error","timestamp":"2026-08-12T00:18:11.1111+05:30"}
{"level":"error","message":"Redis error","timestamp":"2026-08-12T00:18:13.1313+05:30"}
{"level":"error","message":"Redis error","timestamp":"2026-08-12T00:18:15.1515+05:30"}
{"level":"error","message":"Redis error","timestamp":"2026-08-12T00:18:17.1717+05:30"}
{"level":"error","message":"Redis error","timestamp":"2026-08-12T00:18:19.1919+05:30"}
{"level":"error","message":"Redis error","timestamp":"2026-08-12T00:18:21.2121+05:30"}
{"level":"error","message":"Redis error","timestamp":"2026-08-12T00:18:23.2323+05:30"}
{"level":"error","message":"Redis error","timestamp":"2026-08-12T00:18:25.2525+05:30"}
{"level":"error","message":"Redis error","timestamp":"2026-08-12T00:18:27.2727+05:30"}
{"level":"error","message":"Redis error","timestamp":"2026-08-12T00:18:29.2929+05:30"}
{"level":"error","message":"Redis error","timestamp":"2026-08-12T00:18:31.3131+05:30"}
{"level":"error","message":"Redis error","timestamp":"2026-08-12T00:18:33.3333+05:30"}
{"level":"error","message":"Redis error","timestamp":"2026-08-12T00:18:35.3535+05:30"}
{"level":"error","message":"Redis error","timestamp":"2026-08-12T00:18:37.3737+05:30"}
{"level":"error","message":"Redis error","timestamp":"2026-08-12T00:18:39.3939+05:30"}
{"level":"error","message":"Redis error","timestamp":"2026-08-12T00:18:41.4141+05:30"}
{"level":"error","message":"Redis error","timestamp":"2026-08-12T00:18:43.4343+05:30"}
{"level":"error","message":"Redis error","timestamp":"2026-08-12T00:18:45.4545+05:30"}
{"level":"error","message":"Redis error","timestamp":"2026-08-12T00:18:47.4747+05:30"}
{"level":"error","message":"Redis error","timestamp":"2026-08-12T00:18:49.4949+05:30"}
{"level":"error","message":"Redis error","timestamp":"2026-08-12T00:18:51.5151+05:30"}
{"level":"error","message":"Redis error","timestamp":"2026-08-12T00:18:53.5353+05:30"}
{"level":"error","message":"Redis error","timestamp":"2026-08-12T00:18:55.5555+05:30"}
{"level":"error","message":"Redis error","timestamp":"2026-08-12T00:18:57.5757+05:30"}
{"level":"error","message":"Redis error","timestamp":"2026-08-12T00:18:59.5959+05:30"}
{"level":"error","message":"Redis error","timestamp":"2026-08-12T00:19:01.011+05:30"}
{"level":"error","message":"Redis error","timestamp":"2026-08-12T00:19:03.033+05:30"}
{"level":"error","message":"Redis error","timestamp":"2026-08-12T00:19:05.055+05:30"}
{"level":"error","message":"Redis error","timestamp":"2026-08-12T00:19:07.077+05:30"}
{"level":"error","message":"Redis error","timestamp":"2026-08-12T00:19:09.099+05:30"}
{"level":"error","message":"Redis error","timestamp":"2026-08-12T00:19:11.1111+05:30"}
{"level":"error","message":"Redis error","timestamp":"2026-08-12T00:19:13.1313+05:30"}
{"level":"error","message":"Redis error","timestamp":"2026-08-12T00:19:15.1515+05:30"}
{"level":"error","message":"Redis error","timestamp":"2026-08-12T00:19:17.1717+05:30"}
{"level":"error","message":"Redis error","timestamp":"2026-08-12T00:19:19.1919+05:30"}
{"level":"error","message":"Redis error","timestamp":"2026-08-12T00:19:21.2121+05:30"}
{"level":"error","message":"Redis error","timestamp":"2026-08-12T00:19:23.2323+05:30"}
{"level":"error","message":"Redis error","timestamp":"2026-08-12T00:19:25.2525+05:30"}
{"level":"error","message":"Redis error","timestamp":"2026-08-12T00:19:27.2727+05:30"}
{"level":"error","message":"Redis error","timestamp":"2026-08-12T00:19:29.2929+05:30"}
{"level":"error","message":"Redis error","timestamp":"2026-08-12T00:19:31.3131+05:30"}
{"level":"error","message":"Redis error","timestamp":"2026-08-12T00:19:33.3333+05:30"}
{"level":"error","message":"Redis error","timestamp":"2026-08-12T00:19:35.3535+05:30"}
{"level":"error","message":"Redis error","timestamp":"2026-08-12T00:19:37.3737+05:30"}
{"level":"error","message":"Redis error","timestamp":"2026-08-12T00:19:39.3939+05:30"}
{"level":"error","message":"Redis error","timestamp":"2026-08-12T00:19:41.4141+05:30"}
{"level":"error","message":"Redis error","timestamp":"2026-08-12T00:19:43.4343+05:30"}
{"level":"error","message":"Redis error","timestamp":"2026-08-12T00:19:45.4545+05:30"}
{"level":"error","message":"Redis error","timestamp":"2026-08-12T00:19:47.4747+05:30"}
{"level":"error","message":"Redis error","timestamp":"2026-08-12T00:19:49.4949+05:30"}
{"level":"error","message":"Redis error","timestamp":"2026-08-12T00:19:51.5151+05:30"}
{"level":"error","message":"Redis error","timestamp":"2026-08-12T00:19:53.5353+05:30"}
{"level":"error","message":"Redis error","timestamp":"2026-08-12T00:19:55.5555+05:30"}
{"level":"error","message":"Redis error","timestamp":"2026-08-12T00:19:57.5757+05:30"}
{"level":"error","message":"Redis error","timestamp":"2026-08-12T00:19:59.5959+05:30"}
{"level":"error","message":"Redis error","timestamp":"2026-08-12T00:20:01.011+05:30"}
{"level":"error","message":"Redis error","timestamp":"2026-08-12T00:20:03.033+05:30"}
{"level":"error","message":"Redis error","timestamp":"2026-08-12T00:20:05.055+05:30"}
{"level":"error","message":"Redis error","timestamp":"2026-08-12T00:20:07.077+05:30"}
{"level":"error","message":"Redis error","timestamp":"2026-08-12T00:20:09.099+05:30"}
{"level":"error","message":"Redis error","timestamp":"2026-08-12T00:20:11.1111+05:30"}
{"level":"error","message":"Redis error","timestamp":"2026-08-12T00:20:13.1313+05:30"}
{"level":"error","message":"Redis error","timestamp":"2026-08-12T00:20:15.1515+05:30"}
{"level":"error","message":"Redis error","timestamp":"2026-08-12T00:20:17.1717+05:30"}
{"level":"error","message":"Redis error","timestamp":"2026-08-12T00:20:19.1919+05:30"}
{"level":"error","message":"Redis error","timestamp":"2026-08-12T00:20:21.2121+05:30"}
{"level":"error","message":"Redis error","timestamp":"2026-08-12T00:20:23.2323+05:30"}
{"level":"error","message":"Redis error","timestamp":"2026-08-12T00:20:25.2525+05:30"}
{"level":"error","message":"Redis error","timestamp":"2026-08-12T00:20:27.2727+05:30"}
{"level":"error","message":"Redis error","timestamp":"2026-08-12T00:20:29.2929+05:30"}
{"level":"error","message":"Redis error","timestamp":"2026-08-12T00:20:31.3131+05:30"}
{"level":"error","message":"Redis error","timestamp":"2026-08-12T00:20:33.3333+05:30"}
{"level":"error","message":"Redis error","timestamp":"2026-08-12T00:20:35.3535+05:30"}
{"level":"error","message":"Redis error","timestamp":"2026-08-12T00:20:37.3737+05:30"}
{"level":"error","message":"Redis error","timestamp":"2026-08-12T00:20:39.3939+05:30"}
{"level":"error","message":"Redis error","timestamp":"2026-08-12T00:20:41.4141+05:30"}
{"level":"error","message":"Redis error","timestamp":"2026-08-12T00:20:43.4343+05:30"}
{"level":"error","message":"Redis error","timestamp":"2026-08-12T00:20:45.4545+05:30"}
{"level":"error","message":"Redis error","timestamp":"2026-08-12T00:20:47.4747+05:30"}
{"level":"error","message":"Redis error","timestamp":"2026-08-12T00:20:49.4949+05:30"}
{"level":"error","message":"Redis error","timestamp":"2026-08-12T00:20:51.5151+05:30"}
{"level":"error","message":"Redis error","timestamp":"2026-08-12T00:20:53.5353+05:30"}
{"level":"error","message":"Redis error","timestamp":"2026-08-12T00:20:55.5555+05:30"}
{"level":"error","message":"Redis error","timestamp":"2026-08-12T00:20:57.5757+05:30"}
{"level":"error","message":"Redis error","timestamp":"2026-08-12T00:20:59.5959+05:30"}
{"level":"error","message":"Redis error","timestamp":"2026-08-12T00:21:01.011+05:30"}
{"level":"error","message":"Redis error","timestamp":"2026-08-12T00:22:21.2121+05:30"}
{"level":"info","message":"SQLite connected via Prisma","timestamp":"2026-08-12T00:22:21.2121+05:30"}
{"environment":"development","level":"info","message":"MRT API running","pid":58,"port":8081,"timestamp":"2026-08-12T00:22:21.2121+05:30"}
{"level":"error","message":"Redis error","timestamp":"2026-08-12T00:22:21.2121+05:30"}
{"level":"error","message":"Redis error","timestamp":"2026-08-12T00:22:21.2121+05:30"}
{"level":"error","message":"Redis error","timestamp":"2026-08-12T00:22:21.2121+05:30"}
{"level":"error","message":"Redis error","timestamp":"2026-08-12T00:22:21.2121+05:30"}
{"level":"error","message":"Redis error","timestamp":"2026-08-12T00:22:21.2121+05:30"}
{"level":"error","message":"Redis error","timestamp":"2026-08-12T00:22:22.2222+05:30"}
{"level":"error","message":"Redis error","timestamp":"2026-08-12T00:22:22.2222+05:30"}
{"level":"error","message":"Redis error","timestamp":"2026-08-12T00:22:22.2222+05:30"}
{"level":"error","message":"Redis error","timestamp":"2026-08-12T00:22:23.2323+05:30"}
{"level":"error","message":"Redis error","timestamp":"2026-08-12T00:22:23.2323+05:30"}
{"level":"error","message":"Redis error","timestamp":"2026-08-12T00:22:24.2424+05:30"}
{"level":"error","message":"Redis error","timestamp":"2026-08-12T00:22:25.2525+05:30"}
{"level":"error","message":"Redis error","timestamp":"2026-08-12T00:22:25.2525+05:30"}
{"level":"error","message":"Redis error","timestamp":"2026-08-12T00:22:26.2626+05:30"}
{"level":"error","message":"Redis error","timestamp":"2026-08-12T00:22:27.2727+05:30"}
{"level":"error","message":"Redis error","timestamp":"2026-08-12T00:22:27.2727+05:30"}
{"level":"error","message":"Redis error","timestamp":"2026-08-12T00:22:28.2828+05:30"}
{"level":"error","message":"Redis error","timestamp":"2026-08-12T00:22:29.2929+05:30"}
{"level":"error","message":"Redis error","timestamp":"2026-08-12T00:22:30.3030+05:30"}
{"level":"error","message":"Redis error","timestamp":"2026-08-12T00:22:31.3131+05:30"}
{"level":"error","message":"Redis error","timestamp":"2026-08-12T00:22:32.3232+05:30"}
{"level":"error","message":"Redis error","timestamp":"2026-08-12T00:22:33.3333+05:30"}
{"level":"error","message":"Redis error","timestamp":"2026-08-12T00:22:34.3434+05:30"}
{"level":"error","message":"Redis error","timestamp":"2026-08-12T00:22:36.3636+05:30"}
{"level":"error","message":"Redis error","timestamp":"2026-08-12T00:22:37.3737+05:30"}
{"level":"error","message":"Redis error","timestamp":"2026-08-12T00:22:38.3838+05:30"}
{"level":"error","message":"Redis error","timestamp":"2026-08-12T00:22:40.4040+05:30"}
{"level":"error","message":"Redis error","timestamp":"2026-08-12T00:22:41.4141+05:30"}
{"level":"error","message":"Redis error","timestamp":"2026-08-12T00:22:42.4242+05:30"}
{"level":"error","message":"Redis error","timestamp":"2026-08-12T00:22:44.4444+05:30"}
{"level":"error","message":"Redis error","timestamp":"2026-08-12T00:22:46.4646+05:30"}
{"level":"error","message":"Redis error","timestamp":"2026-08-12T00:22:47.4747+05:30"}
{"level":"error","message":"Redis error","timestamp":"2026-08-12T00:22:49.4949+05:30"}
{"level":"error","message":"Redis error","timestamp":"2026-08-12T00:22:50.5050+05:30"}
{"level":"error","message":"Redis error","timestamp":"2026-08-12T00:22:52.5252+05:30"}
{"level":"error","message":"Redis error","timestamp":"2026-08-12T00:22:54.5454+05:30"}
{"level":"error","message":"Redis error","timestamp":"2026-08-12T00:22:56.5656+05:30"}
{"level":"error","message":"Redis error","timestamp":"2026-08-12T00:22:58.5858+05:30"}
{"level":"error","message":"Redis error","timestamp":"2026-08-12T00:23:00.000+05:30"}
{"level":"error","message":"Redis error","timestamp":"2026-08-12T00:23:02.022+05:30"}
{"level":"error","message":"Redis error","timestamp":"2026-08-12T00:23:04.044+05:30"}
{"level":"error","message":"Redis error","timestamp":"2026-08-12T00:23:06.066+05:30"}
{"level":"error","message":"Redis error","timestamp":"2026-08-12T00:23:08.088+05:30"}
{"level":"error","message":"Redis error","timestamp":"2026-08-12T00:23:10.1010+05:30"}
{"level":"error","message":"Redis error","timestamp":"2026-08-12T00:23:12.1212+05:30"}
{"level":"error","message":"Redis error","timestamp":"2026-08-12T00:23:14.1414+05:30"}
{"level":"error","message":"Redis error","timestamp":"2026-08-12T00:23:16.1616+05:30"}
{"level":"error","message":"Redis error","timestamp":"2026-08-12T00:23:18.1818+05:30"}
{"level":"error","message":"Redis error","timestamp":"2026-08-12T00:23:20.2020+05:30"}
{"level":"error","message":"Redis error","timestamp":"2026-08-12T00:23:22.2222+05:30"}
{"level":"error","message":"Redis error","timestamp":"2026-08-12T00:23:24.2424+05:30"}
{"level":"error","message":"Redis error","timestamp":"2026-08-12T00:23:26.2626+05:30"}
{"level":"error","message":"Redis error","timestamp":"2026-08-12T00:23:28.2828+05:30"}
{"level":"error","message":"Redis error connect ENETUNREACH 172.17.0.2:6379 - Local (0.0.0.0:0)","timestamp":"2026-08-12T00:23:36.3636+05:30"}
{"level":"info","message":"SQLite connected via Prisma","timestamp":"2026-08-12T00:23:36.3636+05:30"}
{"environment":"development","level":"info","message":"MRT API running","pid":59,"port":8081,"timestamp":"2026-08-12T00:23:36.3636+05:30"}
{"level":"error","message":"Redis error connect ENETUNREACH 172.17.0.2:6379 - Local (0.0.0.0:0)","timestamp":"2026-08-12T00:23:36.3636+05:30"}
{"level":"error","message":"Redis error connect ENETUNREACH 172.17.0.2:6379 - Local (0.0.0.0:0)","timestamp":"2026-08-12T00:23:36.3636+05:30"}
{"level":"error","message":"Redis error connect ENETUNREACH 172.17.0.2:6379 - Local (0.0.0.0:0)","timestamp":"2026-08-12T00:23:36.3636+05:30"}
{"level":"error","message":"Redis error connect ENETUNREACH 172.17.0.2:6379 - Local (0.0.0.0:0)","timestamp":"2026-08-12T00:23:37.3737+05:30"}
{"level":"error","message":"Redis error connect ENETUNREACH 172.17.0.2:6379 - Local (0.0.0.0:0)","timestamp":"2026-08-12T00:23:37.3737+05:30"}
{"level":"error","message":"Redis error connect ENETUNREACH 172.17.0.2:6379 - Local (0.0.0.0:0)","timestamp":"2026-08-12T00:23:37.3737+05:30"}
{"level":"error","message":"Redis error connect ENETUNREACH 172.17.0.2:6379 - Local (0.0.0.0:0)","timestamp":"2026-08-12T00:23:37.3737+05:30"}
{"level":"error","message":"Redis error connect ENETUNREACH 172.17.0.2:6379 - Local (0.0.0.0:0)","timestamp":"2026-08-12T00:23:38.3838+05:30"}
{"level":"error","message":"Redis error connect ENETUNREACH 172.17.0.2:6379 - Local (0.0.0.0:0)","timestamp":"2026-08-12T00:23:38.3838+05:30"}
{"level":"error","message":"Redis error connect ENETUNREACH 172.17.0.2:6379 - Local (0.0.0.0:0)","timestamp":"2026-08-12T00:23:39.3939+05:30"}
{"level":"error","message":"Redis error connect ENETUNREACH 172.17.0.2:6379 - Local (0.0.0.0:0)","timestamp":"2026-08-12T00:23:39.3939+05:30"}
{"level":"error","message":"Redis error connect ENETUNREACH 172.17.0.2:6379 - Local (0.0.0.0:0)","timestamp":"2026-08-12T00:23:40.4040+05:30"}
{"level":"error","message":"Redis error connect ENETUNREACH 172.17.0.2:6379 - Local (0.0.0.0:0)","timestamp":"2026-08-12T00:23:41.4141+05:30"}
{"level":"error","message":"Redis error connect ENETUNREACH 172.17.0.2:6379 - Local (0.0.0.0:0)","timestamp":"2026-08-12T00:23:41.4141+05:30"}
{"level":"error","message":"Redis error connect ENETUNREACH 172.17.0.2:6379 - Local (0.0.0.0:0)","timestamp":"2026-08-12T00:23:42.4242+05:30"}
{"level":"error","message":"Redis error connect ENETUNREACH 172.17.0.2:6379 - Local (0.0.0.0:0)","timestamp":"2026-08-12T00:23:43.4343+05:30"}
{"level":"error","message":"Redis error connect ENETUNREACH 172.17.0.2:6379 - Local (0.0.0.0:0)","timestamp":"2026-08-12T00:23:44.4444+05:30"}
{"level":"error","message":"Redis error connect ENETUNREACH 172.17.0.2:6379 - Local (0.0.0.0:0)","timestamp":"2026-08-12T00:23:45.4545+05:30"}
{"level":"error","message":"Redis error connect ENETUNREACH 172.17.0.2:6379 - Local (0.0.0.0:0)","timestamp":"2026-08-12T00:23:46.4646+05:30"}
{"level":"error","message":"Redis error connect ENETUNREACH 172.17.0.2:6379 - Local (0.0.0.0:0)","timestamp":"2026-08-12T00:23:47.4747+05:30"}
{"level":"error","message":"Redis error connect ENETUNREACH 172.17.0.2:6379 - Local (0.0.0.0:0)","timestamp":"2026-08-12T00:23:48.4848+05:30"}
{"level":"error","message":"Redis error connect ENETUNREACH 172.17.0.2:6379 - Local (0.0.0.0:0)","timestamp":"2026-08-12T00:23:49.4949+05:30"}
{"level":"error","message":"Redis error connect ENETUNREACH 172.17.0.2:6379 - Local (0.0.0.0:0)","timestamp":"2026-08-12T00:23:50.5050+05:30"}
{"level":"error","message":"Redis error connect ENETUNREACH 172.17.0.2:6379 - Local (0.0.0.0:0)","timestamp":"2026-08-12T00:23:51.5151+05:30"}
{"level":"error","message":"Redis error connect ENETUNREACH 172.17.0.2:6379 - Local (0.0.0.0:0)","timestamp":"2026-08-12T00:23:52.5252+05:30"}
{"level":"error","message":"Redis error connect ENETUNREACH 172.17.0.2:6379 - Local (0.0.0.0:0)","timestamp":"2026-08-12T00:23:54.5454+05:30"}
{"level":"error","message":"Redis error connect ENETUNREACH 172.17.0.2:6379 - Local (0.0.0.0:0)","timestamp":"2026-08-12T00:23:55.5555+05:30"}
{"level":"error","message":"Redis error connect ENETUNREACH 172.17.0.2:6379 - Local (0.0.0.0:0)","timestamp":"2026-08-12T00:23:56.5656+05:30"}
{"level":"error","message":"Redis error connect ENETUNREACH 172.17.0.2:6379 - Local (0.0.0.0:0)","timestamp":"2026-08-12T00:23:58.5858+05:30"}
{"level":"error","message":"Redis error connect ENETUNREACH 172.17.0.2:6379 - Local (0.0.0.0:0)","timestamp":"2026-08-12T00:23:59.5959+05:30"}
{"level":"error","message":"Redis error connect ENETUNREACH 172.17.0.2:6379 - Local (0.0.0.0:0)","timestamp":"2026-08-12T00:24:01.011+05:30"}
{"level":"error","message":"Redis error connect ENETUNREACH 172.17.0.2:6379 - Local (0.0.0.0:0)","timestamp":"2026-08-12T00:24:03.033+05:30"}
{"level":"error","message":"Redis error connect ENETUNREACH 172.17.0.2:6379 - Local (0.0.0.0:0)","timestamp":"2026-08-12T00:24:04.044+05:30"}
{"level":"error","message":"Redis error connect ENETUNREACH 172.17.0.2:6379 - Local (0.0.0.0:0)","timestamp":"2026-08-12T00:24:06.066+05:30"}
{"level":"error","message":"Redis error connect ENETUNREACH 172.17.0.2:6379 - Local (0.0.0.0:0)","timestamp":"2026-08-12T00:24:08.088+05:30"}
{"level":"error","message":"Redis error connect ENETUNREACH 172.17.0.2:6379 - Local (0.0.0.0:0)","timestamp":"2026-08-12T00:24:09.099+05:30"}
{"level":"error","message":"Redis error connect ENETUNREACH 172.17.0.2:6379 - Local (0.0.0.0:0)","timestamp":"2026-08-12T00:24:11.1111+05:30"}
{"level":"error","message":"Redis error connect ENETUNREACH 172.17.0.2:6379 - Local (0.0.0.0:0)","timestamp":"2026-08-12T00:24:13.1313+05:30"}
{"level":"info","message":"Redis connected","timestamp":"2026-08-12T00:24:15.1515+05:30"}
{"level":"info","message":"SQLite connected via Prisma","timestamp":"2026-08-12T00:24:15.1515+05:30"}
{"environment":"development","level":"info","message":"MRT API running","pid":43527,"port":8081,"timestamp":"2026-08-12T00:24:15.1515+05:30"}
{"level":"error","message":"Redis error connect ENETUNREACH 172.17.0.2:6379 - Local (0.0.0.0:0)","timestamp":"2026-08-12T00:24:15.1515+05:30"}
{"level":"error","message":"Redis error connect ENETUNREACH 172.17.0.2:6379 - Local (0.0.0.0:0)","timestamp":"2026-08-12T00:24:17.1717+05:30"}
{"level":"error","message":"Redis error connect ENETUNREACH 172.17.0.2:6379 - Local (0.0.0.0:0)","timestamp":"2026-08-12T00:24:19.1919+05:30"}
{"level":"error","message":"Redis error connect ENETUNREACH 172.17.0.2:6379 - Local (0.0.0.0:0)","timestamp":"2026-08-12T00:24:21.2121+05:30"}
{"level":"error","message":"Redis error connect ENETUNREACH 172.17.0.2:6379 - Local (0.0.0.0:0)","timestamp":"2026-08-12T00:24:23.2323+05:30"}
{"level":"error","message":"Redis error connect ENETUNREACH 172.17.0.2:6379 - Local (0.0.0.0:0)","timestamp":"2026-08-12T00:24:25.2525+05:30"}
{"level":"error","message":"Redis error connect ENETUNREACH 172.17.0.2:6379 - Local (0.0.0.0:0)","timestamp":"2026-08-12T00:24:27.2727+05:30"}
{"level":"error","message":"Redis error connect ENETUNREACH 172.17.0.2:6379 - Local (0.0.0.0:0)","timestamp":"2026-08-12T00:24:29.2929+05:30"}
{"level":"error","message":"Redis error connect ENETUNREACH 172.17.0.2:6379 - Local (0.0.0.0:0)","timestamp":"2026-08-12T00:24:31.3131+05:30"}
{"level":"error","message":"Redis error connect ENETUNREACH 172.17.0.2:6379 - Local (0.0.0.0:0)","timestamp":"2026-08-12T00:24:33.3333+05:30"}
{"level":"error","message":"Redis error connect ENETUNREACH 172.17.0.2:6379 - Local (0.0.0.0:0)","timestamp":"2026-08-12T00:24:35.3535+05:30"}
{"level":"error","message":"Redis error connect ENETUNREACH 172.17.0.2:6379 - Local (0.0.0.0:0)","timestamp":"2026-08-12T00:24:37.3737+05:30"}
{"level":"error","message":"Redis error connect ENETUNREACH 172.17.0.2:6379 - Local (0.0.0.0:0)","timestamp":"2026-08-12T00:24:39.3939+05:30"}
{"level":"error","message":"Redis error connect ENETUNREACH 172.17.0.2:6379 - Local (0.0.0.0:0)","timestamp":"2026-08-12T00:24:41.4141+05:30"}
{"level":"error","message":"Redis error connect ENETUNREACH 172.17.0.2:6379 - Local (0.0.0.0:0)","timestamp":"2026-08-12T00:24:43.4343+05:30"}
{"level":"error","message":"Redis error connect ENETUNREACH 172.17.0.2:6379 - Local (0.0.0.0:0)","timestamp":"2026-08-12T00:24:45.4545+05:30"}
{"level":"error","message":"Redis error connect ENETUNREACH 172.17.0.2:6379 - Local (0.0.0.0:0)","timestamp":"2026-08-12T00:24:47.4747+05:30"}
{"level":"error","message":"Redis error connect ENETUNREACH 172.17.0.2:6379 - Local (0.0.0.0:0)","timestamp":"2026-08-12T00:24:49.4949+05:30"}
{"level":"error","message":"Redis error connect ENETUNREACH 172.17.0.2:6379 - Local (0.0.0.0:0)","timestamp":"2026-08-12T00:24:51.5151+05:30"}
{"level":"error","message":"Redis error connect ENETUNREACH 172.17.0.2:6379 - Local (0.0.0.0:0)","timestamp":"2026-08-12T00:24:53.5353+05:30"}
{"level":"error","message":"Redis error connect ENETUNREACH 172.17.0.2:6379 - Local (0.0.0.0:0)","timestamp":"2026-08-12T00:24:55.5555+05:30"}
{"level":"error","message":"Redis error connect ENETUNREACH 172.17.0.2:6379 - Local (0.0.0.0:0)","timestamp":"2026-08-12T00:24:57.5757+05:30"}
{"level":"error","message":"Redis error connect ENETUNREACH 172.17.0.2:6379 - Local (0.0.0.0:0)","timestamp":"2026-08-12T00:24:59.5959+05:30"}
{"level":"error","message":"Redis error connect ENETUNREACH 172.17.0.2:6379 - Local (0.0.0.0:0)","timestamp":"2026-08-12T00:25:01.011+05:30"}
{"level":"error","message":"Redis error connect ENETUNREACH 172.17.0.2:6379 - Local (0.0.0.0:0)","timestamp":"2026-08-12T00:25:03.033+05:30"}
{"level":"error","message":"Redis error connect ENETUNREACH 172.17.0.2:6379 - Local (0.0.0.0:0)","timestamp":"2026-08-12T00:25:05.055+05:30"}
{"level":"error","message":"Redis error connect ENETUNREACH 172.17.0.2:6379 - Local (0.0.0.0:0)","timestamp":"2026-08-12T00:25:07.077+05:30"}
{"level":"error","message":"Redis error connect ENETUNREACH 172.17.0.2:6379 - Local (0.0.0.0:0)","timestamp":"2026-08-12T00:25:09.099+05:30"}
{"level":"error","message":"Redis error connect ENETUNREACH 172.17.0.2:6379 - Local (0.0.0.0:0)","timestamp":"2026-08-12T00:25:11.1111+05:30"}
{"level":"error","message":"Redis error connect ENETUNREACH 172.17.0.2:6379 - Local (0.0.0.0:0)","timestamp":"2026-08-12T00:25:13.1313+05:30"}
{"level":"error","message":"Redis error connect ENETUNREACH 172.17.0.2:6379 - Local (0.0.0.0:0)","timestamp":"2026-08-12T00:25:15.1515+05:30"}
{"level":"error","message":"Redis error connect ENETUNREACH 172.17.0.2:6379 - Local (0.0.0.0:0)","timestamp":"2026-08-12T00:25:17.1717+05:30"}
{"level":"error","message":"Redis error connect ENETUNREACH 172.17.0.2:6379 - Local (0.0.0.0:0)","timestamp":"2026-08-12T00:25:19.1919+05:30"}
{"level":"error","message":"Redis error connect ENETUNREACH 172.17.0.2:6379 - Local (0.0.0.0:0)","timestamp":"2026-08-12T00:25:21.2121+05:30"}
{"level":"error","message":"Redis error connect ENETUNREACH 172.17.0.2:6379 - Local (0.0.0.0:0)","timestamp":"2026-08-12T00:25:23.2323+05:30"}
{"level":"error","message":"Redis error connect ENETUNREACH 172.17.0.2:6379 - Local (0.0.0.0:0)","timestamp":"2026-08-12T00:25:25.2525+05:30"}
{"level":"error","message":"Redis error connect ENETUNREACH 172.17.0.2:6379 - Local (0.0.0.0:0)","timestamp":"2026-08-12T00:25:27.2727+05:30"}
{"level":"error","message":"Redis error connect ENETUNREACH 172.17.0.2:6379 - Local (0.0.0.0:0)","timestamp":"2026-08-12T00:25:29.2929+05:30"}
{"level":"error","message":"Redis error connect ENETUNREACH 172.17.0.2:6379 - Local (0.0.0.0:0)","timestamp":"2026-08-12T00:25:31.3131+05:30"}
{"level":"error","message":"Redis error connect ENETUNREACH 172.17.0.2:6379 - Local (0.0.0.0:0)","timestamp":"2026-08-12T00:25:33.3333+05:30"}
{"level":"error","message":"Redis error connect ENETUNREACH 172.17.0.2:6379 - Local (0.0.0.0:0)","timestamp":"2026-08-12T00:25:35.3535+05:30"}
{"level":"error","message":"Redis error connect ENETUNREACH 172.17.0.2:6379 - Local (0.0.0.0:0)","timestamp":"2026-08-12T00:25:37.3737+05:30"}
{"level":"error","message":"Redis error connect ENETUNREACH 172.17.0.2:6379 - Local (0.0.0.0:0)","timestamp":"2026-08-12T00:25:39.3939+05:30"}
{"level":"error","message":"Redis error connect ENETUNREACH 172.17.0.2:6379 - Local (0.0.0.0:0)","timestamp":"2026-08-12T00:25:41.4141+05:30"}
{"level":"error","message":"Redis error connect ENETUNREACH 172.17.0.2:6379 - Local (0.0.0.0:0)","timestamp":"2026-08-12T00:25:43.4343+05:30"}
{"level":"error","message":"Redis error connect ENETUNREACH 172.17.0.2:6379 - Local (0.0.0.0:0)","timestamp":"2026-08-12T00:25:45.4545+05:30"}
{"level":"error","message":"Redis error connect ENETUNREACH 172.17.0.2:6379 - Local (0.0.0.0:0)","timestamp":"2026-08-12T00:25:47.4747+05:30"}
{"level":"error","message":"Redis error connect ENETUNREACH 172.17.0.2:6379 - Local (0.0.0.0:0)","timestamp":"2026-08-12T00:25:49.4949+05:30"}
{"level":"error","message":"Redis error connect ENETUNREACH 172.17.0.2:6379 - Local (0.0.0.0:0)","timestamp":"2026-08-12T00:25:51.5151+05:30"}
{"level":"error","message":"Redis error connect ENETUNREACH 172.17.0.2:6379 - Local (0.0.0.0:0)","timestamp":"2026-08-12T00:25:53.5353+05:30"}
{"level":"error","message":"Redis error connect ENETUNREACH 172.17.0.2:6379 - Local (0.0.0.0:0)","timestamp":"2026-08-12T00:25:55.5555+05:30"}
{"level":"error","message":"Redis error connect ENETUNREACH 172.17.0.2:6379 - Local (0.0.0.0:0)","timestamp":"2026-08-12T00:25:57.5757+05:30"}
{"level":"error","message":"Redis error connect ENETUNREACH 172.17.0.2:6379 - Local (0.0.0.0:0)","timestamp":"2026-08-12T00:25:59.5959+05:30"}
{"level":"error","message":"Redis error connect ENETUNREACH 172.17.0.2:6379 - Local (0.0.0.0:0)","timestamp":"2026-08-12T00:26:01.011+05:30"}
{"level":"error","message":"Redis error connect ENETUNREACH 172.17.0.2:6379 - Local (0.0.0.0:0)","timestamp":"2026-08-12T00:26:03.033+05:30"}
{"level":"error","message":"Redis error connect ENETUNREACH 172.17.0.2:6379 - Local (0.0.0.0:0)","timestamp":"2026-08-12T00:26:05.055+05:30"}
{"level":"error","message":"Redis error connect ENETUNREACH 172.17.0.2:6379 - Local (0.0.0.0:0)","timestamp":"2026-08-12T00:26:07.077+05:30"}
{"level":"error","message":"Redis error connect ENETUNREACH 172.17.0.2:6379 - Local (0.0.0.0:0)","timestamp":"2026-08-12T00:26:09.099+05:30"}
{"level":"error","message":"Redis error connect ENETUNREACH 172.17.0.2:6379 - Local (0.0.0.0:0)","timestamp":"2026-08-12T00:26:11.1111+05:30"}
{"level":"error","message":"Redis error connect ENETUNREACH 172.17.0.2:6379 - Local (0.0.0.0:0)","timestamp":"2026-08-12T00:26:13.1313+05:30"}
{"level":"error","message":"Redis error connect ENETUNREACH 172.17.0.2:6379 - Local (0.0.0.0:0)","timestamp":"2026-08-12T00:26:15.1515+05:30"}
{"level":"error","message":"Redis error connect ENETUNREACH 172.17.0.2:6379 - Local (0.0.0.0:0)","timestamp":"2026-08-12T00:26:17.1717+05:30"}
{"level":"error","message":"Redis error connect ENETUNREACH 172.17.0.2:6379 - Local (0.0.0.0:0)","timestamp":"2026-08-12T00:26:19.1919+05:30"}
{"level":"error","message":"Redis error connect ENETUNREACH 172.17.0.2:6379 - Local (0.0.0.0:0)","timestamp":"2026-08-12T00:26:21.2121+05:30"}
{"level":"error","message":"Redis error connect ENETUNREACH 172.17.0.2:6379 - Local (0.0.0.0:0)","timestamp":"2026-08-12T00:26:23.2323+05:30"}
{"level":"error","message":"Redis error connect ENETUNREACH 172.17.0.2:6379 - Local (0.0.0.0:0)","timestamp":"2026-08-12T00:26:25.2525+05:30"}
{"level":"error","message":"Redis error connect ENETUNREACH 172.17.0.2:6379 - Local (0.0.0.0:0)","timestamp":"2026-08-12T00:26:27.2727+05:30"}
{"level":"error","message":"Redis error connect ENETUNREACH 172.17.0.2:6379 - Local (0.0.0.0:0)","timestamp":"2026-08-12T00:26:29.2929+05:30"}
{"level":"error","message":"Redis error connect ENETUNREACH 172.17.0.2:6379 - Local (0.0.0.0:0)","timestamp":"2026-08-12T00:26:31.3131+05:30"}
{"level":"error","message":"Redis error connect ENETUNREACH 172.17.0.2:6379 - Local (0.0.0.0:0)","timestamp":"2026-08-12T00:26:33.3333+05:30"}
{"level":"error","message":"Redis error connect ENETUNREACH 172.17.0.2:6379 - Local (0.0.0.0:0)","timestamp":"2026-08-12T00:26:35.3535+05:30"}
{"level":"error","message":"Redis error connect ENETUNREACH 172.17.0.2:6379 - Local (0.0.0.0:0)","timestamp":"2026-08-12T00:26:37.3737+05:30"}
{"level":"error","message":"Redis error connect ENETUNREACH 172.17.0.2:6379 - Local (0.0.0.0:0)","timestamp":"2026-08-12T00:26:39.3939+05:30"}
{"level":"error","message":"Redis error connect ENETUNREACH 172.17.0.2:6379 - Local (0.0.0.0:0)","timestamp":"2026-08-12T00:26:41.4141+05:30"}
{"level":"error","message":"Redis error connect ENETUNREACH 172.17.0.2:6379 - Local (0.0.0.0:0)","timestamp":"2026-08-12T00:26:43.4343+05:30"}
{"level":"error","message":"Redis error connect ENETUNREACH 172.17.0.2:6379 - Local (0.0.0.0:0)","timestamp":"2026-08-12T00:26:46.4646+05:30"}
{"level":"error","message":"Redis error connect ENETUNREACH 172.17.0.2:6379 - Local (0.0.0.0:0)","timestamp":"2026-08-12T00:26:48.4848+05:30"}
{"level":"error","message":"Redis error connect ENETUNREACH 172.17.0.2:6379 - Local (0.0.0.0:0)","timestamp":"2026-08-12T00:26:50.5050+05:30"}
{"level":"error","message":"Redis error connect ENETUNREACH 172.17.0.2:6379 - Local (0.0.0.0:0)","timestamp":"2026-08-12T00:26:52.5252+05:30"}
{"level":"error","message":"Redis error connect ENETUNREACH 172.17.0.2:6379 - Local (0.0.0.0:0)","timestamp":"2026-08-12T00:26:54.5454+05:30"}
{"level":"error","message":"Redis error connect ENETUNREACH 172.17.0.2:6379 - Local (0.0.0.0:0)","timestamp":"2026-08-12T00:26:56.5656+05:30"}
{"level":"error","message":"Redis error connect ENETUNREACH 172.17.0.2:6379 - Local (0.0.0.0:0)","timestamp":"2026-08-12T00:26:58.5858+05:30"}
{"level":"error","message":"Redis error connect ENETUNREACH 172.17.0.2:6379 - Local (0.0.0.0:0)","timestamp":"2026-08-12T00:27:00.000+05:30"}
{"level":"error","message":"Redis error connect ENETUNREACH 172.17.0.2:6379 - Local (0.0.0.0:0)","timestamp":"2026-08-12T00:27:02.022+05:30"}
{"level":"error","message":"Redis error connect ENETUNREACH 172.17.0.2:6379 - Local (0.0.0.0:0)","timestamp":"2026-08-12T00:27:04.044+05:30"}
{"level":"error","message":"Redis error connect ENETUNREACH 172.17.0.2:6379 - Local (0.0.0.0:0)","timestamp":"2026-08-12T00:27:06.066+05:30"}
{"level":"error","message":"Redis error connect ENETUNREACH 172.17.0.2:6379 - Local (0.0.0.0:0)","timestamp":"2026-08-12T00:27:08.088+05:30"}
{"level":"error","message":"Redis error connect ENETUNREACH 172.17.0.2:6379 - Local (0.0.0.0:0)","timestamp":"2026-08-12T00:27:10.1010+05:30"}
{"level":"error","message":"Redis error connect ENETUNREACH 172.17.0.2:6379 - Local (0.0.0.0:0)","timestamp":"2026-08-12T00:27:12.1212+05:30"}
{"level":"error","message":"Redis error connect ENETUNREACH 172.17.0.2:6379 - Local (0.0.0.0:0)","timestamp":"2026-08-12T00:27:14.1414+05:30"}
{"level":"error","message":"Redis error connect ENETUNREACH 172.17.0.2:6379 - Local (0.0.0.0:0)","timestamp":"2026-08-12T00:27:16.1616+05:30"}
{"level":"error","message":"Redis error connect ENETUNREACH 172.17.0.2:6379 - Local (0.0.0.0:0)","timestamp":"2026-08-12T00:27:18.1818+05:30"}
{"level":"error","message":"Redis error connect ENETUNREACH 172.17.0.2:6379 - Local (0.0.0.0:0)","timestamp":"2026-08-12T00:27:20.2020+05:30"}
{"level":"error","message":"Redis error connect ENETUNREACH 172.17.0.2:6379 - Local (0.0.0.0:0)","timestamp":"2026-08-12T00:27:22.2222+05:30"}
{"level":"error","message":"Redis error connect ENETUNREACH 172.17.0.2:6379 - Local (0.0.0.0:0)","timestamp":"2026-08-12T00:27:24.2424+05:30"}
{"level":"error","message":"Redis error connect ENETUNREACH 172.17.0.2:6379 - Local (0.0.0.0:0)","timestamp":"2026-08-12T00:27:26.2626+05:30"}
{"level":"error","message":"Redis error connect ENETUNREACH 172.17.0.2:6379 - Local (0.0.0.0:0)","timestamp":"2026-08-12T00:27:28.2828+05:30"}
{"level":"error","message":"Redis error connect ENETUNREACH 172.17.0.2:6379 - Local (0.0.0.0:0)","timestamp":"2026-08-12T00:27:30.3030+05:30"}
{"level":"error","message":"Redis error connect ENETUNREACH 172.17.0.2:6379 - Local (0.0.0.0:0)","timestamp":"2026-08-12T00:27:32.3232+05:30"}
{"level":"error","message":"Redis error connect ENETUNREACH 172.17.0.2:6379 - Local (0.0.0.0:0)","timestamp":"2026-08-12T00:27:34.3434+05:30"}
{"level":"error","message":"Redis error connect ENETUNREACH 172.17.0.2:6379 - Local (0.0.0.0:0)","timestamp":"2026-08-12T00:27:36.3636+05:30"}
{"level":"error","message":"Redis error connect ENETUNREACH 172.17.0.2:6379 - Local (0.0.0.0:0)","timestamp":"2026-08-12T00:27:38.3838+05:30"}
{"level":"error","message":"Redis error connect ENETUNREACH 172.17.0.2:6379 - Local (0.0.0.0:0)","timestamp":"2026-08-12T00:27:40.4040+05:30"}
{"level":"error","message":"Redis error connect ENETUNREACH 172.17.0.2:6379 - Local (0.0.0.0:0)","timestamp":"2026-08-12T00:27:42.4242+05:30"}
{"level":"error","message":"Redis error connect ENETUNREACH 172.17.0.2:6379 - Local (0.0.0.0:0)","timestamp":"2026-08-12T00:27:44.4444+05:30"}
{"level":"error","message":"Redis error connect ENETUNREACH 172.17.0.2:6379 - Local (0.0.0.0:0)","timestamp":"2026-08-12T00:27:46.4646+05:30"}
{"level":"error","message":"Redis error connect ENETUNREACH 172.17.0.2:6379 - Local (0.0.0.0:0)","timestamp":"2026-08-12T00:27:48.4848+05:30"}
{"level":"error","message":"Redis error connect ENETUNREACH 172.17.0.2:6379 - Local (0.0.0.0:0)","timestamp":"2026-08-12T00:27:50.5050+05:30"}
{"level":"error","message":"Redis error connect ENETUNREACH 172.17.0.2:6379 - Local (0.0.0.0:0)","timestamp":"2026-08-12T00:27:52.5252+05:30"}
{"level":"error","message":"Redis error connect ENETUNREACH 172.17.0.2:6379 - Local (0.0.0.0:0)","timestamp":"2026-08-12T00:27:54.5454+05:30"}
{"level":"error","message":"Redis error connect ENETUNREACH 172.17.0.2:6379 - Local (0.0.0.0:0)","timestamp":"2026-08-12T00:27:56.5656+05:30"}
{"level":"error","message":"Redis error connect ENETUNREACH 172.17.0.2:6379 - Local (0.0.0.0:0)","timestamp":"2026-08-12T00:27:58.5858+05:30"}
{"level":"error","message":"Redis error connect ENETUNREACH 172.17.0.2:6379 - Local (0.0.0.0:0)","timestamp":"2026-08-12T00:28:00.000+05:30"}
{"level":"error","message":"Redis error connect ENETUNREACH 172.17.0.2:6379 - Local (0.0.0.0:0)","timestamp":"2026-08-12T00:28:02.022+05:30"}
{"level":"error","message":"Redis error connect ENETUNREACH 172.17.0.2:6379 - Local (0.0.0.0:0)","timestamp":"2026-08-12T00:28:04.044+05:30"}
{"level":"error","message":"Redis error connect ENETUNREACH 172.17.0.2:6379 - Local (0.0.0.0:0)","timestamp":"2026-08-12T00:28:06.066+05:30"}
{"level":"error","message":"Redis error connect ENETUNREACH 172.17.0.2:6379 - Local (0.0.0.0:0)","timestamp":"2026-08-12T00:28:08.088+05:30"}
{"level":"error","message":"Redis error connect ENETUNREACH 172.17.0.2:6379 - Local (0.0.0.0:0)","timestamp":"2026-08-12T00:28:10.1010+05:30"}
{"level":"error","message":"Redis error connect ENETUNREACH 172.17.0.2:6379 - Local (0.0.0.0:0)","timestamp":"2026-08-12T00:28:12.1212+05:30"}
{"level":"error","message":"Redis error connect ENETUNREACH 172.17.0.2:6379 - Local (0.0.0.0:0)","timestamp":"2026-08-12T00:28:14.1414+05:30"}
{"level":"error","message":"Redis error connect ENETUNREACH 172.17.0.2:6379 - Local (0.0.0.0:0)","timestamp":"2026-08-12T00:28:16.1616+05:30"}
{"level":"error","message":"Redis error connect ENETUNREACH 172.17.0.2:6379 - Local (0.0.0.0:0)","timestamp":"2026-08-12T00:28:18.1818+05:30"}
{"level":"error","message":"Redis error connect ENETUNREACH 172.17.0.2:6379 - Local (0.0.0.0:0)","timestamp":"2026-08-12T00:28:20.2020+05:30"}
{"level":"error","message":"Redis error connect ENETUNREACH 172.17.0.2:6379 - Local (0.0.0.0:0)","timestamp":"2026-08-12T00:28:22.2222+05:30"}
{"level":"error","message":"Redis error connect ENETUNREACH 172.17.0.2:6379 - Local (0.0.0.0:0)","timestamp":"2026-08-12T00:28:24.2424+05:30"}
{"level":"error","message":"Redis error connect ENETUNREACH 172.17.0.2:6379 - Local (0.0.0.0:0)","timestamp":"2026-08-12T00:28:26.2626+05:30"}
{"level":"error","message":"Redis error connect ENETUNREACH 172.17.0.2:6379 - Local (0.0.0.0:0)","timestamp":"2026-08-12T00:28:28.2828+05:30"}
{"level":"error","message":"Redis error connect ENETUNREACH 172.17.0.2:6379 - Local (0.0.0.0:0)","timestamp":"2026-08-12T00:28:30.3030+05:30"}
{"level":"error","message":"Redis error connect ENETUNREACH 172.17.0.2:6379 - Local (0.0.0.0:0)","timestamp":"2026-08-12T00:28:32.3232+05:30"}
{"level":"error","message":"Redis error connect ENETUNREACH 172.17.0.2:6379 - Local (0.0.0.0:0)","timestamp":"2026-08-12T00:28:34.3434+05:30"}
{"level":"error","message":"Redis error connect ENETUNREACH 172.17.0.2:6379 - Local (0.0.0.0:0)","timestamp":"2026-08-12T00:28:36.3636+05:30"}
{"level":"error","message":"Redis error connect ENETUNREACH 172.17.0.2:6379 - Local (0.0.0.0:0)","timestamp":"2026-08-12T00:28:38.3838+05:30"}
{"level":"error","message":"Redis error connect ENETUNREACH 172.17.0.2:6379 - Local (0.0.0.0:0)","timestamp":"2026-08-12T00:28:40.4040+05:30"}
{"level":"error","message":"Redis error connect ENETUNREACH 172.17.0.2:6379 - Local (0.0.0.0:0)","timestamp":"2026-08-12T00:28:42.4242+05:30"}
{"level":"error","message":"Redis error connect ENETUNREACH 172.17.0.2:6379 - Local (0.0.0.0:0)","timestamp":"2026-08-12T00:28:44.4444+05:30"}
{"level":"error","message":"Redis error connect ENETUNREACH 172.17.0.2:6379 - Local (0.0.0.0:0)","timestamp":"2026-08-12T00:28:46.4646+05:30"}
{"level":"error","message":"Redis error connect ENETUNREACH 172.17.0.2:6379 - Local (0.0.0.0:0)","timestamp":"2026-08-12T00:28:48.4848+05:30"}
{"level":"error","message":"Redis error connect ENETUNREACH 172.17.0.2:6379 - Local (0.0.0.0:0)","timestamp":"2026-08-12T00:28:50.5050+05:30"}
{"level":"error","message":"Redis error connect ENETUNREACH 172.17.0.2:6379 - Local (0.0.0.0:0)","timestamp":"2026-08-12T00:28:52.5252+05:30"}
{"level":"error","message":"Redis error connect ENETUNREACH 172.17.0.2:6379 - Local (0.0.0.0:0)","timestamp":"2026-08-12T00:28:54.5454+05:30"}
{"level":"error","message":"Redis error connect ENETUNREACH 172.17.0.2:6379 - Local (0.0.0.0:0)","timestamp":"2026-08-12T00:28:56.5656+05:30"}
{"level":"error","message":"Redis error connect ENETUNREACH 172.17.0.2:6379 - Local (0.0.0.0:0)","timestamp":"2026-08-12T00:28:58.5858+05:30"}
{"level":"error","message":"Redis error connect ENETUNREACH 172.17.0.2:6379 - Local (0.0.0.0:0)","timestamp":"2026-08-12T00:29:00.000+05:30"}
{"level":"error","message":"Redis error connect ENETUNREACH 172.17.0.2:6379 - Local (0.0.0.0:0)","timestamp":"2026-08-12T00:29:02.022+05:30"}
{"level":"error","message":"Redis error connect ENETUNREACH 172.17.0.2:6379 - Local (0.0.0.0:0)","timestamp":"2026-08-12T00:29:04.044+05:30"}
{"level":"error","message":"Redis error connect ENETUNREACH 172.17.0.2:6379 - Local (0.0.0.0:0)","timestamp":"2026-08-12T00:29:06.066+05:30"}
{"level":"error","message":"Redis error connect ENETUNREACH 172.17.0.2:6379 - Local (0.0.0.0:0)","timestamp":"2026-08-12T00:29:08.088+05:30"}
{"level":"error","message":"Redis error connect ENETUNREACH 172.17.0.2:6379 - Local (0.0.0.0:0)","timestamp":"2026-08-12T00:29:10.1010+05:30"}
{"level":"error","message":"Redis error connect ENETUNREACH 172.17.0.2:6379 - Local (0.0.0.0:0)","timestamp":"2026-08-12T00:29:12.1212+05:30"}
{"level":"error","message":"Redis error connect ENETUNREACH 172.17.0.2:6379 - Local (0.0.0.0:0)","timestamp":"2026-08-12T00:29:14.1414+05:30"}
{"level":"error","message":"Redis error connect ENETUNREACH 172.17.0.2:6379 - Local (0.0.0.0:0)","timestamp":"2026-08-12T00:29:16.1616+05:30"}
{"level":"error","message":"Redis error connect ENETUNREACH 172.17.0.2:6379 - Local (0.0.0.0:0)","timestamp":"2026-08-12T00:29:18.1818+05:30"}
{"level":"error","message":"Redis error connect ENETUNREACH 172.17.0.2:6379 - Local (0.0.0.0:0)","timestamp":"2026-08-12T00:29:20.2020+05:30"}
{"level":"error","message":"Redis error connect ENETUNREACH 172.17.0.2:6379 - Local (0.0.0.0:0)","timestamp":"2026-08-12T00:29:22.2222+05:30"}
{"level":"error","message":"Redis error connect ENETUNREACH 172.17.0.2:6379 - Local (0.0.0.0:0)","timestamp":"2026-08-12T00:29:24.2424+05:30"}
{"level":"error","message":"Redis error connect ENETUNREACH 172.17.0.2:6379 - Local (0.0.0.0:0)","timestamp":"2026-08-12T00:29:26.2626+05:30"}
{"level":"error","message":"Redis error connect ENETUNREACH 172.17.0.2:6379 - Local (0.0.0.0:0)","timestamp":"2026-08-12T00:29:28.2828+05:30"}
{"level":"error","message":"Redis error connect ENETUNREACH 172.17.0.2:6379 - Local (0.0.0.0:0)","timestamp":"2026-08-12T00:29:30.3030+05:30"}
{"level":"error","message":"Redis error connect ENETUNREACH 172.17.0.2:6379 - Local (0.0.0.0:0)","timestamp":"2026-08-12T00:29:32.3232+05:30"}
{"level":"error","message":"Redis error connect ENETUNREACH 172.17.0.2:6379 - Local (0.0.0.0:0)","timestamp":"2026-08-12T00:29:34.3434+05:30"}
{"level":"error","message":"Redis error connect ENETUNREACH 172.17.0.2:6379 - Local (0.0.0.0:0)","timestamp":"2026-08-12T00:29:36.3636+05:30"}
{"level":"error","message":"Redis error connect ENETUNREACH 172.17.0.2:6379 - Local (0.0.0.0:0)","timestamp":"2026-08-12T00:29:38.3838+05:30"}
{"level":"error","message":"Redis error connect ENETUNREACH 172.17.0.2:6379 - Local (0.0.0.0:0)","timestamp":"2026-08-12T00:29:40.4040+05:30"}
{"level":"error","message":"Redis error connect ENETUNREACH 172.17.0.2:6379 - Local (0.0.0.0:0)","timestamp":"2026-08-12T00:29:42.4242+05:30"}
{"level":"error","message":"Redis error connect ENETUNREACH 172.17.0.2:6379 - Local (0.0.0.0:0)","timestamp":"2026-08-12T00:29:44.4444+05:30"}
{"level":"error","message":"Redis error connect ENETUNREACH 172.17.0.2:6379 - Local (0.0.0.0:0)","timestamp":"2026-08-12T00:29:46.4646+05:30"}
{"level":"error","message":"Redis error connect ENETUNREACH 172.17.0.2:6379 - Local (0.0.0.0:0)","timestamp":"2026-08-12T00:29:48.4848+05:30"}
{"level":"error","message":"Redis error connect ENETUNREACH 172.17.0.2:6379 - Local (0.0.0.0:0)","timestamp":"2026-08-12T00:29:50.5050+05:30"}
{"level":"error","message":"Redis error connect ENETUNREACH 172.17.0.2:6379 - Local (0.0.0.0:0)","timestamp":"2026-08-12T00:29:52.5252+05:30"}
{"level":"error","message":"Redis error connect ENETUNREACH 172.17.0.2:6379 - Local (0.0.0.0:0)","timestamp":"2026-08-12T00:29:54.5454+05:30"}
{"level":"error","message":"Redis error connect ENETUNREACH 172.17.0.2:6379 - Local (0.0.0.0:0)","timestamp":"2026-08-12T00:29:56.5656+05:30"}
{"level":"error","message":"Redis error connect ENETUNREACH 172.17.0.2:6379 - Local (0.0.0.0:0)","timestamp":"2026-08-12T00:29:58.5858+05:30"}
{"level":"error","message":"Redis error connect ENETUNREACH 172.17.0.2:6379 - Local (0.0.0.0:0)","timestamp":"2026-08-12T00:30:00.000+05:30"}
{"level":"error","message":"Redis error connect ENETUNREACH 172.17.0.2:6379 - Local (0.0.0.0:0)","timestamp":"2026-08-12T00:30:02.022+05:30"}
{"level":"error","message":"Redis error connect ENETUNREACH 172.17.0.2:6379 - Local (0.0.0.0:0)","timestamp":"2026-08-12T00:30:04.044+05:30"}
{"level":"error","message":"Redis error connect ENETUNREACH 172.17.0.2:6379 - Local (0.0.0.0:0)","timestamp":"2026-08-12T00:30:06.066+05:30"}
{"level":"error","message":"Redis error connect ENETUNREACH 172.17.0.2:6379 - Local (0.0.0.0:0)","timestamp":"2026-08-12T00:30:08.088+05:30"}
{"level":"error","message":"Redis error connect ENETUNREACH 172.17.0.2:6379 - Local (0.0.0.0:0)","timestamp":"2026-08-12T00:30:10.1010+05:30"}
{"level":"error","message":"Redis error connect ENETUNREACH 172.17.0.2:6379 - Local (0.0.0.0:0)","timestamp":"2026-08-12T00:30:12.1212+05:30"}
{"level":"error","message":"Redis error connect ENETUNREACH 172.17.0.2:6379 - Local (0.0.0.0:0)","timestamp":"2026-08-12T00:30:14.1414+05:30"}
{"level":"error","message":"Redis error connect ENETUNREACH 172.17.0.2:6379 - Local (0.0.0.0:0)","timestamp":"2026-08-12T00:30:16.1616+05:30"}
{"level":"error","message":"Redis error connect ENETUNREACH 172.17.0.2:6379 - Local (0.0.0.0:0)","timestamp":"2026-08-12T00:30:18.1818+05:30"}
{"level":"error","message":"Redis error connect ENETUNREACH 172.17.0.2:6379 - Local (0.0.0.0:0)","timestamp":"2026-08-12T00:30:20.2020+05:30"}
{"level":"error","message":"Redis error connect ENETUNREACH 172.17.0.2:6379 - Local (0.0.0.0:0)","timestamp":"2026-08-12T00:30:22.2222+05:30"}
{"level":"error","message":"Redis error connect ENETUNREACH 172.17.0.2:6379 - Local (0.0.0.0:0)","timestamp":"2026-08-12T00:30:24.2424+05:30"}
{"level":"error","message":"Redis error connect ENETUNREACH 172.17.0.2:6379 - Local (0.0.0.0:0)","timestamp":"2026-08-12T00:30:26.2626+05:30"}
{"level":"error","message":"Redis error connect ENETUNREACH 172.17.0.2:6379 - Local (0.0.0.0:0)","timestamp":"2026-08-12T00:30:28.2828+05:30"}
{"level":"error","message":"Redis error connect ENETUNREACH 172.17.0.2:6379 - Local (0.0.0.0:0)","timestamp":"2026-08-12T00:30:30.3030+05:30"}
{"level":"error","message":"Redis error connect ENETUNREACH 172.17.0.2:6379 - Local (0.0.0.0:0)","timestamp":"2026-08-12T00:30:32.3232+05:30"}
{"level":"error","message":"Redis error connect ENETUNREACH 172.17.0.2:6379 - Local (0.0.0.0:0)","timestamp":"2026-08-12T00:30:34.3434+05:30"}
{"level":"error","message":"Redis error connect ENETUNREACH 172.17.0.2:6379 - Local (0.0.0.0:0)","timestamp":"2026-08-12T00:30:36.3636+05:30"}
{"level":"error","message":"Redis error connect ENETUNREACH 172.17.0.2:6379 - Local (0.0.0.0:0)","timestamp":"2026-08-12T00:30:38.3838+05:30"}
{"level":"error","message":"Redis error connect ENETUNREACH 172.17.0.2:6379 - Local (0.0.0.0:0)","timestamp":"2026-08-12T00:30:40.4040+05:30"}
{"level":"error","message":"Redis error connect ENETUNREACH 172.17.0.2:6379 - Local (0.0.0.0:0)","timestamp":"2026-08-12T00:30:42.4242+05:30"}
{"level":"error","message":"Redis error connect ENETUNREACH 172.17.0.2:6379 - Local (0.0.0.0:0)","timestamp":"2026-08-12T00:30:44.4444+05:30"}
{"level":"error","message":"Redis error connect ENETUNREACH 172.17.0.2:6379 - Local (0.0.0.0:0)","timestamp":"2026-08-12T00:30:46.4646+05:30"}
{"level":"error","message":"Redis error connect ENETUNREACH 172.17.0.2:6379 - Local (0.0.0.0:0)","timestamp":"2026-08-12T00:30:48.4848+05:30"}
{"level":"error","message":"Redis error connect ENETUNREACH 172.17.0.2:6379 - Local (0.0.0.0:0)","timestamp":"2026-08-12T00:30:50.5050+05:30"}
{"level":"error","message":"Redis error connect ENETUNREACH 172.17.0.2:6379 - Local (0.0.0.0:0)","timestamp":"2026-08-12T00:30:52.5252+05:30"}
{"level":"error","message":"Redis error connect ENETUNREACH 172.17.0.2:6379 - Local (0.0.0.0:0)","timestamp":"2026-08-12T00:30:54.5454+05:30"}
{"level":"error","message":"Redis error connect ENETUNREACH 172.17.0.2:6379 - Local (0.0.0.0:0)","timestamp":"2026-08-12T00:30:56.5656+05:30"}
{"level":"error","message":"Redis error connect ENETUNREACH 172.17.0.2:6379 - Local (0.0.0.0:0)","timestamp":"2026-08-12T00:30:58.5858+05:30"}
{"level":"error","message":"Redis error connect ENETUNREACH 172.17.0.2:6379 - Local (0.0.0.0:0)","timestamp":"2026-08-12T00:31:00.000+05:30"}
{"level":"error","message":"Redis error connect ENETUNREACH 172.17.0.2:6379 - Local (0.0.0.0:0)","timestamp":"2026-08-12T00:31:02.022+05:30"}
{"level":"error","message":"Redis error connect ENETUNREACH 172.17.0.2:6379 - Local (0.0.0.0:0)","timestamp":"2026-08-12T00:31:04.044+05:30"}
{"level":"error","message":"Redis error connect ENETUNREACH 172.17.0.2:6379 - Local (0.0.0.0:0)","timestamp":"2026-08-12T00:31:06.066+05:30"}
{"level":"error","message":"Redis error connect ENETUNREACH 172.17.0.2:6379 - Local (0.0.0.0:0)","timestamp":"2026-08-12T00:31:08.088+05:30"}
{"level":"error","message":"Redis error connect ENETUNREACH 172.17.0.2:6379 - Local (0.0.0.0:0)","timestamp":"2026-08-12T00:31:10.1010+05:30"}
{"level":"error","message":"Redis error connect ENETUNREACH 172.17.0.2:6379 - Local (0.0.0.0:0)","timestamp":"2026-08-12T00:31:12.1212+05:30"}
{"level":"error","message":"Redis error connect ENETUNREACH 172.17.0.2:6379 - Local (0.0.0.0:0)","timestamp":"2026-08-12T00:31:14.1414+05:30"}
{"level":"error","message":"Redis error connect ENETUNREACH 172.17.0.2:6379 - Local (0.0.0.0:0)","timestamp":"2026-08-12T00:31:16.1616+05:30"}
{"level":"error","message":"Redis error connect ENETUNREACH 172.17.0.2:6379 - Local (0.0.0.0:0)","timestamp":"2026-08-12T00:31:18.1818+05:30"}
{"level":"error","message":"Redis error connect ENETUNREACH 172.17.0.2:6379 - Local (0.0.0.0:0)","timestamp":"2026-08-12T00:31:20.2020+05:30"}
{"level":"error","message":"Redis error connect ENETUNREACH 172.17.0.2:6379 - Local (0.0.0.0:0)","timestamp":"2026-08-12T00:31:22.2222+05:30"}
{"level":"error","message":"Redis error connect ENETUNREACH 172.17.0.2:6379 - Local (0.0.0.0:0)","timestamp":"2026-08-12T00:31:24.2424+05:30"}
{"level":"error","message":"Redis error connect ENETUNREACH 172.17.0.2:6379 - Local (0.0.0.0:0)","timestamp":"2026-08-12T00:31:26.2626+05:30"}
{"level":"error","message":"Redis error connect ENETUNREACH 172.17.0.2:6379 - Local (0.0.0.0:0)","timestamp":"2026-08-12T00:31:28.2828+05:30"}
{"level":"error","message":"Redis error connect ENETUNREACH 172.17.0.2:6379 - Local (0.0.0.0:0)","timestamp":"2026-08-12T00:31:30.3030+05:30"}
{"level":"error","message":"Redis error connect ENETUNREACH 172.17.0.2:6379 - Local (0.0.0.0:0)","timestamp":"2026-08-12T00:31:32.3232+05:30"}
{"level":"error","message":"Redis error connect ENETUNREACH 172.17.0.2:6379 - Local (0.0.0.0:0)","timestamp":"2026-08-12T00:31:34.3434+05:30"}
{"level":"error","message":"Redis error connect ENETUNREACH 172.17.0.2:6379 - Local (0.0.0.0:0)","timestamp":"2026-08-12T00:31:36.3636+05:30"}
{"level":"error","message":"Redis error connect ENETUNREACH 172.17.0.2:6379 - Local (0.0.0.0:0)","timestamp":"2026-08-12T00:31:38.3838+05:30"}
{"level":"error","message":"Redis error connect ENETUNREACH 172.17.0.2:6379 - Local (0.0.0.0:0)","timestamp":"2026-08-12T00:31:40.4040+05:30"}
{"level":"error","message":"Redis error connect ENETUNREACH 172.17.0.2:6379 - Local (0.0.0.0:0)","timestamp":"2026-08-12T00:31:42.4242+05:30"}
{"level":"error","message":"Redis error connect ENETUNREACH 172.17.0.2:6379 - Local (0.0.0.0:0)","timestamp":"2026-08-12T00:31:44.4444+05:30"}
{"level":"error","message":"Redis error connect ENETUNREACH 172.17.0.2:6379 - Local (0.0.0.0:0)","timestamp":"2026-08-12T00:31:46.4646+05:30"}
{"level":"error","message":"Redis error connect ENETUNREACH 172.17.0.2:6379 - Local (0.0.0.0:0)","timestamp":"2026-08-12T00:31:48.4848+05:30"}
{"level":"error","message":"Redis error connect ENETUNREACH 172.17.0.2:6379 - Local (0.0.0.0:0)","timestamp":"2026-08-12T00:31:50.5050+05:30"}
{"level":"error","message":"Redis error connect ENETUNREACH 172.17.0.2:6379 - Local (0.0.0.0:0)","timestamp":"2026-08-12T00:31:52.5252+05:30"}
{"level":"error","message":"Redis error connect ENETUNREACH 172.17.0.2:6379 - Local (0.0.0.0:0)","timestamp":"2026-08-12T00:31:54.5454+05:30"}
{"level":"error","message":"Redis error connect ENETUNREACH 172.17.0.2:6379 - Local (0.0.0.0:0)","timestamp":"2026-08-12T00:31:56.5656+05:30"}
{"level":"error","message":"Redis error connect ENETUNREACH 172.17.0.2:6379 - Local (0.0.0.0:0)","timestamp":"2026-08-12T00:31:58.5858+05:30"}
{"level":"error","message":"Redis error connect ENETUNREACH 172.17.0.2:6379 - Local (0.0.0.0:0)","timestamp":"2026-08-12T00:32:00.000+05:30"}
{"level":"error","message":"Redis error connect ENETUNREACH 172.17.0.2:6379 - Local (0.0.0.0:0)","timestamp":"2026-08-12T00:32:02.022+05:30"}
{"level":"error","message":"Redis error connect ENETUNREACH 172.17.0.2:6379 - Local (0.0.0.0:0)","timestamp":"2026-08-12T00:32:04.044+05:30"}
{"level":"error","message":"Redis error connect ENETUNREACH 172.17.0.2:6379 - Local (0.0.0.0:0)","timestamp":"2026-08-12T00:32:06.066+05:30"}
{"level":"error","message":"Redis error connect ENETUNREACH 172.17.0.2:6379 - Local (0.0.0.0:0)","timestamp":"2026-08-12T00:32:08.088+05:30"}
{"level":"error","message":"Redis error connect ENETUNREACH 172.17.0.2:6379 - Local (0.0.0.0:0)","timestamp":"2026-08-12T00:32:10.1010+05:30"}
{"level":"error","message":"Redis error connect ENETUNREACH 172.17.0.2:6379 - Local (0.0.0.0:0)","timestamp":"2026-08-12T00:32:12.1212+05:30"}
{"level":"error","message":"Redis error connect ENETUNREACH 172.17.0.2:6379 - Local (0.0.0.0:0)","timestamp":"2026-08-12T00:32:14.1414+05:30"}
{"level":"error","message":"Redis error connect ENETUNREACH 172.17.0.2:6379 - Local (0.0.0.0:0)","timestamp":"2026-08-12T00:32:16.1616+05:30"}
{"level":"error","message":"Redis error connect ENETUNREACH 172.17.0.2:6379 - Local (0.0.0.0:0)","timestamp":"2026-08-12T00:32:18.1818+05:30"}
{"level":"error","message":"Redis error connect ENETUNREACH 172.17.0.2:6379 - Local (0.0.0.0:0)","timestamp":"2026-08-12T00:32:20.2020+05:30"}
{"level":"error","message":"Redis error connect ENETUNREACH 172.17.0.2:6379 - Local (0.0.0.0:0)","timestamp":"2026-08-12T00:32:22.2222+05:30"}
{"level":"error","message":"Redis error connect ENETUNREACH 172.17.0.2:6379 - Local (0.0.0.0:0)","timestamp":"2026-08-12T00:32:24.2424+05:30"}
{"level":"error","message":"Redis error connect ENETUNREACH 172.17.0.2:6379 - Local (0.0.0.0:0)","timestamp":"2026-08-12T00:32:26.2626+05:30"}
{"level":"error","message":"Redis error connect ENETUNREACH 172.17.0.2:6379 - Local (0.0.0.0:0)","timestamp":"2026-08-12T00:32:28.2828+05:30"}
{"level":"error","message":"Redis error connect ENETUNREACH 172.17.0.2:6379 - Local (0.0.0.0:0)","timestamp":"2026-08-12T00:32:30.3030+05:30"}
{"level":"error","message":"Redis error connect ENETUNREACH 172.17.0.2:6379 - Local (0.0.0.0:0)","timestamp":"2026-08-12T00:32:32.3232+05:30"}
{"level":"error","message":"Redis error connect ENETUNREACH 172.17.0.2:6379 - Local (0.0.0.0:0)","timestamp":"2026-08-12T00:32:34.3434+05:30"}
{"level":"error","message":"Redis error connect ENETUNREACH 172.17.0.2:6379 - Local (0.0.0.0:0)","timestamp":"2026-08-12T00:32:36.3636+05:30"}
{"level":"error","message":"Redis error connect ENETUNREACH 172.17.0.2:6379 - Local (0.0.0.0:0)","timestamp":"2026-08-12T00:32:38.3838+05:30"}
{"level":"error","message":"Redis error connect ENETUNREACH 172.17.0.2:6379 - Local (0.0.0.0:0)","timestamp":"2026-08-12T00:32:40.4040+05:30"}
{"level":"error","message":"Redis error connect ENETUNREACH 172.17.0.2:6379 - Local (0.0.0.0:0)","timestamp":"2026-08-12T00:32:42.4242+05:30"}
{"level":"error","message":"Redis error connect ENETUNREACH 172.17.0.2:6379 - Local (0.0.0.0:0)","timestamp":"2026-08-12T00:32:44.4444+05:30"}
{"level":"error","message":"Redis error connect ENETUNREACH 172.17.0.2:6379 - Local (0.0.0.0:0)","timestamp":"2026-08-12T00:32:46.4646+05:30"}
{"level":"error","message":"Redis error connect ENETUNREACH 172.17.0.2:6379 - Local (0.0.0.0:0)","timestamp":"2026-08-12T00:32:48.4848+05:30"}
{"level":"error","message":"Redis error connect ENETUNREACH 172.17.0.2:6379 - Local (0.0.0.0:0)","timestamp":"2026-08-12T00:32:50.5050+05:30"}
{"level":"error","message":"Redis error connect ENETUNREACH 172.17.0.2:6379 - Local (0.0.0.0:0)","timestamp":"2026-08-12T00:32:52.5252+05:30"}
{"level":"error","message":"Redis error connect ENETUNREACH 172.17.0.2:6379 - Local (0.0.0.0:0)","timestamp":"2026-08-12T00:32:54.5454+05:30"}
{"level":"error","message":"Redis error connect ENETUNREACH 172.17.0.2:6379 - Local (0.0.0.0:0)","timestamp":"2026-08-12T00:32:56.5656+05:30"}
{"level":"error","message":"Redis error connect ENETUNREACH 172.17.0.2:6379 - Local (0.0.0.0:0)","timestamp":"2026-08-12T00:32:58.5858+05:30"}
{"level":"error","message":"Redis error connect ENETUNREACH 172.17.0.2:6379 - Local (0.0.0.0:0)","timestamp":"2026-08-12T00:33:00.000+05:30"}
{"level":"error","message":"Redis error connect ENETUNREACH 172.17.0.2:6379 - Local (0.0.0.0:0)","timestamp":"2026-08-12T00:33:02.022+05:30"}
{"level":"error","message":"Redis error connect ENETUNREACH 172.17.0.2:6379 - Local (0.0.0.0:0)","timestamp":"2026-08-12T00:33:04.044+05:30"}
{"level":"error","message":"Redis error connect ENETUNREACH 172.17.0.2:6379 - Local (0.0.0.0:0)","timestamp":"2026-08-12T00:33:06.066+05:30"}
{"level":"error","message":"Redis error connect ENETUNREACH 172.17.0.2:6379 - Local (0.0.0.0:0)","timestamp":"2026-08-12T00:33:08.088+05:30"}
{"level":"error","message":"Redis error connect ENETUNREACH 172.17.0.2:6379 - Local (0.0.0.0:0)","timestamp":"2026-08-12T00:33:10.1010+05:30"}
{"level":"error","message":"Redis error connect ENETUNREACH 172.17.0.2:6379 - Local (0.0.0.0:0)","timestamp":"2026-08-12T00:33:12.1212+05:30"}
{"level":"error","message":"Redis error connect ENETUNREACH 172.17.0.2:6379 - Local (0.0.0.0:0)","timestamp":"2026-08-12T00:33:14.1414+05:30"}
{"level":"error","message":"Redis error connect ENETUNREACH 172.17.0.2:6379 - Local (0.0.0.0:0)","timestamp":"2026-08-12T00:33:16.1616+05:30"}
{"level":"error","message":"Redis error connect ENETUNREACH 172.17.0.2:6379 - Local (0.0.0.0:0)","timestamp":"2026-08-12T00:33:18.1818+05:30"}
{"level":"error","message":"Redis error connect ENETUNREACH 172.17.0.2:6379 - Local (0.0.0.0:0)","timestamp":"2026-08-12T00:33:20.2020+05:30"}
{"level":"error","message":"Redis error connect ENETUNREACH 172.17.0.2:6379 - Local (0.0.0.0:0)","timestamp":"2026-08-12T00:33:22.2222+05:30"}
{"level":"error","message":"Redis error connect ENETUNREACH 172.17.0.2:6379 - Local (0.0.0.0:0)","timestamp":"2026-08-12T00:33:24.2424+05:30"}
{"level":"error","message":"Redis error connect ENETUNREACH 172.17.0.2:6379 - Local (0.0.0.0:0)","timestamp":"2026-08-12T00:33:26.2626+05:30"}
{"level":"error","message":"Redis error connect ENETUNREACH 172.17.0.2:6379 - Local (0.0.0.0:0)","timestamp":"2026-08-12T00:33:28.2828+05:30"}
{"level":"error","message":"Redis error connect ENETUNREACH 172.17.0.2:6379 - Local (0.0.0.0:0)","timestamp":"2026-08-12T00:33:30.3030+05:30"}
{"level":"error","message":"Redis error connect ENETUNREACH 172.17.0.2:6379 - Local (0.0.0.0:0)","timestamp":"2026-08-12T00:33:32.3232+05:30"}
{"level":"error","message":"Redis error connect ENETUNREACH 172.17.0.2:6379 - Local (0.0.0.0:0)","timestamp":"2026-08-12T00:33:34.3434+05:30"}
{"level":"error","message":"Redis error connect ENETUNREACH 172.17.0.2:6379 - Local (0.0.0.0:0)","timestamp":"2026-08-12T00:33:36.3636+05:30"}
{"level":"error","message":"Redis error connect ENETUNREACH 172.17.0.2:6379 - Local (0.0.0.0:0)","timestamp":"2026-08-12T00:33:38.3838+05:30"}
{"level":"error","message":"Redis error connect ENETUNREACH 172.17.0.2:6379 - Local (0.0.0.0:0)","timestamp":"2026-08-12T00:33:40.4040+05:30"}
{"level":"error","message":"Redis error connect ENETUNREACH 172.17.0.2:6379 - Local (0.0.0.0:0)","timestamp":"2026-08-12T00:33:42.4242+05:30"}
{"level":"error","message":"Redis error connect ENETUNREACH 172.17.0.2:6379 - Local (0.0.0.0:0)","timestamp":"2026-08-12T00:33:44.4444+05:30"}
{"level":"error","message":"Redis error connect ENETUNREACH 172.17.0.2:6379 - Local (0.0.0.0:0)","timestamp":"2026-08-12T00:33:46.4646+05:30"}
{"level":"error","message":"Redis error connect ENETUNREACH 172.17.0.2:6379 - Local (0.0.0.0:0)","timestamp":"2026-08-12T00:33:48.4848+05:30"}
{"level":"error","message":"Redis error connect ENETUNREACH 172.17.0.2:6379 - Local (0.0.0.0:0)","timestamp":"2026-08-12T00:33:50.5050+05:30"}
{"level":"error","message":"Redis error connect ENETUNREACH 172.17.0.2:6379 - Local (0.0.0.0:0)","timestamp":"2026-08-12T00:33:52.5252+05:30"}
{"level":"error","message":"Redis error connect ENETUNREACH 172.17.0.2:6379 - Local (0.0.0.0:0)","timestamp":"2026-08-12T00:33:54.5454+05:30"}
{"level":"error","message":"Redis error connect ENETUNREACH 172.17.0.2:6379 - Local (0.0.0.0:0)","timestamp":"2026-08-12T00:33:56.5656+05:30"}
{"level":"error","message":"Redis error connect ENETUNREACH 172.17.0.2:6379 - Local (0.0.0.0:0)","timestamp":"2026-08-12T00:33:58.5858+05:30"}
{"level":"error","message":"Redis error connect ENETUNREACH 172.17.0.2:6379 - Local (0.0.0.0:0)","timestamp":"2026-08-12T00:34:00.000+05:30"}
{"level":"error","message":"Redis error connect ENETUNREACH 172.17.0.2:6379 - Local (0.0.0.0:0)","timestamp":"2026-08-12T00:34:03.033+05:30"}
{"level":"error","message":"Redis error connect ENETUNREACH 172.17.0.2:6379 - Local (0.0.0.0:0)","timestamp":"2026-08-12T00:34:05.055+05:30"}
{"level":"error","message":"Redis error connect ENETUNREACH 172.17.0.2:6379 - Local (0.0.0.0:0)","timestamp":"2026-08-12T00:34:07.077+05:30"}
{"level":"error","message":"Redis error connect ENETUNREACH 172.17.0.2:6379 - Local (0.0.0.0:0)","timestamp":"2026-08-12T00:34:09.099+05:30"}
{"level":"error","message":"Redis error connect ENETUNREACH 172.17.0.2:6379 - Local (0.0.0.0:0)","timestamp":"2026-08-12T00:34:11.1111+05:30"}
{"level":"error","message":"Redis error connect ENETUNREACH 172.17.0.2:6379 - Local (0.0.0.0:0)","timestamp":"2026-08-12T00:34:13.1313+05:30"}
{"level":"error","message":"Redis error connect ENETUNREACH 172.17.0.2:6379 - Local (0.0.0.0:0)","timestamp":"2026-08-12T00:34:15.1515+05:30"}
{"level":"error","message":"Redis error connect ENETUNREACH 172.17.0.2:6379 - Local (0.0.0.0:0)","timestamp":"2026-08-12T00:34:17.1717+05:30"}
{"level":"error","message":"Redis error connect ENETUNREACH 172.17.0.2:6379 - Local (0.0.0.0:0)","timestamp":"2026-08-12T00:34:19.1919+05:30"}
{"level":"error","message":"Redis error connect ENETUNREACH 172.17.0.2:6379 - Local (0.0.0.0:0)","timestamp":"2026-08-12T00:34:21.2121+05:30"}
{"level":"error","message":"Redis error connect ENETUNREACH 172.17.0.2:6379 - Local (0.0.0.0:0)","timestamp":"2026-08-12T00:34:23.2323+05:30"}
{"level":"error","message":"Redis error connect ENETUNREACH 172.17.0.2:6379 - Local (0.0.0.0:0)","timestamp":"2026-08-12T00:34:25.2525+05:30"}
{"level":"error","message":"Redis error connect ENETUNREACH 172.17.0.2:6379 - Local (0.0.0.0:0)","timestamp":"2026-08-12T00:34:27.2727+05:30"}
{"level":"error","message":"Redis error connect ENETUNREACH 172.17.0.2:6379 - Local (0.0.0.0:0)","timestamp":"2026-08-12T00:34:29.2929+05:30"}
{"level":"error","message":"Redis error connect ENETUNREACH 172.17.0.2:6379 - Local (0.0.0.0:0)","timestamp":"2026-08-12T00:34:31.3131+05:30"}
{"level":"error","message":"Redis error connect ENETUNREACH 172.17.0.2:6379 - Local (0.0.0.0:0)","timestamp":"2026-08-12T00:34:33.3333+05:30"}
{"level":"error","message":"Redis error connect ENETUNREACH 172.17.0.2:6379 - Local (0.0.0.0:0)","timestamp":"2026-08-12T00:34:35.3535+05:30"}
{"level":"error","message":"Redis error connect ENETUNREACH 172.17.0.2:6379 - Local (0.0.0.0:0)","timestamp":"2026-08-12T00:34:37.3737+05:30"}
{"level":"error","message":"Redis error connect ENETUNREACH 172.17.0.2:6379 - Local (0.0.0.0:0)","timestamp":"2026-08-12T00:34:39.3939+05:30"}
{"level":"error","message":"Redis error connect ENETUNREACH 172.17.0.2:6379 - Local (0.0.0.0:0)","timestamp":"2026-08-12T00:34:41.4141+05:30"}
{"level":"error","message":"Redis error connect ENETUNREACH 172.17.0.2:6379 - Local (0.0.0.0:0)","timestamp":"2026-08-12T00:34:43.4343+05:30"}
{"level":"error","message":"Redis error connect ENETUNREACH 172.17.0.2:6379 - Local (0.0.0.0:0)","timestamp":"2026-08-12T00:34:45.4545+05:30"}
{"level":"error","message":"Redis error connect ENETUNREACH 172.17.0.2:6379 - Local (0.0.0.0:0)","timestamp":"2026-08-12T00:34:47.4747+05:30"}
{"level":"error","message":"Redis error connect ENETUNREACH 172.17.0.2:6379 - Local (0.0.0.0:0)","timestamp":"2026-08-12T00:34:49.4949+05:30"}
{"level":"error","message":"Redis error connect ENETUNREACH 172.17.0.2:6379 - Local (0.0.0.0:0)","timestamp":"2026-08-12T00:34:51.5151+05:30"}
{"level":"error","message":"Redis error connect ENETUNREACH 172.17.0.2:6379 - Local (0.0.0.0:0)","timestamp":"2026-08-12T00:34:53.5353+05:30"}
{"level":"error","message":"Redis error connect ENETUNREACH 172.17.0.2:6379 - Local (0.0.0.0:0)","timestamp":"2026-08-12T00:34:55.5555+05:30"}
{"level":"error","message":"Redis error connect ENETUNREACH 172.17.0.2:6379 - Local (0.0.0.0:0)","timestamp":"2026-08-12T00:34:57.5757+05:30"}
{"level":"error","message":"Redis error connect ENETUNREACH 172.17.0.2:6379 - Local (0.0.0.0:0)","timestamp":"2026-08-12T00:34:59.5959+05:30"}
{"level":"error","message":"Redis error connect ENETUNREACH 172.17.0.2:6379 - Local (0.0.0.0:0)","timestamp":"2026-08-12T00:35:01.011+05:30"}
{"level":"error","message":"Redis error connect ENETUNREACH 172.17.0.2:6379 - Local (0.0.0.0:0)","timestamp":"2026-08-12T00:35:03.033+05:30"}
{"level":"error","message":"Redis error connect ENETUNREACH 172.17.0.2:6379 - Local (0.0.0.0:0)","timestamp":"2026-08-12T00:35:05.055+05:30"}
{"level":"error","message":"Redis error connect ENETUNREACH 172.17.0.2:6379 - Local (0.0.0.0:0)","timestamp":"2026-08-12T00:35:07.077+05:30"}
{"level":"error","message":"Redis error connect ENETUNREACH 172.17.0.2:6379 - Local (0.0.0.0:0)","timestamp":"2026-08-12T00:35:09.099+05:30"}
{"level":"error","message":"Redis error connect ENETUNREACH 172.17.0.2:6379 - Local (0.0.0.0:0)","timestamp":"2026-08-12T00:35:11.1111+05:30"}
{"level":"error","message":"Redis error connect ENETUNREACH 172.17.0.2:6379 - Local (0.0.0.0:0)","timestamp":"2026-08-12T00:35:13.1313+05:30"}
{"level":"error","message":"Redis error connect ENETUNREACH 172.17.0.2:6379 - Local (0.0.0.0:0)","timestamp":"2026-08-12T00:35:15.1515+05:30"}
{"level":"error","message":"Redis error connect ENETUNREACH 172.17.0.2:6379 - Local (0.0.0.0:0)","timestamp":"2026-08-12T00:35:17.1717+05:30"}
{"level":"error","message":"Redis error connect ENETUNREACH 172.17.0.2:6379 - Local (0.0.0.0:0)","timestamp":"2026-08-12T00:35:19.1919+05:30"}
{"level":"error","message":"Redis error connect ENETUNREACH 172.17.0.2:6379 - Local (0.0.0.0:0)","timestamp":"2026-08-12T00:35:21.2121+05:30"}
{"level":"error","message":"Redis error connect ENETUNREACH 172.17.0.2:6379 - Local (0.0.0.0:0)","timestamp":"2026-08-12T00:35:23.2323+05:30"}
{"level":"error","message":"Redis error connect ENETUNREACH 172.17.0.2:6379 - Local (0.0.0.0:0)","timestamp":"2026-08-12T00:35:25.2525+05:30"}
{"level":"error","message":"Redis error connect ENETUNREACH 172.17.0.2:6379 - Local (0.0.0.0:0)","timestamp":"2026-08-12T00:35:27.2727+05:30"}
{"level":"error","message":"Redis error connect ENETUNREACH 172.17.0.2:6379 - Local (0.0.0.0:0)","timestamp":"2026-08-12T00:35:29.2929+05:30"}
{"level":"error","message":"Redis error connect ENETUNREACH 172.17.0.2:6379 - Local (0.0.0.0:0)","timestamp":"2026-08-12T00:35:31.3131+05:30"}
{"level":"error","message":"Redis error connect ENETUNREACH 172.17.0.2:6379 - Local (0.0.0.0:0)","timestamp":"2026-08-12T00:35:33.3333+05:30"}
{"level":"error","message":"Redis error connect ENETUNREACH 172.17.0.2:6379 - Local (0.0.0.0:0)","timestamp":"2026-08-12T00:35:35.3535+05:30"}
{"level":"error","message":"Redis error connect ENETUNREACH 172.17.0.2:6379 - Local (0.0.0.0:0)","timestamp":"2026-08-12T00:35:37.3737+05:30"}
{"level":"error","message":"Redis error connect ENETUNREACH 172.17.0.2:6379 - Local (0.0.0.0:0)","timestamp":"2026-08-12T00:35:39.3939+05:30"}
{"level":"error","message":"Redis error connect ENETUNREACH 172.17.0.2:6379 - Local (0.0.0.0:0)","timestamp":"2026-08-12T00:35:41.4141+05:30"}
{"level":"error","message":"Redis error connect ENETUNREACH 172.17.0.2:6379 - Local (0.0.0.0:0)","timestamp":"2026-08-12T00:35:43.4343+05:30"}
{"level":"error","message":"Redis error connect ENETUNREACH 172.17.0.2:6379 - Local (0.0.0.0:0)","timestamp":"2026-08-12T00:35:45.4545+05:30"}
{"level":"error","message":"Redis error connect ENETUNREACH 172.17.0.2:6379 - Local (0.0.0.0:0)","timestamp":"2026-08-12T00:35:47.4747+05:30"}
{"level":"error","message":"Redis error connect ENETUNREACH 172.17.0.2:6379 - Local (0.0.0.0:0)","timestamp":"2026-08-12T00:35:49.4949+05:30"}
{"level":"error","message":"Redis error connect ENETUNREACH 172.17.0.2:6379 - Local (0.0.0.0:0)","timestamp":"2026-08-12T00:35:51.5151+05:30"}
{"level":"error","message":"Redis error connect ENETUNREACH 172.17.0.2:6379 - Local (0.0.0.0:0)","timestamp":"2026-08-12T00:35:53.5353+05:30"}
{"level":"error","message":"Redis error connect ENETUNREACH 172.17.0.2:6379 - Local (0.0.0.0:0)","timestamp":"2026-08-12T00:35:55.5555+05:30"}
{"level":"error","message":"Redis error connect ENETUNREACH 172.17.0.2:6379 - Local (0.0.0.0:0)","timestamp":"2026-08-12T00:35:57.5757+05:30"}
{"level":"error","message":"Redis error connect ENETUNREACH 172.17.0.2:6379 - Local (0.0.0.0:0)","timestamp":"2026-08-12T00:35:59.5959+05:30"}
{"level":"error","message":"Redis error connect ENETUNREACH 172.17.0.2:6379 - Local (0.0.0.0:0)","timestamp":"2026-08-12T00:36:01.011+05:30"}
{"level":"error","message":"Redis error connect ENETUNREACH 172.17.0.2:6379 - Local (0.0.0.0:0)","timestamp":"2026-08-12T00:36:03.033+05:30"}
{"level":"error","message":"Redis error connect ENETUNREACH 172.17.0.2:6379 - Local (0.0.0.0:0)","timestamp":"2026-08-12T00:36:05.055+05:30"}
{"level":"error","message":"Redis error connect ENETUNREACH 172.17.0.2:6379 - Local (0.0.0.0:0)","timestamp":"2026-08-12T00:36:07.077+05:30"}
{"level":"error","message":"Redis error connect ENETUNREACH 172.17.0.2:6379 - Local (0.0.0.0:0)","timestamp":"2026-08-12T00:36:09.099+05:30"}
{"level":"error","message":"Redis error connect ENETUNREACH 172.17.0.2:6379 - Local (0.0.0.0:0)","timestamp":"2026-08-12T00:36:11.1111+05:30"}
{"level":"error","message":"Redis error connect ENETUNREACH 172.17.0.2:6379 - Local (0.0.0.0:0)","timestamp":"2026-08-12T00:36:13.1313+05:30"}
{"level":"error","message":"Redis error connect ENETUNREACH 172.17.0.2:6379 - Local (0.0.0.0:0)","timestamp":"2026-08-12T00:36:15.1515+05:30"}
{"level":"error","message":"Redis error connect ENETUNREACH 172.17.0.2:6379 - Local (0.0.0.0:0)","timestamp":"2026-08-12T00:36:17.1717+05:30"}
{"level":"error","message":"Redis error connect ENETUNREACH 172.17.0.2:6379 - Local (0.0.0.0:0)","timestamp":"2026-08-12T00:36:19.1919+05:30"}
{"level":"error","message":"Redis error connect ENETUNREACH 172.17.0.2:6379 - Local (0.0.0.0:0)","timestamp":"2026-08-12T00:36:21.2121+05:30"}
{"level":"error","message":"Redis error connect ENETUNREACH 172.17.0.2:6379 - Local (0.0.0.0:0)","timestamp":"2026-08-12T00:36:23.2323+05:30"}
{"level":"error","message":"Redis error connect ENETUNREACH 172.17.0.2:6379 - Local (0.0.0.0:0)","timestamp":"2026-08-12T00:36:25.2525+05:30"}
{"level":"error","message":"Redis error connect ENETUNREACH 172.17.0.2:6379 - Local (0.0.0.0:0)","timestamp":"2026-08-12T00:36:27.2727+05:30"}
{"level":"error","message":"Redis error connect ENETUNREACH 172.17.0.2:6379 - Local (0.0.0.0:0)","timestamp":"2026-08-12T00:36:29.2929+05:30"}
{"level":"error","message":"Redis error connect ENETUNREACH 172.17.0.2:6379 - Local (0.0.0.0:0)","timestamp":"2026-08-12T00:36:31.3131+05:30"}
{"level":"error","message":"Redis error connect ENETUNREACH 172.17.0.2:6379 - Local (0.0.0.0:0)","timestamp":"2026-08-12T00:36:33.3333+05:30"}
{"level":"error","message":"Redis error connect ENETUNREACH 172.17.0.2:6379 - Local (0.0.0.0:0)","timestamp":"2026-08-12T00:36:35.3535+05:30"}
{"level":"error","message":"Redis error connect ENETUNREACH 172.17.0.2:6379 - Local (0.0.0.0:0)","timestamp":"2026-08-12T00:36:37.3737+05:30"}
{"level":"error","message":"Redis error connect ENETUNREACH 172.17.0.2:6379 - Local (0.0.0.0:0)","timestamp":"2026-08-12T00:36:39.3939+05:30"}
{"level":"error","message":"Redis error connect ENETUNREACH 172.17.0.2:6379 - Local (0.0.0.0:0)","timestamp":"2026-08-12T00:36:41.4141+05:30"}
{"level":"error","message":"Redis error connect ENETUNREACH 172.17.0.2:6379 - Local (0.0.0.0:0)","timestamp":"2026-08-12T00:36:43.4343+05:30"}
{"level":"error","message":"Redis error connect ENETUNREACH 172.17.0.2:6379 - Local (0.0.0.0:0)","timestamp":"2026-08-12T00:36:45.4545+05:30"}
{"level":"error","message":"Redis error connect ENETUNREACH 172.17.0.2:6379 - Local (0.0.0.0:0)","timestamp":"2026-08-12T00:36:47.4747+05:30"}
{"level":"error","message":"Redis error connect ENETUNREACH 172.17.0.2:6379 - Local (0.0.0.0:0)","timestamp":"2026-08-12T00:36:49.4949+05:30"}
{"level":"error","message":"Redis error connect ENETUNREACH 172.17.0.2:6379 - Local (0.0.0.0:0)","timestamp":"2026-08-12T00:36:51.5151+05:30"}
{"level":"error","message":"Redis error connect ENETUNREACH 172.17.0.2:6379 - Local (0.0.0.0:0)","timestamp":"2026-08-12T00:36:53.5353+05:30"}
{"level":"error","message":"Redis error connect ENETUNREACH 172.17.0.2:6379 - Local (0.0.0.0:0)","timestamp":"2026-08-12T00:36:55.5555+05:30"}
{"level":"error","message":"Redis error connect ENETUNREACH 172.17.0.2:6379 - Local (0.0.0.0:0)","timestamp":"2026-08-12T00:36:57.5757+05:30"}
{"level":"error","message":"Redis error connect ENETUNREACH 172.17.0.2:6379 - Local (0.0.0.0:0)","timestamp":"2026-08-12T00:36:59.5959+05:30"}
{"level":"error","message":"Redis error connect ENETUNREACH 172.17.0.2:6379 - Local (0.0.0.0:0)","timestamp":"2026-08-12T00:37:01.011+05:30"}
{"level":"error","message":"Redis error connect ENETUNREACH 172.17.0.2:6379 - Local (0.0.0.0:0)","timestamp":"2026-08-12T00:37:03.033+05:30"}
{"level":"error","message":"Redis error connect ENETUNREACH 172.17.0.2:6379 - Local (0.0.0.0:0)","timestamp":"2026-08-12T00:37:05.055+05:30"}
{"level":"error","message":"Redis error connect ENETUNREACH 172.17.0.2:6379 - Local (0.0.0.0:0)","timestamp":"2026-08-12T00:37:07.077+05:30"}
{"level":"error","message":"Redis error connect ENETUNREACH 172.17.0.2:6379 - Local (0.0.0.0:0)","timestamp":"2026-08-12T00:37:09.099+05:30"}
{"level":"error","message":"Redis error connect ENETUNREACH 172.17.0.2:6379 - Local (0.0.0.0:0)","timestamp":"2026-08-12T00:37:11.1111+05:30"}
{"level":"error","message":"Redis error connect ENETUNREACH 172.17.0.2:6379 - Local (0.0.0.0:0)","timestamp":"2026-08-12T00:37:13.1313+05:30"}
{"level":"error","message":"Redis error connect ENETUNREACH 172.17.0.2:6379 - Local (0.0.0.0:0)","timestamp":"2026-08-12T00:37:15.1515+05:30"}
{"level":"error","message":"Redis error connect ENETUNREACH 172.17.0.2:6379 - Local (0.0.0.0:0)","timestamp":"2026-08-12T00:37:17.1717+05:30"}
{"level":"error","message":"Redis error connect ENETUNREACH 172.17.0.2:6379 - Local (0.0.0.0:0)","timestamp":"2026-08-12T00:37:19.1919+05:30"}
{"level":"error","message":"Redis error connect ENETUNREACH 172.17.0.2:6379 - Local (0.0.0.0:0)","timestamp":"2026-08-12T00:37:21.2121+05:30"}
{"level":"error","message":"Redis error connect ENETUNREACH 172.17.0.2:6379 - Local (0.0.0.0:0)","timestamp":"2026-08-12T00:37:23.2323+05:30"}
{"level":"error","message":"Redis error connect ENETUNREACH 172.17.0.2:6379 - Local (0.0.0.0:0)","timestamp":"2026-08-12T00:37:25.2525+05:30"}
{"level":"error","message":"Redis error connect ENETUNREACH 172.17.0.2:6379 - Local (0.0.0.0:0)","timestamp":"2026-08-12T00:37:27.2727+05:30"}
{"level":"error","message":"Redis error connect ENETUNREACH 172.17.0.2:6379 - Local (0.0.0.0:0)","timestamp":"2026-08-12T00:37:29.2929+05:30"}
{"level":"error","message":"Redis error connect ENETUNREACH 172.17.0.2:6379 - Local (0.0.0.0:0)","timestamp":"2026-08-12T00:37:31.3131+05:30"}
{"level":"error","message":"Redis error connect ENETUNREACH 172.17.0.2:6379 - Local (0.0.0.0:0)","timestamp":"2026-08-12T00:37:33.3333+05:30"}
{"level":"error","message":"Redis error connect ENETUNREACH 172.17.0.2:6379 - Local (0.0.0.0:0)","timestamp":"2026-08-12T00:37:35.3535+05:30"}
{"level":"error","message":"Redis error connect ENETUNREACH 172.17.0.2:6379 - Local (0.0.0.0:0)","timestamp":"2026-08-12T00:37:37.3737+05:30"}
{"level":"error","message":"Redis error connect ENETUNREACH 172.17.0.2:6379 - Local (0.0.0.0:0)","timestamp":"2026-08-12T00:37:39.3939+05:30"}
{"level":"error","message":"Redis error connect ENETUNREACH 172.17.0.2:6379 - Local (0.0.0.0:0)","timestamp":"2026-08-12T00:37:41.4141+05:30"}
{"level":"error","message":"Redis error connect ENETUNREACH 172.17.0.2:6379 - Local (0.0.0.0:0)","timestamp":"2026-08-12T00:37:43.4343+05:30"}
{"level":"error","message":"Redis error connect ENETUNREACH 172.17.0.2:6379 - Local (0.0.0.0:0)","timestamp":"2026-08-12T00:37:45.4545+05:30"}
{"level":"error","message":"Redis error connect ENETUNREACH 172.17.0.2:6379 - Local (0.0.0.0:0)","timestamp":"2026-08-12T00:37:47.4747+05:30"}
{"level":"error","message":"Redis error connect ENETUNREACH 172.17.0.2:6379 - Local (0.0.0.0:0)","timestamp":"2026-08-12T00:37:49.4949+05:30"}
{"level":"error","message":"Redis error connect ENETUNREACH 172.17.0.2:6379 - Local (0.0.0.0:0)","timestamp":"2026-08-12T00:37:51.5151+05:30"}
{"level":"error","message":"Redis error connect ENETUNREACH 172.17.0.2:6379 - Local (0.0.0.0:0)","timestamp":"2026-08-12T00:37:53.5353+05:30"}
{"level":"error","message":"Redis error connect ENETUNREACH 172.17.0.2:6379 - Local (0.0.0.0:0)","timestamp":"2026-08-12T00:37:55.5555+05:30"}
{"level":"error","message":"Redis error connect ENETUNREACH 172.17.0.2:6379 - Local (0.0.0.0:0)","timestamp":"2026-08-12T00:37:57.5757+05:30"}
{"level":"error","message":"Redis error connect ENETUNREACH 172.17.0.2:6379 - Local (0.0.0.0:0)","timestamp":"2026-08-12T00:37:59.5959+05:30"}
{"level":"error","message":"Redis error connect ENETUNREACH 172.17.0.2:6379 - Local (0.0.0.0:0)","timestamp":"2026-08-12T00:38:01.011+05:30"}
{"level":"error","message":"Redis error connect ENETUNREACH 172.17.0.2:6379 - Local (0.0.0.0:0)","timestamp":"2026-08-12T00:38:03.033+05:30"}
{"level":"error","message":"Redis error connect ENETUNREACH 172.17.0.2:6379 - Local (0.0.0.0:0)","timestamp":"2026-08-12T00:38:05.055+05:30"}
{"level":"error","message":"Redis error connect ENETUNREACH 172.17.0.2:6379 - Local (0.0.0.0:0)","timestamp":"2026-08-12T00:38:07.077+05:30"}
{"level":"error","message":"Redis error connect ENETUNREACH 172.17.0.2:6379 - Local (0.0.0.0:0)","timestamp":"2026-08-12T00:38:09.099+05:30"}
{"level":"error","message":"Redis error connect ENETUNREACH 172.17.0.2:6379 - Local (0.0.0.0:0)","timestamp":"2026-08-12T00:38:11.1111+05:30"}
{"level":"error","message":"Redis error connect ENETUNREACH 172.17.0.2:6379 - Local (0.0.0.0:0)","timestamp":"2026-08-12T00:38:13.1313+05:30"}
{"level":"error","message":"Redis error connect ENETUNREACH 172.17.0.2:6379 - Local (0.0.0.0:0)","timestamp":"2026-08-12T00:38:15.1515+05:30"}
{"level":"error","message":"Redis error connect ENETUNREACH 172.17.0.2:6379 - Local (0.0.0.0:0)","timestamp":"2026-08-12T00:38:17.1717+05:30"}
{"level":"error","message":"Redis error connect ENETUNREACH 172.17.0.2:6379 - Local (0.0.0.0:0)","timestamp":"2026-08-12T00:38:19.1919+05:30"}
{"level":"error","message":"Redis error connect ENETUNREACH 172.17.0.2:6379 - Local (0.0.0.0:0)","timestamp":"2026-08-12T00:38:21.2121+05:30"}
{"level":"error","message":"Redis error connect ENETUNREACH 172.17.0.2:6379 - Local (0.0.0.0:0)","timestamp":"2026-08-12T00:38:23.2323+05:30"}
{"level":"error","message":"Redis error connect ENETUNREACH 172.17.0.2:6379 - Local (0.0.0.0:0)","timestamp":"2026-08-12T00:38:25.2525+05:30"}
{"level":"error","message":"Redis error connect ENETUNREACH 172.17.0.2:6379 - Local (0.0.0.0:0)","timestamp":"2026-08-12T00:38:27.2727+05:30"}
{"level":"error","message":"Redis error connect ENETUNREACH 172.17.0.2:6379 - Local (0.0.0.0:0)","timestamp":"2026-08-12T00:38:29.2929+05:30"}
{"level":"error","message":"Redis error connect ENETUNREACH 172.17.0.2:6379 - Local (0.0.0.0:0)","timestamp":"2026-08-12T00:38:31.3131+05:30"}
{"level":"error","message":"Redis error connect ENETUNREACH 172.17.0.2:6379 - Local (0.0.0.0:0)","timestamp":"2026-08-12T00:38:33.3333+05:30"}
{"level":"error","message":"Redis error connect ENETUNREACH 172.17.0.2:6379 - Local (0.0.0.0:0)","timestamp":"2026-08-12T00:38:35.3535+05:30"}
{"level":"error","message":"Redis error connect ENETUNREACH 172.17.0.2:6379 - Local (0.0.0.0:0)","timestamp":"2026-08-12T00:38:37.3737+05:30"}
{"level":"error","message":"Redis error connect ENETUNREACH 172.17.0.2:6379 - Local (0.0.0.0:0)","timestamp":"2026-08-12T00:38:39.3939+05:30"}
{"level":"error","message":"Redis error connect ENETUNREACH 172.17.0.2:6379 - Local (0.0.0.0:0)","timestamp":"2026-08-12T00:38:41.4141+05:30"}
{"level":"error","message":"Redis error connect ENETUNREACH 172.17.0.2:6379 - Local (0.0.0.0:0)","timestamp":"2026-08-12T00:38:43.4343+05:30"}
{"level":"error","message":"Redis error connect ENETUNREACH 172.17.0.2:6379 - Local (0.0.0.0:0)","timestamp":"2026-08-12T00:38:45.4545+05:30"}
{"level":"error","message":"Redis error connect ENETUNREACH 172.17.0.2:6379 - Local (0.0.0.0:0)","timestamp":"2026-08-12T00:38:47.4747+05:30"}
{"level":"error","message":"Redis error connect ENETUNREACH 172.17.0.2:6379 - Local (0.0.0.0:0)","timestamp":"2026-08-12T00:38:49.4949+05:30"}
{"level":"error","message":"Redis error connect ENETUNREACH 172.17.0.2:6379 - Local (0.0.0.0:0)","timestamp":"2026-08-12T00:38:51.5151+05:30"}
{"level":"error","message":"Redis error connect ENETUNREACH 172.17.0.2:6379 - Local (0.0.0.0:0)","timestamp":"2026-08-12T00:38:53.5353+05:30"}
{"level":"error","message":"Redis error connect ENETUNREACH 172.17.0.2:6379 - Local (0.0.0.0:0)","timestamp":"2026-08-12T00:38:55.5555+05:30"}
{"level":"error","message":"Redis error connect ENETUNREACH 172.17.0.2:6379 - Local (0.0.0.0:0)","timestamp":"2026-08-12T00:38:57.5757+05:30"}
{"level":"error","message":"Redis error connect ENETUNREACH 172.17.0.2:6379 - Local (0.0.0.0:0)","timestamp":"2026-08-12T00:38:59.5959+05:30"}
{"level":"error","message":"Redis error connect ENETUNREACH 172.17.0.2:6379 - Local (0.0.0.0:0)","timestamp":"2026-08-12T00:39:01.011+05:30"}
{"level":"error","message":"Redis error connect ENETUNREACH 172.17.0.2:6379 - Local (0.0.0.0:0)","timestamp":"2026-08-12T00:39:03.033+05:30"}
{"level":"error","message":"Redis error connect ENETUNREACH 172.17.0.2:6379 - Local (0.0.0.0:0)","timestamp":"2026-08-12T00:39:05.055+05:30"}
{"level":"error","message":"Redis error connect ENETUNREACH 172.17.0.2:6379 - Local (0.0.0.0:0)","timestamp":"2026-08-12T00:39:07.077+05:30"}
{"level":"error","message":"Redis error connect ENETUNREACH 172.17.0.2:6379 - Local (0.0.0.0:0)","timestamp":"2026-08-12T00:39:09.099+05:30"}
{"level":"error","message":"Redis error connect ENETUNREACH 172.17.0.2:6379 - Local (0.0.0.0:0)","timestamp":"2026-08-12T00:39:11.1111+05:30"}
{"level":"error","message":"Redis error connect ENETUNREACH 172.17.0.2:6379 - Local (0.0.0.0:0)","timestamp":"2026-08-12T00:39:13.1313+05:30"}
{"level":"error","message":"Redis error connect ENETUNREACH 172.17.0.2:6379 - Local (0.0.0.0:0)","timestamp":"2026-08-12T00:39:15.1515+05:30"}
{"level":"error","message":"Redis error connect ENETUNREACH 172.17.0.2:6379 - Local (0.0.0.0:0)","timestamp":"2026-08-12T00:39:17.1717+05:30"}
{"level":"error","message":"Redis error connect ENETUNREACH 172.17.0.2:6379 - Local (0.0.0.0:0)","timestamp":"2026-08-12T00:39:19.1919+05:30"}
{"level":"error","message":"Redis error connect ENETUNREACH 172.17.0.2:6379 - Local (0.0.0.0:0)","timestamp":"2026-08-12T00:39:21.2121+05:30"}
{"level":"error","message":"Redis error connect ENETUNREACH 172.17.0.2:6379 - Local (0.0.0.0:0)","timestamp":"2026-08-12T00:39:23.2323+05:30"}
{"level":"error","message":"Redis error connect ENETUNREACH 172.17.0.2:6379 - Local (0.0.0.0:0)","timestamp":"2026-08-12T00:39:25.2525+05:30"}
{"level":"error","message":"Redis error connect ENETUNREACH 172.17.0.2:6379 - Local (0.0.0.0:0)","timestamp":"2026-08-12T00:39:27.2727+05:30"}
{"level":"error","message":"Redis error connect ENETUNREACH 172.17.0.2:6379 - Local (0.0.0.0:0)","timestamp":"2026-08-12T00:39:29.2929+05:30"}
{"level":"error","message":"Redis error connect ENETUNREACH 172.17.0.2:6379 - Local (0.0.0.0:0)","timestamp":"2026-08-12T00:39:31.3131+05:30"}
{"level":"error","message":"Redis error connect ENETUNREACH 172.17.0.2:6379 - Local (0.0.0.0:0)","timestamp":"2026-08-12T00:39:33.3333+05:30"}
{"level":"error","message":"Redis error connect ENETUNREACH 172.17.0.2:6379 - Local (0.0.0.0:0)","timestamp":"2026-08-12T00:39:35.3535+05:30"}
{"level":"error","message":"Redis error connect ENETUNREACH 172.17.0.2:6379 - Local (0.0.0.0:0)","timestamp":"2026-08-12T00:39:37.3737+05:30"}
{"level":"error","message":"Redis error connect ENETUNREACH 172.17.0.2:6379 - Local (0.0.0.0:0)","timestamp":"2026-08-12T00:39:39.3939+05:30"}
{"level":"error","message":"Redis error connect ENETUNREACH 172.17.0.2:6379 - Local (0.0.0.0:0)","timestamp":"2026-08-12T00:39:41.4141+05:30"}
{"level":"error","message":"Redis error connect ENETUNREACH 172.17.0.2:6379 - Local (0.0.0.0:0)","timestamp":"2026-08-12T00:39:43.4343+05:30"}
{"level":"error","message":"Redis error connect ENETUNREACH 172.17.0.2:6379 - Local (0.0.0.0:0)","timestamp":"2026-08-12T00:39:45.4545+05:30"}
{"level":"error","message":"Redis error connect ENETUNREACH 172.17.0.2:6379 - Local (0.0.0.0:0)","timestamp":"2026-08-12T00:39:47.4747+05:30"}
{"level":"error","message":"Redis error connect ENETUNREACH 172.17.0.2:6379 - Local (0.0.0.0:0)","timestamp":"2026-08-12T00:39:49.4949+05:30"}
{"level":"error","message":"Redis error connect ENETUNREACH 172.17.0.2:6379 - Local (0.0.0.0:0)","timestamp":"2026-08-12T00:39:51.5151+05:30"}
{"level":"error","message":"Redis error connect ENETUNREACH 172.17.0.2:6379 - Local (0.0.0.0:0)","timestamp":"2026-08-12T00:39:53.5353+05:30"}
{"level":"error","message":"Redis error connect ENETUNREACH 172.17.0.2:6379 - Local (0.0.0.0:0)","timestamp":"2026-08-12T00:39:55.5555+05:30"}
{"level":"error","message":"Redis error connect ENETUNREACH 172.17.0.2:6379 - Local (0.0.0.0:0)","timestamp":"2026-08-12T00:39:57.5757+05:30"}
{"level":"error","message":"Redis error connect ENETUNREACH 172.17.0.2:6379 - Local (0.0.0.0:0)","timestamp":"2026-08-12T00:39:59.5959+05:30"}
{"level":"error","message":"Redis error connect ENETUNREACH 172.17.0.2:6379 - Local (0.0.0.0:0)","timestamp":"2026-08-12T00:40:01.011+05:30"}
{"level":"error","message":"Redis error connect ENETUNREACH 172.17.0.2:6379 - Local (0.0.0.0:0)","timestamp":"2026-08-12T00:40:03.033+05:30"}
{"level":"error","message":"Redis error connect ENETUNREACH 172.17.0.2:6379 - Local (0.0.0.0:0)","timestamp":"2026-08-12T00:40:05.055+05:30"}
{"level":"error","message":"Redis error connect ENETUNREACH 172.17.0.2:6379 - Local (0.0.0.0:0)","timestamp":"2026-08-12T00:40:07.077+05:30"}
{"level":"error","message":"Redis error connect ENETUNREACH 172.17.0.2:6379 - Local (0.0.0.0:0)","timestamp":"2026-08-12T00:40:09.099+05:30"}
{"level":"error","message":"Redis error connect ENETUNREACH 172.17.0.2:6379 - Local (0.0.0.0:0)","timestamp":"2026-08-12T00:40:11.1111+05:30"}
{"level":"error","message":"Redis error connect ENETUNREACH 172.17.0.2:6379 - Local (0.0.0.0:0)","timestamp":"2026-08-12T00:40:13.1313+05:30"}
{"level":"error","message":"Redis error connect ENETUNREACH 172.17.0.2:6379 - Local (0.0.0.0:0)","timestamp":"2026-08-12T00:40:15.1515+05:30"}
{"level":"error","message":"Redis error connect ENETUNREACH 172.17.0.2:6379 - Local (0.0.0.0:0)","timestamp":"2026-08-12T00:40:17.1717+05:30"}
{"level":"error","message":"Redis error connect ENETUNREACH 172.17.0.2:6379 - Local (0.0.0.0:0)","timestamp":"2026-08-12T00:40:19.1919+05:30"}
{"level":"error","message":"Redis error connect ENETUNREACH 172.17.0.2:6379 - Local (0.0.0.0:0)","timestamp":"2026-08-12T00:40:21.2121+05:30"}
{"level":"error","message":"Redis error connect ENETUNREACH 172.17.0.2:6379 - Local (0.0.0.0:0)","timestamp":"2026-08-12T00:40:23.2323+05:30"}
{"level":"error","message":"Redis error connect ENETUNREACH 172.17.0.2:6379 - Local (0.0.0.0:0)","timestamp":"2026-08-12T00:40:25.2525+05:30"}
{"level":"error","message":"Redis error connect ENETUNREACH 172.17.0.2:6379 - Local (0.0.0.0:0)","timestamp":"2026-08-12T00:40:27.2727+05:30"}
{"level":"error","message":"Redis error connect ENETUNREACH 172.17.0.2:6379 - Local (0.0.0.0:0)","timestamp":"2026-08-12T00:40:29.2929+05:30"}
{"level":"error","message":"Redis error connect ENETUNREACH 172.17.0.2:6379 - Local (0.0.0.0:0)","timestamp":"2026-08-12T00:40:31.3131+05:30"}
{"level":"error","message":"Redis error connect ENETUNREACH 172.17.0.2:6379 - Local (0.0.0.0:0)","timestamp":"2026-08-12T00:40:33.3333+05:30"}
{"level":"error","message":"Redis error connect ENETUNREACH 172.17.0.2:6379 - Local (0.0.0.0:0)","timestamp":"2026-08-12T00:40:35.3535+05:30"}
{"level":"error","message":"Redis error connect ENETUNREACH 172.17.0.2:6379 - Local (0.0.0.0:0)","timestamp":"2026-08-12T00:40:37.3737+05:30"}
{"level":"error","message":"Redis error connect ENETUNREACH 172.17.0.2:6379 - Local (0.0.0.0:0)","timestamp":"2026-08-12T00:40:39.3939+05:30"}
{"level":"error","message":"Redis error connect ENETUNREACH 172.17.0.2:6379 - Local (0.0.0.0:0)","timestamp":"2026-08-12T00:40:41.4141+05:30"}
{"level":"error","message":"Redis error connect ENETUNREACH 172.17.0.2:6379 - Local (0.0.0.0:0)","timestamp":"2026-08-12T00:40:43.4343+05:30"}
{"level":"error","message":"Redis error connect ENETUNREACH 172.17.0.2:6379 - Local (0.0.0.0:0)","timestamp":"2026-08-12T00:40:45.4545+05:30"}
{"level":"error","message":"Redis error connect ENETUNREACH 172.17.0.2:6379 - Local (0.0.0.0:0)","timestamp":"2026-08-12T00:40:47.4747+05:30"}
{"level":"error","message":"Redis error connect ENETUNREACH 172.17.0.2:6379 - Local (0.0.0.0:0)","timestamp":"2026-08-12T00:40:49.4949+05:30"}
{"level":"error","message":"Redis error connect ENETUNREACH 172.17.0.2:6379 - Local (0.0.0.0:0)","timestamp":"2026-08-12T00:40:51.5151+05:30"}
{"level":"error","message":"Redis error connect ENETUNREACH 172.17.0.2:6379 - Local (0.0.0.0:0)","timestamp":"2026-08-12T00:40:53.5353+05:30"}
{"level":"error","message":"Redis error connect ENETUNREACH 172.17.0.2:6379 - Local (0.0.0.0:0)","timestamp":"2026-08-12T00:40:55.5555+05:30"}
{"level":"error","message":"Redis error connect ENETUNREACH 172.17.0.2:6379 - Local (0.0.0.0:0)","timestamp":"2026-08-12T00:40:57.5757+05:30"}
{"level":"error","message":"Redis error connect ENETUNREACH 172.17.0.2:6379 - Local (0.0.0.0:0)","timestamp":"2026-08-12T00:40:59.5959+05:30"}
{"level":"error","message":"Redis error connect ENETUNREACH 172.17.0.2:6379 - Local (0.0.0.0:0)","timestamp":"2026-08-12T00:41:01.011+05:30"}
{"level":"error","message":"Redis error connect ENETUNREACH 172.17.0.2:6379 - Local (0.0.0.0:0)","timestamp":"2026-08-12T00:41:03.033+05:30"}
{"level":"error","message":"Redis error connect ENETUNREACH 172.17.0.2:6379 - Local (0.0.0.0:0)","timestamp":"2026-08-12T00:41:05.055+05:30"}
{"level":"error","message":"Redis error connect ENETUNREACH 172.17.0.2:6379 - Local (0.0.0.0:0)","timestamp":"2026-08-12T00:41:07.077+05:30"}
{"level":"error","message":"Redis error connect ENETUNREACH 172.17.0.2:6379 - Local (0.0.0.0:0)","timestamp":"2026-08-12T00:41:09.099+05:30"}
{"level":"error","message":"Redis error connect ENETUNREACH 172.17.0.2:6379 - Local (0.0.0.0:0)","timestamp":"2026-08-12T00:41:11.1111+05:30"}
{"level":"error","message":"Redis error connect ENETUNREACH 172.17.0.2:6379 - Local (0.0.0.0:0)","timestamp":"2026-08-12T00:41:13.1313+05:30"}
{"level":"error","message":"Redis error connect ENETUNREACH 172.17.0.2:6379 - Local (0.0.0.0:0)","timestamp":"2026-08-12T00:41:15.1515+05:30"}
{"level":"error","message":"Redis error connect ENETUNREACH 172.17.0.2:6379 - Local (0.0.0.0:0)","timestamp":"2026-08-12T00:41:17.1717+05:30"}
{"level":"error","message":"Redis error connect ENETUNREACH 172.17.0.2:6379 - Local (0.0.0.0:0)","timestamp":"2026-08-12T00:41:19.1919+05:30"}
{"level":"error","message":"Redis error connect ENETUNREACH 172.17.0.2:6379 - Local (0.0.0.0:0)","timestamp":"2026-08-12T00:41:21.2121+05:30"}
{"level":"error","message":"Redis error connect ENETUNREACH 172.17.0.2:6379 - Local (0.0.0.0:0)","timestamp":"2026-08-12T00:41:23.2323+05:30"}
{"level":"error","message":"Redis error connect ENETUNREACH 172.17.0.2:6379 - Local (0.0.0.0:0)","timestamp":"2026-08-12T00:41:25.2525+05:30"}
{"level":"error","message":"Redis error connect ENETUNREACH 172.17.0.2:6379 - Local (0.0.0.0:0)","timestamp":"2026-08-12T00:41:27.2727+05:30"}
{"level":"error","message":"Redis error connect ENETUNREACH 172.17.0.2:6379 - Local (0.0.0.0:0)","timestamp":"2026-08-12T00:41:29.2929+05:30"}
{"level":"error","message":"Redis error connect ENETUNREACH 172.17.0.2:6379 - Local (0.0.0.0:0)","timestamp":"2026-08-12T00:41:31.3131+05:30"}
{"level":"error","message":"Redis error connect ENETUNREACH 172.17.0.2:6379 - Local (0.0.0.0:0)","timestamp":"2026-08-12T00:41:33.3333+05:30"}
{"level":"error","message":"Redis error connect ENETUNREACH 172.17.0.2:6379 - Local (0.0.0.0:0)","timestamp":"2026-08-12T00:41:35.3535+05:30"}
{"level":"error","message":"Redis error connect ENETUNREACH 172.17.0.2:6379 - Local (0.0.0.0:0)","timestamp":"2026-08-12T00:41:37.3737+05:30"}
{"level":"error","message":"Redis error connect ENETUNREACH 172.17.0.2:6379 - Local (0.0.0.0:0)","timestamp":"2026-08-12T00:41:39.3939+05:30"}
{"level":"error","message":"Redis error connect ENETUNREACH 172.17.0.2:6379 - Local (0.0.0.0:0)","timestamp":"2026-08-12T00:41:41.4141+05:30"}
{"level":"error","message":"Redis error connect ENETUNREACH 172.17.0.2:6379 - Local (0.0.0.0:0)","timestamp":"2026-08-12T00:41:43.4343+05:30"}
{"level":"error","message":"Redis error connect ENETUNREACH 172.17.0.2:6379 - Local (0.0.0.0:0)","timestamp":"2026-08-12T00:41:45.4545+05:30"}
{"level":"error","message":"Redis error connect ENETUNREACH 172.17.0.2:6379 - Local (0.0.0.0:0)","timestamp":"2026-08-12T00:41:47.4747+05:30"}
{"level":"error","message":"Redis error connect ENETUNREACH 172.17.0.2:6379 - Local (0.0.0.0:0)","timestamp":"2026-08-12T00:41:49.4949+05:30"}
{"level":"error","message":"Redis error connect ENETUNREACH 172.17.0.2:6379 - Local (0.0.0.0:0)","timestamp":"2026-08-12T00:41:51.5151+05:30"}
{"level":"error","message":"Redis error connect ENETUNREACH 172.17.0.2:6379 - Local (0.0.0.0:0)","timestamp":"2026-08-12T00:41:53.5353+05:30"}
{"level":"error","message":"Redis error connect ENETUNREACH 172.17.0.2:6379 - Local (0.0.0.0:0)","timestamp":"2026-08-12T00:41:55.5555+05:30"}
{"level":"error","message":"Redis error connect ENETUNREACH 172.17.0.2:6379 - Local (0.0.0.0:0)","timestamp":"2026-08-12T00:41:57.5757+05:30"}
{"level":"error","message":"Redis error connect ENETUNREACH 172.17.0.2:6379 - Local (0.0.0.0:0)","timestamp":"2026-08-12T00:41:59.5959+05:30"}
{"level":"error","message":"Redis error connect ENETUNREACH 172.17.0.2:6379 - Local (0.0.0.0:0)","timestamp":"2026-08-12T00:42:01.011+05:30"}
{"level":"error","message":"Redis error connect ENETUNREACH 172.17.0.2:6379 - Local (0.0.0.0:0)","timestamp":"2026-08-12T00:42:03.033+05:30"}
{"level":"error","message":"Redis error connect ENETUNREACH 172.17.0.2:6379 - Local (0.0.0.0:0)","timestamp":"2026-08-12T00:42:05.055+05:30"}
{"level":"error","message":"Redis error connect ENETUNREACH 172.17.0.2:6379 - Local (0.0.0.0:0)","timestamp":"2026-08-12T00:42:07.077+05:30"}
{"level":"error","message":"Redis error connect ENETUNREACH 172.17.0.2:6379 - Local (0.0.0.0:0)","timestamp":"2026-08-12T00:42:09.099+05:30"}
{"level":"error","message":"Redis error connect ENETUNREACH 172.17.0.2:6379 - Local (0.0.0.0:0)","timestamp":"2026-08-12T00:42:11.1111+05:30"}
{"level":"error","message":"Redis error connect ENETUNREACH 172.17.0.2:6379 - Local (0.0.0.0:0)","timestamp":"2026-08-12T00:42:13.1313+05:30"}
{"level":"error","message":"Redis error connect ENETUNREACH 172.17.0.2:6379 - Local (0.0.0.0:0)","timestamp":"2026-08-12T00:42:15.1515+05:30"}
{"level":"error","message":"Redis error connect ENETUNREACH 172.17.0.2:6379 - Local (0.0.0.0:0)","timestamp":"2026-08-12T00:42:17.1717+05:30"}
{"level":"error","message":"Redis error connect ENETUNREACH 172.17.0.2:6379 - Local (0.0.0.0:0)","timestamp":"2026-08-12T00:42:19.1919+05:30"}
{"level":"error","message":"Redis error connect ENETUNREACH 172.17.0.2:6379 - Local (0.0.0.0:0)","timestamp":"2026-08-12T00:42:21.2121+05:30"}
{"level":"error","message":"Redis error connect ENETUNREACH 172.17.0.2:6379 - Local (0.0.0.0:0)","timestamp":"2026-08-12T00:42:23.2323+05:30"}
{"level":"error","message":"Redis error connect ENETUNREACH 172.17.0.2:6379 - Local (0.0.0.0:0)","timestamp":"2026-08-12T00:42:25.2525+05:30"}
{"level":"error","message":"Redis error connect ENETUNREACH 172.17.0.2:6379 - Local (0.0.0.0:0)","timestamp":"2026-08-12T00:42:27.2727+05:30"}
{"level":"error","message":"Redis error connect ENETUNREACH 172.17.0.2:6379 - Local (0.0.0.0:0)","timestamp":"2026-08-12T00:42:29.2929+05:30"}
{"level":"error","message":"Redis error connect ENETUNREACH 172.17.0.2:6379 - Local (0.0.0.0:0)","timestamp":"2026-08-12T00:42:31.3131+05:30"}
{"level":"error","message":"Redis error connect ENETUNREACH 172.17.0.2:6379 - Local (0.0.0.0:0)","timestamp":"2026-08-12T00:42:33.3333+05:30"}
{"level":"error","message":"Redis error connect ENETUNREACH 172.17.0.2:6379 - Local (0.0.0.0:0)","timestamp":"2026-08-12T00:42:35.3535+05:30"}
{"level":"error","message":"Redis error connect ENETUNREACH 172.17.0.2:6379 - Local (0.0.0.0:0)","timestamp":"2026-08-12T00:42:37.3737+05:30"}
{"level":"error","message":"Redis error connect ENETUNREACH 172.17.0.2:6379 - Local (0.0.0.0:0)","timestamp":"2026-08-12T00:42:39.3939+05:30"}
{"level":"error","message":"Redis error connect ENETUNREACH 172.17.0.2:6379 - Local (0.0.0.0:0)","timestamp":"2026-08-12T00:42:41.4141+05:30"}
{"level":"error","message":"Redis error connect ENETUNREACH 172.17.0.2:6379 - Local (0.0.0.0:0)","timestamp":"2026-08-12T00:42:43.4343+05:30"}
{"level":"error","message":"Redis error connect ENETUNREACH 172.17.0.2:6379 - Local (0.0.0.0:0)","timestamp":"2026-08-12T00:42:45.4545+05:30"}
{"level":"error","message":"Redis error connect ENETUNREACH 172.17.0.2:6379 - Local (0.0.0.0:0)","timestamp":"2026-08-12T00:42:47.4747+05:30"}
{"level":"error","message":"Redis error connect ENETUNREACH 172.17.0.2:6379 - Local (0.0.0.0:0)","timestamp":"2026-08-12T00:42:49.4949+05:30"}
{"level":"error","message":"Redis error connect ENETUNREACH 172.17.0.2:6379 - Local (0.0.0.0:0)","timestamp":"2026-08-12T00:42:51.5151+05:30"}
{"level":"error","message":"Redis error connect ENETUNREACH 172.17.0.2:6379 - Local (0.0.0.0:0)","timestamp":"2026-08-12T00:42:53.5353+05:30"}
{"level":"error","message":"Redis error connect ENETUNREACH 172.17.0.2:6379 - Local (0.0.0.0:0)","timestamp":"2026-08-12T00:42:55.5555+05:30"}
{"level":"error","message":"Redis error connect ENETUNREACH 172.17.0.2:6379 - Local (0.0.0.0:0)","timestamp":"2026-08-12T00:42:57.5757+05:30"}
{"level":"error","message":"Redis error connect ENETUNREACH 172.17.0.2:6379 - Local (0.0.0.0:0)","timestamp":"2026-08-12T00:42:59.5959+05:30"}
{"level":"error","message":"Redis error connect ENETUNREACH 172.17.0.2:6379 - Local (0.0.0.0:0)","timestamp":"2026-08-12T00:43:01.011+05:30"}
{"level":"error","message":"Redis error connect ENETUNREACH 172.17.0.2:6379 - Local (0.0.0.0:0)","timestamp":"2026-08-12T00:43:03.033+05:30"}
{"level":"error","message":"Redis error connect ENETUNREACH 172.17.0.2:6379 - Local (0.0.0.0:0)","timestamp":"2026-08-12T00:43:05.055+05:30"}
{"level":"error","message":"Redis error connect ENETUNREACH 172.17.0.2:6379 - Local (0.0.0.0:0)","timestamp":"2026-08-12T00:43:07.077+05:30"}
{"level":"error","message":"Redis error connect ENETUNREACH 172.17.0.2:6379 - Local (0.0.0.0:0)","timestamp":"2026-08-12T00:43:09.099+05:30"}
{"level":"error","message":"Redis error connect ENETUNREACH 172.17.0.2:6379 - Local (0.0.0.0:0)","timestamp":"2026-08-12T00:43:11.1111+05:30"}
{"level":"error","message":"Redis error connect ENETUNREACH 172.17.0.2:6379 - Local (0.0.0.0:0)","timestamp":"2026-08-12T00:43:13.1313+05:30"}
{"level":"error","message":"Redis error connect ENETUNREACH 172.17.0.2:6379 - Local (0.0.0.0:0)","timestamp":"2026-08-12T00:43:15.1515+05:30"}
{"level":"error","message":"Redis error connect ENETUNREACH 172.17.0.2:6379 - Local (0.0.0.0:0)","timestamp":"2026-08-12T00:43:17.1717+05:30"}
{"level":"error","message":"Redis error connect ENETUNREACH 172.17.0.2:6379 - Local (0.0.0.0:0)","timestamp":"2026-08-12T00:43:19.1919+05:30"}
{"level":"error","message":"Redis error connect ENETUNREACH 172.17.0.2:6379 - Local (0.0.0.0:0)","timestamp":"2026-08-12T00:43:21.2121+05:30"}
{"level":"error","message":"Redis error connect ENETUNREACH 172.17.0.2:6379 - Local (0.0.0.0:0)","timestamp":"2026-08-12T00:43:23.2323+05:30"}
{"level":"error","message":"Redis error connect ENETUNREACH 172.17.0.2:6379 - Local (0.0.0.0:0)","timestamp":"2026-08-12T00:43:25.2525+05:30"}
{"level":"error","message":"Redis error connect ENETUNREACH 172.17.0.2:6379 - Local (0.0.0.0:0)","timestamp":"2026-08-12T00:43:27.2727+05:30"}
{"level":"error","message":"Redis error connect ENETUNREACH 172.17.0.2:6379 - Local (0.0.0.0:0)","timestamp":"2026-08-12T00:43:30.3030+05:30"}
{"level":"error","message":"Redis error connect ENETUNREACH 172.17.0.2:6379 - Local (0.0.0.0:0)","timestamp":"2026-08-12T00:43:32.3232+05:30"}
{"level":"error","message":"Redis error connect ENETUNREACH 172.17.0.2:6379 - Local (0.0.0.0:0)","timestamp":"2026-08-12T00:43:34.3434+05:30"}
{"level":"error","message":"Redis error connect ENETUNREACH 172.17.0.2:6379 - Local (0.0.0.0:0)","timestamp":"2026-08-12T00:43:36.3636+05:30"}
{"level":"error","message":"Redis error connect ENETUNREACH 172.17.0.2:6379 - Local (0.0.0.0:0)","timestamp":"2026-08-12T00:43:38.3838+05:30"}
{"level":"error","message":"Redis error connect ENETUNREACH 172.17.0.2:6379 - Local (0.0.0.0:0)","timestamp":"2026-08-12T00:43:40.4040+05:30"}
{"level":"error","message":"Redis error connect ENETUNREACH 172.17.0.2:6379 - Local (0.0.0.0:0)","timestamp":"2026-08-12T00:43:42.4242+05:30"}
{"level":"error","message":"Redis error connect ENETUNREACH 172.17.0.2:6379 - Local (0.0.0.0:0)","timestamp":"2026-08-12T00:43:44.4444+05:30"}
{"level":"error","message":"Redis error connect ENETUNREACH 172.17.0.2:6379 - Local (0.0.0.0:0)","timestamp":"2026-08-12T00:43:46.4646+05:30"}
{"level":"error","message":"Redis error connect ENETUNREACH 172.17.0.2:6379 - Local (0.0.0.0:0)","timestamp":"2026-08-12T00:43:48.4848+05:30"}
{"level":"error","message":"Redis error connect ENETUNREACH 172.17.0.2:6379 - Local (0.0.0.0:0)","timestamp":"2026-08-12T00:43:50.5050+05:30"}
{"level":"error","message":"Redis error connect ENETUNREACH 172.17.0.2:6379 - Local (0.0.0.0:0)","timestamp":"2026-08-12T00:43:52.5252+05:30"}
{"level":"error","message":"Redis error connect ENETUNREACH 172.17.0.2:6379 - Local (0.0.0.0:0)","timestamp":"2026-08-12T00:43:54.5454+05:30"}
{"level":"error","message":"Redis error connect ENETUNREACH 172.17.0.2:6379 - Local (0.0.0.0:0)","timestamp":"2026-08-12T00:43:56.5656+05:30"}
{"level":"error","message":"Redis error connect ENETUNREACH 172.17.0.2:6379 - Local (0.0.0.0:0)","timestamp":"2026-08-12T00:43:58.5858+05:30"}
{"level":"error","message":"Redis error connect ENETUNREACH 172.17.0.2:6379 - Local (0.0.0.0:0)","timestamp":"2026-08-12T00:44:00.000+05:30"}
{"level":"error","message":"Redis error connect ENETUNREACH 172.17.0.2:6379 - Local (0.0.0.0:0)","timestamp":"2026-08-12T00:44:02.022+05:30"}
{"level":"error","message":"Redis error connect ENETUNREACH 172.17.0.2:6379 - Local (0.0.0.0:0)","timestamp":"2026-08-12T00:44:04.044+05:30"}
{"level":"error","message":"Redis error connect ENETUNREACH 172.17.0.2:6379 - Local (0.0.0.0:0)","timestamp":"2026-08-12T00:44:06.066+05:30"}
{"level":"error","message":"Redis error connect ENETUNREACH 172.17.0.2:6379 - Local (0.0.0.0:0)","timestamp":"2026-08-12T00:44:08.088+05:30"}
{"level":"error","message":"Redis error connect ENETUNREACH 172.17.0.2:6379 - Local (0.0.0.0:0)","timestamp":"2026-08-12T00:44:10.1010+05:30"}
{"level":"error","message":"Redis error connect ENETUNREACH 172.17.0.2:6379 - Local (0.0.0.0:0)","timestamp":"2026-08-12T00:44:12.1212+05:30"}
{"level":"error","message":"Redis error connect ENETUNREACH 172.17.0.2:6379 - Local (0.0.0.0:0)","timestamp":"2026-08-12T00:44:14.1414+05:30"}
{"level":"error","message":"Redis error connect ENETUNREACH 172.17.0.2:6379 - Local (0.0.0.0:0)","timestamp":"2026-08-12T00:44:16.1616+05:30"}
{"level":"error","message":"Redis error connect ENETUNREACH 172.17.0.2:6379 - Local (0.0.0.0:0)","timestamp":"2026-08-12T00:44:18.1818+05:30"}
{"level":"error","message":"Redis error connect ENETUNREACH 172.17.0.2:6379 - Local (0.0.0.0:0)","timestamp":"2026-08-12T00:44:20.2020+05:30"}
{"level":"error","message":"Redis error connect ENETUNREACH 172.17.0.2:6379 - Local (0.0.0.0:0)","timestamp":"2026-08-12T00:44:22.2222+05:30"}
{"level":"error","message":"Redis error connect ENETUNREACH 172.17.0.2:6379 - Local (0.0.0.0:0)","timestamp":"2026-08-12T00:44:24.2424+05:30"}
{"level":"error","message":"Redis error connect ENETUNREACH 172.17.0.2:6379 - Local (0.0.0.0:0)","timestamp":"2026-08-12T00:44:26.2626+05:30"}
{"level":"error","message":"Redis error connect ENETUNREACH 172.17.0.2:6379 - Local (0.0.0.0:0)","timestamp":"2026-08-12T00:44:28.2828+05:30"}
{"level":"error","message":"Redis error connect ENETUNREACH 172.17.0.2:6379 - Local (0.0.0.0:0)","timestamp":"2026-08-12T00:44:30.3030+05:30"}
{"level":"error","message":"Redis error connect ENETUNREACH 172.17.0.2:6379 - Local (0.0.0.0:0)","timestamp":"2026-08-12T00:44:32.3232+05:30"}
{"level":"error","message":"Redis error connect ENETUNREACH 172.17.0.2:6379 - Local (0.0.0.0:0)","timestamp":"2026-08-12T00:44:34.3434+05:30"}
{"level":"error","message":"Redis error connect ENETUNREACH 172.17.0.2:6379 - Local (0.0.0.0:0)","timestamp":"2026-08-12T00:44:36.3636+05:30"}
{"level":"error","message":"Redis error connect ENETUNREACH 172.17.0.2:6379 - Local (0.0.0.0:0)","timestamp":"2026-08-12T00:44:38.3838+05:30"}
{"level":"error","message":"Redis error connect ENETUNREACH 172.17.0.2:6379 - Local (0.0.0.0:0)","timestamp":"2026-08-12T00:44:40.4040+05:30"}
{"level":"error","message":"Redis error connect ENETUNREACH 172.17.0.2:6379 - Local (0.0.0.0:0)","timestamp":"2026-08-12T00:44:42.4242+05:30"}
{"level":"error","message":"Redis error connect ENETUNREACH 172.17.0.2:6379 - Local (0.0.0.0:0)","timestamp":"2026-08-12T00:44:44.4444+05:30"}
{"level":"error","message":"Redis error connect ENETUNREACH 172.17.0.2:6379 - Local (0.0.0.0:0)","timestamp":"2026-08-12T00:44:46.4646+05:30"}
{"level":"error","message":"Redis error connect ENETUNREACH 172.17.0.2:6379 - Local (0.0.0.0:0)","timestamp":"2026-08-12T00:44:48.4848+05:30"}
{"level":"error","message":"Redis error connect ENETUNREACH 172.17.0.2:6379 - Local (0.0.0.0:0)","timestamp":"2026-08-12T00:44:50.5050+05:30"}
{"level":"error","message":"Redis error connect ENETUNREACH 172.17.0.2:6379 - Local (0.0.0.0:0)","timestamp":"2026-08-12T00:44:52.5252+05:30"}
{"level":"error","message":"Redis error connect ENETUNREACH 172.17.0.2:6379 - Local (0.0.0.0:0)","timestamp":"2026-08-12T00:44:54.5454+05:30"}
{"level":"error","message":"Redis error connect ENETUNREACH 172.17.0.2:6379 - Local (0.0.0.0:0)","timestamp":"2026-08-12T00:44:56.5656+05:30"}
{"level":"error","message":"Redis error connect ENETUNREACH 172.17.0.2:6379 - Local (0.0.0.0:0)","timestamp":"2026-08-12T00:44:58.5858+05:30"}
{"level":"error","message":"Redis error connect ENETUNREACH 172.17.0.2:6379 - Local (0.0.0.0:0)","timestamp":"2026-08-12T00:45:00.000+05:30"}
{"level":"error","message":"Redis error connect ENETUNREACH 172.17.0.2:6379 - Local (0.0.0.0:0)","timestamp":"2026-08-12T00:45:02.022+05:30"}
{"level":"error","message":"Redis error connect ENETUNREACH 172.17.0.2:6379 - Local (0.0.0.0:0)","timestamp":"2026-08-12T00:45:04.044+05:30"}
{"level":"error","message":"Redis error connect ENETUNREACH 172.17.0.2:6379 - Local (0.0.0.0:0)","timestamp":"2026-08-12T00:45:06.066+05:30"}
{"level":"error","message":"Redis error connect ENETUNREACH 172.17.0.2:6379 - Local (0.0.0.0:0)","timestamp":"2026-08-12T00:45:08.088+05:30"}
{"level":"error","message":"Redis error connect ENETUNREACH 172.17.0.2:6379 - Local (0.0.0.0:0)","timestamp":"2026-08-12T00:45:10.1010+05:30"}
{"level":"error","message":"Redis error connect ENETUNREACH 172.17.0.2:6379 - Local (0.0.0.0:0)","timestamp":"2026-08-12T00:45:12.1212+05:30"}
{"level":"error","message":"Redis error connect ENETUNREACH 172.17.0.2:6379 - Local (0.0.0.0:0)","timestamp":"2026-08-12T00:45:14.1414+05:30"}
{"level":"error","message":"Redis error connect ENETUNREACH 172.17.0.2:6379 - Local (0.0.0.0:0)","timestamp":"2026-08-12T00:45:16.1616+05:30"}
{"level":"error","message":"Redis error connect ENETUNREACH 172.17.0.2:6379 - Local (0.0.0.0:0)","timestamp":"2026-08-12T00:45:18.1818+05:30"}
{"level":"error","message":"Redis error connect ENETUNREACH 172.17.0.2:6379 - Local (0.0.0.0:0)","timestamp":"2026-08-12T00:45:20.2020+05:30"}
{"level":"error","message":"Redis error connect ENETUNREACH 172.17.0.2:6379 - Local (0.0.0.0:0)","timestamp":"2026-08-12T00:45:22.2222+05:30"}
{"level":"error","message":"Redis error connect ENETUNREACH 172.17.0.2:6379 - Local (0.0.0.0:0)","timestamp":"2026-08-12T00:45:24.2424+05:30"}
{"level":"error","message":"Redis error connect ENETUNREACH 172.17.0.2:6379 - Local (0.0.0.0:0)","timestamp":"2026-08-12T00:45:26.2626+05:30"}
{"level":"error","message":"Redis error connect ENETUNREACH 172.17.0.2:6379 - Local (0.0.0.0:0)","timestamp":"2026-08-12T00:45:28.2828+05:30"}
{"level":"error","message":"Redis error connect ENETUNREACH 172.17.0.2:6379 - Local (0.0.0.0:0)","timestamp":"2026-08-12T00:45:30.3030+05:30"}
{"level":"error","message":"Redis error connect ENETUNREACH 172.17.0.2:6379 - Local (0.0.0.0:0)","timestamp":"2026-08-12T00:45:32.3232+05:30"}
{"level":"error","message":"Redis error connect ENETUNREACH 172.17.0.2:6379 - Local (0.0.0.0:0)","timestamp":"2026-08-12T00:45:34.3434+05:30"}
{"level":"error","message":"Redis error connect ENETUNREACH 172.17.0.2:6379 - Local (0.0.0.0:0)","timestamp":"2026-08-12T00:45:36.3636+05:30"}
{"level":"error","message":"Redis error connect ENETUNREACH 172.17.0.2:6379 - Local (0.0.0.0:0)","timestamp":"2026-08-12T00:45:38.3838+05:30"}
{"level":"error","message":"Redis error connect ENETUNREACH 172.17.0.2:6379 - Local (0.0.0.0:0)","timestamp":"2026-08-12T00:45:40.4040+05:30"}
{"level":"error","message":"Redis error connect ENETUNREACH 172.17.0.2:6379 - Local (0.0.0.0:0)","timestamp":"2026-08-12T00:45:42.4242+05:30"}
{"level":"error","message":"Redis error connect ENETUNREACH 172.17.0.2:6379 - Local (0.0.0.0:0)","timestamp":"2026-08-12T00:45:44.4444+05:30"}
{"level":"error","message":"Redis error connect ENETUNREACH 172.17.0.2:6379 - Local (0.0.0.0:0)","timestamp":"2026-08-12T00:45:46.4646+05:30"}
{"level":"error","message":"Redis error connect ENETUNREACH 172.17.0.2:6379 - Local (0.0.0.0:0)","timestamp":"2026-08-12T00:45:48.4848+05:30"}
{"level":"error","message":"Redis error connect ENETUNREACH 172.17.0.2:6379 - Local (0.0.0.0:0)","timestamp":"2026-08-12T00:45:50.5050+05:30"}
{"level":"error","message":"Redis error connect ENETUNREACH 172.17.0.2:6379 - Local (0.0.0.0:0)","timestamp":"2026-08-12T00:45:52.5252+05:30"}
{"level":"error","message":"Redis error connect ENETUNREACH 172.17.0.2:6379 - Local (0.0.0.0:0)","timestamp":"2026-08-12T00:45:54.5454+05:30"}
{"level":"error","message":"Redis error connect ENETUNREACH 172.17.0.2:6379 - Local (0.0.0.0:0)","timestamp":"2026-08-12T00:45:56.5656+05:30"}
{"level":"error","message":"Redis error connect ENETUNREACH 172.17.0.2:6379 - Local (0.0.0.0:0)","timestamp":"2026-08-12T00:45:58.5858+05:30"}
{"level":"error","message":"Redis error connect ENETUNREACH 172.17.0.2:6379 - Local (0.0.0.0:0)","timestamp":"2026-08-12T00:46:00.000+05:30"}
{"level":"error","message":"Redis error connect ENETUNREACH 172.17.0.2:6379 - Local (0.0.0.0:0)","timestamp":"2026-08-12T00:46:02.022+05:30"}
{"level":"error","message":"Redis error connect ENETUNREACH 172.17.0.2:6379 - Local (0.0.0.0:0)","timestamp":"2026-08-12T00:46:04.044+05:30"}
{"level":"error","message":"Redis error connect ENETUNREACH 172.17.0.2:6379 - Local (0.0.0.0:0)","timestamp":"2026-08-12T00:46:06.066+05:30"}
{"level":"error","message":"Redis error connect ENETUNREACH 172.17.0.2:6379 - Local (0.0.0.0:0)","timestamp":"2026-08-12T00:46:08.088+05:30"}
{"level":"error","message":"Redis error connect ENETUNREACH 172.17.0.2:6379 - Local (0.0.0.0:0)","timestamp":"2026-08-12T00:46:10.1010+05:30"}
{"level":"error","message":"Redis error connect ENETUNREACH 172.17.0.2:6379 - Local (0.0.0.0:0)","timestamp":"2026-08-12T00:46:12.1212+05:30"}
{"level":"error","message":"Redis error connect ENETUNREACH 172.17.0.2:6379 - Local (0.0.0.0:0)","timestamp":"2026-08-12T00:46:14.1414+05:30"}
{"level":"error","message":"Redis error connect ENETUNREACH 172.17.0.2:6379 - Local (0.0.0.0:0)","timestamp":"2026-08-12T00:46:16.1616+05:30"}
{"level":"error","message":"Redis error connect ENETUNREACH 172.17.0.2:6379 - Local (0.0.0.0:0)","timestamp":"2026-08-12T00:46:18.1818+05:30"}
{"level":"error","message":"Redis error connect ENETUNREACH 172.17.0.2:6379 - Local (0.0.0.0:0)","timestamp":"2026-08-12T00:46:20.2020+05:30"}
{"level":"error","message":"Redis error connect ENETUNREACH 172.17.0.2:6379 - Local (0.0.0.0:0)","timestamp":"2026-08-12T00:46:22.2222+05:30"}
{"level":"error","message":"Redis error connect ENETUNREACH 172.17.0.2:6379 - Local (0.0.0.0:0)","timestamp":"2026-08-12T00:46:24.2424+05:30"}
{"level":"error","message":"Redis error connect ENETUNREACH 172.17.0.2:6379 - Local (0.0.0.0:0)","timestamp":"2026-08-12T00:46:26.2626+05:30"}
{"level":"error","message":"Redis error connect ENETUNREACH 172.17.0.2:6379 - Local (0.0.0.0:0)","timestamp":"2026-08-12T00:46:28.2828+05:30"}
{"level":"error","message":"Redis error connect ENETUNREACH 172.17.0.2:6379 - Local (0.0.0.0:0)","timestamp":"2026-08-12T00:46:30.3030+05:30"}
{"level":"error","message":"Redis error connect ENETUNREACH 172.17.0.2:6379 - Local (0.0.0.0:0)","timestamp":"2026-08-12T00:46:32.3232+05:30"}
{"level":"error","message":"Redis error connect ENETUNREACH 172.17.0.2:6379 - Local (0.0.0.0:0)","timestamp":"2026-08-12T00:46:34.3434+05:30"}
{"level":"error","message":"Redis error connect ENETUNREACH 172.17.0.2:6379 - Local (0.0.0.0:0)","timestamp":"2026-08-12T00:46:36.3636+05:30"}
{"level":"error","message":"Redis error connect ENETUNREACH 172.17.0.2:6379 - Local (0.0.0.0:0)","timestamp":"2026-08-12T00:46:38.3838+05:30"}
{"level":"error","message":"Redis error connect ENETUNREACH 172.17.0.2:6379 - Local (0.0.0.0:0)","timestamp":"2026-08-12T00:46:40.4040+05:30"}
{"level":"error","message":"Redis error connect ENETUNREACH 172.17.0.2:6379 - Local (0.0.0.0:0)","timestamp":"2026-08-12T00:46:42.4242+05:30"}
{"level":"error","message":"Redis error connect ENETUNREACH 172.17.0.2:6379 - Local (0.0.0.0:0)","timestamp":"2026-08-12T00:46:44.4444+05:30"}
{"level":"error","message":"Redis error connect ENETUNREACH 172.17.0.2:6379 - Local (0.0.0.0:0)","timestamp":"2026-08-12T00:46:46.4646+05:30"}
{"level":"error","message":"Redis error connect ENETUNREACH 172.17.0.2:6379 - Local (0.0.0.0:0)","timestamp":"2026-08-12T00:46:48.4848+05:30"}
{"level":"error","message":"Redis error connect ENETUNREACH 172.17.0.2:6379 - Local (0.0.0.0:0)","timestamp":"2026-08-12T00:46:50.5050+05:30"}
{"level":"error","message":"Redis error connect ENETUNREACH 172.17.0.2:6379 - Local (0.0.0.0:0)","timestamp":"2026-08-12T00:46:52.5252+05:30"}
{"level":"error","message":"Redis error connect ENETUNREACH 172.17.0.2:6379 - Local (0.0.0.0:0)","timestamp":"2026-08-12T00:46:54.5454+05:30"}
{"level":"error","message":"Redis error connect ENETUNREACH 172.17.0.2:6379 - Local (0.0.0.0:0)","timestamp":"2026-08-12T00:46:56.5656+05:30"}
{"level":"error","message":"Redis error connect ENETUNREACH 172.17.0.2:6379 - Local (0.0.0.0:0)","timestamp":"2026-08-12T00:46:58.5858+05:30"}
{"level":"error","message":"Redis error connect ENETUNREACH 172.17.0.2:6379 - Local (0.0.0.0:0)","timestamp":"2026-08-12T00:47:00.000+05:30"}
{"level":"error","message":"Redis error connect ENETUNREACH 172.17.0.2:6379 - Local (0.0.0.0:0)","timestamp":"2026-08-12T00:47:02.022+05:30"}
{"level":"error","message":"Redis error connect ENETUNREACH 172.17.0.2:6379 - Local (0.0.0.0:0)","timestamp":"2026-08-12T00:47:04.044+05:30"}
{"level":"error","message":"Redis error connect ENETUNREACH 172.17.0.2:6379 - Local (0.0.0.0:0)","timestamp":"2026-08-12T00:47:06.066+05:30"}
{"level":"error","message":"Redis error connect ENETUNREACH 172.17.0.2:6379 - Local (0.0.0.0:0)","timestamp":"2026-08-12T00:47:08.088+05:30"}
{"level":"error","message":"Redis error connect ENETUNREACH 172.17.0.2:6379 - Local (0.0.0.0:0)","timestamp":"2026-08-12T00:47:10.1010+05:30"}
{"level":"error","message":"Redis error connect ENETUNREACH 172.17.0.2:6379 - Local (0.0.0.0:0)","timestamp":"2026-08-12T00:47:12.1212+05:30"}
{"level":"error","message":"Redis error connect ENETUNREACH 172.17.0.2:6379 - Local (0.0.0.0:0)","timestamp":"2026-08-12T00:47:14.1414+05:30"}
{"level":"error","message":"Redis error connect ENETUNREACH 172.17.0.2:6379 - Local (0.0.0.0:0)","timestamp":"2026-08-12T00:47:16.1616+05:30"}
{"level":"error","message":"Redis error connect ENETUNREACH 172.17.0.2:6379 - Local (0.0.0.0:0)","timestamp":"2026-08-12T00:47:18.1818+05:30"}
{"level":"error","message":"Redis error connect ENETUNREACH 172.17.0.2:6379 - Local (0.0.0.0:0)","timestamp":"2026-08-12T00:47:20.2020+05:30"}
{"level":"error","message":"Redis error connect ENETUNREACH 172.17.0.2:6379 - Local (0.0.0.0:0)","timestamp":"2026-08-12T00:47:22.2222+05:30"}
{"level":"error","message":"Redis error connect ENETUNREACH 172.17.0.2:6379 - Local (0.0.0.0:0)","timestamp":"2026-08-12T00:47:24.2424+05:30"}
{"level":"error","message":"Redis error connect ENETUNREACH 172.17.0.2:6379 - Local (0.0.0.0:0)","timestamp":"2026-08-12T00:47:26.2626+05:30"}
{"level":"error","message":"Redis error connect ENETUNREACH 172.17.0.2:6379 - Local (0.0.0.0:0)","timestamp":"2026-08-12T00:47:28.2828+05:30"}
{"level":"error","message":"Redis error connect ENETUNREACH 172.17.0.2:6379 - Local (0.0.0.0:0)","timestamp":"2026-08-12T00:47:30.3030+05:30"}
{"level":"error","message":"Redis error connect ENETUNREACH 172.17.0.2:6379 - Local (0.0.0.0:0)","timestamp":"2026-08-12T00:47:32.3232+05:30"}
{"level":"error","message":"Redis error connect ENETUNREACH 172.17.0.2:6379 - Local (0.0.0.0:0)","timestamp":"2026-08-12T00:47:34.3434+05:30"}
{"level":"error","message":"Redis error connect ENETUNREACH 172.17.0.2:6379 - Local (0.0.0.0:0)","timestamp":"2026-08-12T00:47:36.3636+05:30"}
{"level":"error","message":"Redis error connect ENETUNREACH 172.17.0.2:6379 - Local (0.0.0.0:0)","timestamp":"2026-08-12T00:47:38.3838+05:30"}
{"level":"error","message":"Redis error connect ENETUNREACH 172.17.0.2:6379 - Local (0.0.0.0:0)","timestamp":"2026-08-12T00:47:40.4040+05:30"}
{"level":"error","message":"Redis error connect ENETUNREACH 172.17.0.2:6379 - Local (0.0.0.0:0)","timestamp":"2026-08-12T00:47:42.4242+05:30"}
{"level":"error","message":"Redis error connect ENETUNREACH 172.17.0.2:6379 - Local (0.0.0.0:0)","timestamp":"2026-08-12T00:47:44.4444+05:30"}
{"level":"error","message":"Redis error connect ENETUNREACH 172.17.0.2:6379 - Local (0.0.0.0:0)","timestamp":"2026-08-12T00:47:46.4646+05:30"}
{"level":"error","message":"Redis error connect ENETUNREACH 172.17.0.2:6379 - Local (0.0.0.0:0)","timestamp":"2026-08-12T00:47:48.4848+05:30"}
{"level":"error","message":"Redis error connect ENETUNREACH 172.17.0.2:6379 - Local (0.0.0.0:0)","timestamp":"2026-08-12T00:47:50.5050+05:30"}
{"level":"error","message":"Redis error connect ENETUNREACH 172.17.0.2:6379 - Local (0.0.0.0:0)","timestamp":"2026-08-12T00:47:52.5252+05:30"}
{"level":"error","message":"Redis error connect ENETUNREACH 172.17.0.2:6379 - Local (0.0.0.0:0)","timestamp":"2026-08-12T00:47:54.5454+05:30"}
{"level":"error","message":"Redis error connect ENETUNREACH 172.17.0.2:6379 - Local (0.0.0.0:0)","timestamp":"2026-08-12T00:47:56.5656+05:30"}
{"level":"error","message":"Redis error connect ENETUNREACH 172.17.0.2:6379 - Local (0.0.0.0:0)","timestamp":"2026-08-12T00:47:58.5858+05:30"}
{"level":"error","message":"Redis error connect ENETUNREACH 172.17.0.2:6379 - Local (0.0.0.0:0)","timestamp":"2026-08-12T00:48:00.000+05:30"}
{"level":"error","message":"Redis error connect ENETUNREACH 172.17.0.2:6379 - Local (0.0.0.0:0)","timestamp":"2026-08-12T00:48:02.022+05:30"}
{"level":"error","message":"Redis error connect ENETUNREACH 172.17.0.2:6379 - Local (0.0.0.0:0)","timestamp":"2026-08-12T00:48:04.044+05:30"}
{"level":"error","message":"Redis error connect ENETUNREACH 172.17.0.2:6379 - Local (0.0.0.0:0)","timestamp":"2026-08-12T00:48:06.066+05:30"}
{"level":"error","message":"Redis error connect ENETUNREACH 172.17.0.2:6379 - Local (0.0.0.0:0)","timestamp":"2026-08-12T00:48:08.088+05:30"}
{"level":"error","message":"Redis error connect ENETUNREACH 172.17.0.2:6379 - Local (0.0.0.0:0)","timestamp":"2026-08-12T00:48:10.1010+05:30"}
{"level":"error","message":"Redis error connect ENETUNREACH 172.17.0.2:6379 - Local (0.0.0.0:0)","timestamp":"2026-08-12T00:48:12.1212+05:30"}
{"level":"error","message":"Redis error connect ENETUNREACH 172.17.0.2:6379 - Local (0.0.0.0:0)","timestamp":"2026-08-12T00:48:14.1414+05:30"}
{"level":"error","message":"Redis error connect ENETUNREACH 172.17.0.2:6379 - Local (0.0.0.0:0)","timestamp":"2026-08-12T00:48:16.1616+05:30"}
{"level":"error","message":"Redis error connect ENETUNREACH 172.17.0.2:6379 - Local (0.0.0.0:0)","timestamp":"2026-08-12T00:48:18.1818+05:30"}
{"level":"error","message":"Redis error connect ENETUNREACH 172.17.0.2:6379 - Local (0.0.0.0:0)","timestamp":"2026-08-12T00:48:20.2020+05:30"}
{"level":"error","message":"Redis error connect ENETUNREACH 172.17.0.2:6379 - Local (0.0.0.0:0)","timestamp":"2026-08-12T00:48:22.2222+05:30"}
{"level":"error","message":"Redis error connect ENETUNREACH 172.17.0.2:6379 - Local (0.0.0.0:0)","timestamp":"2026-08-12T00:48:24.2424+05:30"}
{"level":"error","message":"Redis error connect ENETUNREACH 172.17.0.2:6379 - Local (0.0.0.0:0)","timestamp":"2026-08-12T00:48:26.2626+05:30"}
{"level":"error","message":"Redis error connect ENETUNREACH 172.17.0.2:6379 - Local (0.0.0.0:0)","timestamp":"2026-08-12T00:48:28.2828+05:30"}
{"level":"error","message":"Redis error connect ENETUNREACH 172.17.0.2:6379 - Local (0.0.0.0:0)","timestamp":"2026-08-12T00:48:30.3030+05:30"}
{"level":"error","message":"Redis error connect ENETUNREACH 172.17.0.2:6379 - Local (0.0.0.0:0)","timestamp":"2026-08-12T00:48:32.3232+05:30"}
{"level":"error","message":"Redis error connect ENETUNREACH 172.17.0.2:6379 - Local (0.0.0.0:0)","timestamp":"2026-08-12T00:48:34.3434+05:30"}
{"level":"error","message":"Redis error connect ENETUNREACH 172.17.0.2:6379 - Local (0.0.0.0:0)","timestamp":"2026-08-12T00:48:36.3636+05:30"}
{"level":"error","message":"Redis error connect ENETUNREACH 172.17.0.2:6379 - Local (0.0.0.0:0)","timestamp":"2026-08-12T00:48:38.3838+05:30"}
{"level":"error","message":"Redis error connect ENETUNREACH 172.17.0.2:6379 - Local (0.0.0.0:0)","timestamp":"2026-08-12T00:48:40.4040+05:30"}
{"level":"error","message":"Redis error connect ENETUNREACH 172.17.0.2:6379 - Local (0.0.0.0:0)","timestamp":"2026-08-12T00:48:42.4242+05:30"}
{"level":"error","message":"Redis error connect ENETUNREACH 172.17.0.2:6379 - Local (0.0.0.0:0)","timestamp":"2026-08-12T00:48:44.4444+05:30"}
{"level":"error","message":"Redis error connect ENETUNREACH 172.17.0.2:6379 - Local (0.0.0.0:0)","timestamp":"2026-08-12T00:48:46.4646+05:30"}
{"level":"error","message":"Redis error connect ENETUNREACH 172.17.0.2:6379 - Local (0.0.0.0:0)","timestamp":"2026-08-12T00:48:48.4848+05:30"}
{"level":"error","message":"Redis error connect ENETUNREACH 172.17.0.2:6379 - Local (0.0.0.0:0)","timestamp":"2026-08-12T00:48:50.5050+05:30"}
{"level":"error","message":"Redis error connect ENETUNREACH 172.17.0.2:6379 - Local (0.0.0.0:0)","timestamp":"2026-08-12T00:48:52.5252+05:30"}
{"level":"error","message":"Redis error connect ENETUNREACH 172.17.0.2:6379 - Local (0.0.0.0:0)","timestamp":"2026-08-12T00:48:54.5454+05:30"}
{"level":"error","message":"Redis error connect ENETUNREACH 172.17.0.2:6379 - Local (0.0.0.0:0)","timestamp":"2026-08-12T00:48:56.5656+05:30"}
{"level":"error","message":"Redis error connect ENETUNREACH 172.17.0.2:6379 - Local (0.0.0.0:0)","timestamp":"2026-08-12T00:48:58.5858+05:30"}
{"level":"error","message":"Redis error connect ENETUNREACH 172.17.0.2:6379 - Local (0.0.0.0:0)","timestamp":"2026-08-12T00:49:00.000+05:30"}
{"level":"error","message":"Redis error connect ENETUNREACH 172.17.0.2:6379 - Local (0.0.0.0:0)","timestamp":"2026-08-12T00:49:02.022+05:30"}
{"level":"error","message":"Redis error connect ENETUNREACH 172.17.0.2:6379 - Local (0.0.0.0:0)","timestamp":"2026-08-12T00:49:04.044+05:30"}
{"level":"error","message":"Redis error connect ENETUNREACH 172.17.0.2:6379 - Local (0.0.0.0:0)","timestamp":"2026-08-12T00:49:06.066+05:30"}
{"level":"error","message":"Redis error connect ENETUNREACH 172.17.0.2:6379 - Local (0.0.0.0:0)","timestamp":"2026-08-12T00:49:08.088+05:30"}
{"level":"error","message":"Redis error connect ENETUNREACH 172.17.0.2:6379 - Local (0.0.0.0:0)","timestamp":"2026-08-12T00:49:10.1010+05:30"}
{"level":"error","message":"Redis error connect ENETUNREACH 172.17.0.2:6379 - Local (0.0.0.0:0)","timestamp":"2026-08-12T00:49:12.1212+05:30"}
{"level":"error","message":"Redis error connect ENETUNREACH 172.17.0.2:6379 - Local (0.0.0.0:0)","timestamp":"2026-08-12T00:49:14.1414+05:30"}
{"level":"error","message":"Redis error connect ENETUNREACH 172.17.0.2:6379 - Local (0.0.0.0:0)","timestamp":"2026-08-12T00:49:16.1616+05:30"}
{"level":"error","message":"Redis error connect ENETUNREACH 172.17.0.2:6379 - Local (0.0.0.0:0)","timestamp":"2026-08-12T00:49:18.1818+05:30"}
{"level":"error","message":"Redis error connect ENETUNREACH 172.17.0.2:6379 - Local (0.0.0.0:0)","timestamp":"2026-08-12T00:49:20.2020+05:30"}
{"level":"error","message":"Redis error connect ENETUNREACH 172.17.0.2:6379 - Local (0.0.0.0:0)","timestamp":"2026-08-12T00:49:22.2222+05:30"}
{"level":"error","message":"Redis error connect ENETUNREACH 172.17.0.2:6379 - Local (0.0.0.0:0)","timestamp":"2026-08-12T00:49:24.2424+05:30"}
{"level":"error","message":"Redis error connect ENETUNREACH 172.17.0.2:6379 - Local (0.0.0.0:0)","timestamp":"2026-08-12T00:49:26.2626+05:30"}
{"level":"error","message":"Redis error connect ENETUNREACH 172.17.0.2:6379 - Local (0.0.0.0:0)","timestamp":"2026-08-12T00:49:28.2828+05:30"}
{"level":"error","message":"Redis error connect ENETUNREACH 172.17.0.2:6379 - Local (0.0.0.0:0)","timestamp":"2026-08-12T00:49:30.3030+05:30"}
{"level":"error","message":"Redis error connect ENETUNREACH 172.17.0.2:6379 - Local (0.0.0.0:0)","timestamp":"2026-08-12T00:49:32.3232+05:30"}
{"level":"error","message":"Redis error connect ENETUNREACH 172.17.0.2:6379 - Local (0.0.0.0:0)","timestamp":"2026-08-12T00:49:34.3434+05:30"}
{"level":"error","message":"Redis error connect ENETUNREACH 172.17.0.2:6379 - Local (0.0.0.0:0)","timestamp":"2026-08-12T00:49:36.3636+05:30"}
{"level":"error","message":"Redis error connect ENETUNREACH 172.17.0.2:6379 - Local (0.0.0.0:0)","timestamp":"2026-08-12T00:49:38.3838+05:30"}
{"level":"error","message":"Redis error connect ENETUNREACH 172.17.0.2:6379 - Local (0.0.0.0:0)","timestamp":"2026-08-12T00:49:40.4040+05:30"}
{"level":"error","message":"Redis error connect ENETUNREACH 172.17.0.2:6379 - Local (0.0.0.0:0)","timestamp":"2026-08-12T00:49:42.4242+05:30"}
{"level":"error","message":"Redis error connect ENETUNREACH 172.17.0.2:6379 - Local (0.0.0.0:0)","timestamp":"2026-08-12T00:49:44.4444+05:30"}
{"level":"error","message":"Redis error connect ENETUNREACH 172.17.0.2:6379 - Local (0.0.0.0:0)","timestamp":"2026-08-12T00:49:46.4646+05:30"}
{"level":"error","message":"Redis error connect ENETUNREACH 172.17.0.2:6379 - Local (0.0.0.0:0)","timestamp":"2026-08-12T00:49:48.4848+05:30"}
{"level":"error","message":"Redis error connect ENETUNREACH 172.17.0.2:6379 - Local (0.0.0.0:0)","timestamp":"2026-08-12T00:49:50.5050+05:30"}
{"level":"error","message":"Redis error connect ENETUNREACH 172.17.0.2:6379 - Local (0.0.0.0:0)","timestamp":"2026-08-12T00:49:52.5252+05:30"}
{"level":"error","message":"Redis error connect ENETUNREACH 172.17.0.2:6379 - Local (0.0.0.0:0)","timestamp":"2026-08-12T00:49:54.5454+05:30"}
{"level":"error","message":"Redis error connect ENETUNREACH 172.17.0.2:6379 - Local (0.0.0.0:0)","timestamp":"2026-08-12T00:49:56.5656+05:30"}
{"level":"error","message":"Redis error connect ENETUNREACH 172.17.0.2:6379 - Local (0.0.0.0:0)","timestamp":"2026-08-12T00:49:58.5858+05:30"}
{"level":"error","message":"Redis error connect ENETUNREACH 172.17.0.2:6379 - Local (0.0.0.0:0)","timestamp":"2026-08-12T00:50:00.000+05:30"}
{"level":"error","message":"Redis error connect ENETUNREACH 172.17.0.2:6379 - Local (0.0.0.0:0)","timestamp":"2026-08-12T00:50:02.022+05:30"}
{"level":"error","message":"Redis error connect ENETUNREACH 172.17.0.2:6379 - Local (0.0.0.0:0)","timestamp":"2026-08-12T00:50:04.044+05:30"}
{"level":"error","message":"Redis error connect ENETUNREACH 172.17.0.2:6379 - Local (0.0.0.0:0)","timestamp":"2026-08-12T00:50:06.066+05:30"}
{"level":"error","message":"Redis error connect ENETUNREACH 172.17.0.2:6379 - Local (0.0.0.0:0)","timestamp":"2026-08-12T00:50:08.088+05:30"}
{"level":"error","message":"Redis error connect ENETUNREACH 172.17.0.2:6379 - Local (0.0.0.0:0)","timestamp":"2026-08-12T00:50:10.1010+05:30"}
{"level":"error","message":"Redis error connect ENETUNREACH 172.17.0.2:6379 - Local (0.0.0.0:0)","timestamp":"2026-08-12T00:50:12.1212+05:30"}
{"level":"error","message":"Redis error connect ENETUNREACH 172.17.0.2:6379 - Local (0.0.0.0:0)","timestamp":"2026-08-12T00:50:14.1414+05:30"}
{"level":"error","message":"Redis error connect ENETUNREACH 172.17.0.2:6379 - Local (0.0.0.0:0)","timestamp":"2026-08-12T00:50:16.1616+05:30"}
{"level":"error","message":"Redis error connect ENETUNREACH 172.17.0.2:6379 - Local (0.0.0.0:0)","timestamp":"2026-08-12T00:50:18.1818+05:30"}
{"level":"error","message":"Redis error connect ENETUNREACH 172.17.0.2:6379 - Local (0.0.0.0:0)","timestamp":"2026-08-12T00:50:20.2020+05:30"}
{"level":"error","message":"Redis error connect ENETUNREACH 172.17.0.2:6379 - Local (0.0.0.0:0)","timestamp":"2026-08-12T00:50:22.2222+05:30"}
{"level":"error","message":"Redis error connect ENETUNREACH 172.17.0.2:6379 - Local (0.0.0.0:0)","timestamp":"2026-08-12T00:50:24.2424+05:30"}
{"level":"error","message":"Redis error connect ENETUNREACH 172.17.0.2:6379 - Local (0.0.0.0:0)","timestamp":"2026-08-12T00:50:26.2626+05:30"}
{"level":"error","message":"Redis error connect ENETUNREACH 172.17.0.2:6379 - Local (0.0.0.0:0)","timestamp":"2026-08-12T00:50:28.2828+05:30"}
{"level":"error","message":"Redis error connect ENETUNREACH 172.17.0.2:6379 - Local (0.0.0.0:0)","timestamp":"2026-08-12T00:50:30.3030+05:30"}
{"level":"error","message":"Redis error connect ENETUNREACH 172.17.0.2:6379 - Local (0.0.0.0:0)","timestamp":"2026-08-12T00:50:32.3232+05:30"}
{"level":"error","message":"Redis error connect ENETUNREACH 172.17.0.2:6379 - Local (0.0.0.0:0)","timestamp":"2026-08-12T00:50:34.3434+05:30"}
{"level":"error","message":"Redis error connect ENETUNREACH 172.17.0.2:6379 - Local (0.0.0.0:0)","timestamp":"2026-08-12T00:50:36.3636+05:30"}
{"level":"error","message":"Redis error connect ENETUNREACH 172.17.0.2:6379 - Local (0.0.0.0:0)","timestamp":"2026-08-12T00:50:38.3838+05:30"}
{"level":"error","message":"Redis error connect ENETUNREACH 172.17.0.2:6379 - Local (0.0.0.0:0)","timestamp":"2026-08-12T00:50:40.4040+05:30"}
{"level":"error","message":"Redis error connect ENETUNREACH 172.17.0.2:6379 - Local (0.0.0.0:0)","timestamp":"2026-08-12T00:50:42.4242+05:30"}
{"level":"error","message":"Redis error connect ENETUNREACH 172.17.0.2:6379 - Local (0.0.0.0:0)","timestamp":"2026-08-12T00:50:44.4444+05:30"}
{"level":"error","message":"Redis error connect ENETUNREACH 172.17.0.2:6379 - Local (0.0.0.0:0)","timestamp":"2026-08-12T00:50:46.4646+05:30"}
{"level":"error","message":"Redis error connect ENETUNREACH 172.17.0.2:6379 - Local (0.0.0.0:0)","timestamp":"2026-08-12T00:50:48.4848+05:30"}
{"level":"error","message":"Redis error connect ENETUNREACH 172.17.0.2:6379 - Local (0.0.0.0:0)","timestamp":"2026-08-12T00:50:50.5050+05:30"}
{"level":"error","message":"Redis error connect ENETUNREACH 172.17.0.2:6379 - Local (0.0.0.0:0)","timestamp":"2026-08-12T00:50:52.5252+05:30"}
{"level":"error","message":"Redis error connect ENETUNREACH 172.17.0.2:6379 - Local (0.0.0.0:0)","timestamp":"2026-08-12T00:50:54.5454+05:30"}
{"level":"error","message":"Redis error connect ENETUNREACH 172.17.0.2:6379 - Local (0.0.0.0:0)","timestamp":"2026-08-12T00:50:56.5656+05:30"}
{"level":"error","message":"Redis error connect ENETUNREACH 172.17.0.2:6379 - Local (0.0.0.0:0)","timestamp":"2026-08-12T00:50:58.5858+05:30"}
{"level":"error","message":"Redis error connect ENETUNREACH 172.17.0.2:6379 - Local (0.0.0.0:0)","timestamp":"2026-08-12T00:51:00.000+05:30"}
{"level":"error","message":"Redis error connect ENETUNREACH 172.17.0.2:6379 - Local (0.0.0.0:0)","timestamp":"2026-08-12T00:51:02.022+05:30"}
{"level":"error","message":"Redis error connect ENETUNREACH 172.17.0.2:6379 - Local (0.0.0.0:0)","timestamp":"2026-08-12T00:51:04.044+05:30"}
{"level":"error","message":"Redis error connect ENETUNREACH 172.17.0.2:6379 - Local (0.0.0.0:0)","timestamp":"2026-08-12T00:51:06.066+05:30"}
{"level":"error","message":"Redis error connect ENETUNREACH 172.17.0.2:6379 - Local (0.0.0.0:0)","timestamp":"2026-08-12T00:51:08.088+05:30"}
{"level":"error","message":"Redis error connect ENETUNREACH 172.17.0.2:6379 - Local (0.0.0.0:0)","timestamp":"2026-08-12T00:51:10.1010+05:30"}
{"level":"error","message":"Redis error connect ENETUNREACH 172.17.0.2:6379 - Local (0.0.0.0:0)","timestamp":"2026-08-12T00:51:12.1212+05:30"}
{"level":"error","message":"Redis error connect ENETUNREACH 172.17.0.2:6379 - Local (0.0.0.0:0)","timestamp":"2026-08-12T00:51:14.1414+05:30"}
{"level":"error","message":"Redis error connect ENETUNREACH 172.17.0.2:6379 - Local (0.0.0.0:0)","timestamp":"2026-08-12T00:51:16.1616+05:30"}
{"level":"error","message":"Redis error connect ENETUNREACH 172.17.0.2:6379 - Local (0.0.0.0:0)","timestamp":"2026-08-12T00:51:18.1818+05:30"}
{"level":"error","message":"Redis error connect ENETUNREACH 172.17.0.2:6379 - Local (0.0.0.0:0)","timestamp":"2026-08-12T00:51:20.2020+05:30"}
{"level":"error","message":"Redis error connect ENETUNREACH 172.17.0.2:6379 - Local (0.0.0.0:0)","timestamp":"2026-08-12T00:51:22.2222+05:30"}
{"level":"error","message":"Redis error connect ENETUNREACH 172.17.0.2:6379 - Local (0.0.0.0:0)","timestamp":"2026-08-12T00:51:24.2424+05:30"}
{"level":"error","message":"Redis error connect ENETUNREACH 172.17.0.2:6379 - Local (0.0.0.0:0)","timestamp":"2026-08-12T00:51:26.2626+05:30"}
{"level":"error","message":"Redis error connect ENETUNREACH 172.17.0.2:6379 - Local (0.0.0.0:0)","timestamp":"2026-08-12T00:51:28.2828+05:30"}
{"level":"error","message":"Redis error connect ENETUNREACH 172.17.0.2:6379 - Local (0.0.0.0:0)","timestamp":"2026-08-12T00:51:30.3030+05:30"}
{"level":"error","message":"Redis error connect ENETUNREACH 172.17.0.2:6379 - Local (0.0.0.0:0)","timestamp":"2026-08-12T00:51:32.3232+05:30"}
{"level":"error","message":"Redis error connect ENETUNREACH 172.17.0.2:6379 - Local (0.0.0.0:0)","timestamp":"2026-08-12T00:51:34.3434+05:30"}
{"level":"error","message":"Redis error connect ENETUNREACH 172.17.0.2:6379 - Local (0.0.0.0:0)","timestamp":"2026-08-12T00:51:36.3636+05:30"}
{"level":"error","message":"Redis error connect ENETUNREACH 172.17.0.2:6379 - Local (0.0.0.0:0)","timestamp":"2026-08-12T00:51:38.3838+05:30"}
{"level":"error","message":"Redis error connect ENETUNREACH 172.17.0.2:6379 - Local (0.0.0.0:0)","timestamp":"2026-08-12T00:51:40.4040+05:30"}
{"level":"error","message":"Redis error connect ENETUNREACH 172.17.0.2:6379 - Local (0.0.0.0:0)","timestamp":"2026-08-12T00:51:42.4242+05:30"}
{"level":"error","message":"Redis error connect ENETUNREACH 172.17.0.2:6379 - Local (0.0.0.0:0)","timestamp":"2026-08-12T00:51:44.4444+05:30"}
{"level":"error","message":"Redis error connect ENETUNREACH 172.17.0.2:6379 - Local (0.0.0.0:0)","timestamp":"2026-08-12T00:51:46.4646+05:30"}
{"level":"error","message":"Redis error connect ENETUNREACH 172.17.0.2:6379 - Local (0.0.0.0:0)","timestamp":"2026-08-12T00:51:48.4848+05:30"}
{"level":"error","message":"Redis error connect ENETUNREACH 172.17.0.2:6379 - Local (0.0.0.0:0)","timestamp":"2026-08-12T00:51:50.5050+05:30"}
{"level":"error","message":"Redis error connect ENETUNREACH 172.17.0.2:6379 - Local (0.0.0.0:0)","timestamp":"2026-08-12T00:51:52.5252+05:30"}
{"level":"error","message":"Redis error connect ENETUNREACH 172.17.0.2:6379 - Local (0.0.0.0:0)","timestamp":"2026-08-12T00:51:54.5454+05:30"}
{"level":"error","message":"Redis error connect ENETUNREACH 172.17.0.2:6379 - Local (0.0.0.0:0)","timestamp":"2026-08-12T00:51:56.5656+05:30"}
{"level":"error","message":"Redis error connect ENETUNREACH 172.17.0.2:6379 - Local (0.0.0.0:0)","timestamp":"2026-08-12T00:51:58.5858+05:30"}
{"level":"error","message":"Redis error connect ENETUNREACH 172.17.0.2:6379 - Local (0.0.0.0:0)","timestamp":"2026-08-12T00:52:00.000+05:30"}
{"level":"error","message":"Redis error connect ENETUNREACH 172.17.0.2:6379 - Local (0.0.0.0:0)","timestamp":"2026-08-12T00:52:02.022+05:30"}
{"level":"error","message":"Redis error connect ENETUNREACH 172.17.0.2:6379 - Local (0.0.0.0:0)","timestamp":"2026-08-12T00:52:04.044+05:30"}
{"level":"error","message":"Redis error connect ENETUNREACH 172.17.0.2:6379 - Local (0.0.0.0:0)","timestamp":"2026-08-12T00:52:06.066+05:30"}
{"level":"error","message":"Redis error connect ENETUNREACH 172.17.0.2:6379 - Local (0.0.0.0:0)","timestamp":"2026-08-12T00:52:08.088+05:30"}
{"level":"error","message":"Redis error connect ENETUNREACH 172.17.0.2:6379 - Local (0.0.0.0:0)","timestamp":"2026-08-12T00:52:10.1010+05:30"}
{"level":"error","message":"Redis error connect ENETUNREACH 172.17.0.2:6379 - Local (0.0.0.0:0)","timestamp":"2026-08-12T00:52:12.1212+05:30"}
{"level":"error","message":"Redis error connect ENETUNREACH 172.17.0.2:6379 - Local (0.0.0.0:0)","timestamp":"2026-08-12T00:52:14.1414+05:30"}
{"level":"error","message":"Redis error connect ENETUNREACH 172.17.0.2:6379 - Local (0.0.0.0:0)","timestamp":"2026-08-12T00:52:16.1616+05:30"}
{"level":"error","message":"Redis error connect ENETUNREACH 172.17.0.2:6379 - Local (0.0.0.0:0)","timestamp":"2026-08-12T00:52:18.1818+05:30"}
{"level":"error","message":"Redis error connect ENETUNREACH 172.17.0.2:6379 - Local (0.0.0.0:0)","timestamp":"2026-08-12T00:52:20.2020+05:30"}
{"level":"error","message":"Redis error connect ENETUNREACH 172.17.0.2:6379 - Local (0.0.0.0:0)","timestamp":"2026-08-12T00:52:22.2222+05:30"}
{"level":"error","message":"Redis error connect ENETUNREACH 172.17.0.2:6379 - Local (0.0.0.0:0)","timestamp":"2026-08-12T00:52:24.2424+05:30"}
{"level":"error","message":"Redis error connect ENETUNREACH 172.17.0.2:6379 - Local (0.0.0.0:0)","timestamp":"2026-08-12T00:52:26.2626+05:30"}
{"level":"error","message":"Redis error connect ENETUNREACH 172.17.0.2:6379 - Local (0.0.0.0:0)","timestamp":"2026-08-12T00:52:28.2828+05:30"}
{"level":"error","message":"Redis error connect ENETUNREACH 172.17.0.2:6379 - Local (0.0.0.0:0)","timestamp":"2026-08-12T00:52:30.3030+05:30"}
{"level":"error","message":"Redis error connect ENETUNREACH 172.17.0.2:6379 - Local (0.0.0.0:0)","timestamp":"2026-08-12T00:52:32.3232+05:30"}
{"level":"error","message":"Redis error connect ENETUNREACH 172.17.0.2:6379 - Local (0.0.0.0:0)","timestamp":"2026-08-12T00:52:34.3434+05:30"}
{"level":"error","message":"Redis error connect ENETUNREACH 172.17.0.2:6379 - Local (0.0.0.0:0)","timestamp":"2026-08-12T00:52:36.3636+05:30"}
{"level":"error","message":"Redis error connect ENETUNREACH 172.17.0.2:6379 - Local (0.0.0.0:0)","timestamp":"2026-08-12T00:52:38.3838+05:30"}
{"level":"error","message":"Redis error connect ENETUNREACH 172.17.0.2:6379 - Local (0.0.0.0:0)","timestamp":"2026-08-12T00:52:40.4040+05:30"}
{"level":"error","message":"Redis error connect ENETUNREACH 172.17.0.2:6379 - Local (0.0.0.0:0)","timestamp":"2026-08-12T00:52:42.4242+05:30"}
{"level":"error","message":"Redis error connect ENETUNREACH 172.17.0.2:6379 - Local (0.0.0.0:0)","timestamp":"2026-08-12T00:52:44.4444+05:30"}
{"level":"error","message":"Redis error connect ENETUNREACH 172.17.0.2:6379 - Local (0.0.0.0:0)","timestamp":"2026-08-12T00:52:46.4646+05:30"}
{"level":"error","message":"Redis error connect ENETUNREACH 172.17.0.2:6379 - Local (0.0.0.0:0)","timestamp":"2026-08-12T00:52:48.4848+05:30"}
{"level":"error","message":"Redis error connect ENETUNREACH 172.17.0.2:6379 - Local (0.0.0.0:0)","timestamp":"2026-08-12T00:52:50.5050+05:30"}
{"level":"error","message":"Redis error connect ENETUNREACH 172.17.0.2:6379 - Local (0.0.0.0:0)","timestamp":"2026-08-12T00:52:52.5252+05:30"}
{"level":"error","message":"Redis error connect ENETUNREACH 172.17.0.2:6379 - Local (0.0.0.0:0)","timestamp":"2026-08-12T00:52:54.5454+05:30"}
{"level":"error","message":"Redis error connect ENETUNREACH 172.17.0.2:6379 - Local (0.0.0.0:0)","timestamp":"2026-08-12T00:52:56.5656+05:30"}
{"level":"error","message":"Redis error connect ENETUNREACH 172.17.0.2:6379 - Local (0.0.0.0:0)","timestamp":"2026-08-12T00:52:59.5959+05:30"}
{"level":"error","message":"Redis error connect ENETUNREACH 172.17.0.2:6379 - Local (0.0.0.0:0)","timestamp":"2026-08-12T00:53:01.011+05:30"}
{"level":"error","message":"Redis error connect ENETUNREACH 172.17.0.2:6379 - Local (0.0.0.0:0)","timestamp":"2026-08-12T00:53:03.033+05:30"}
{"level":"error","message":"Redis error connect ENETUNREACH 172.17.0.2:6379 - Local (0.0.0.0:0)","timestamp":"2026-08-12T00:53:05.055+05:30"}
{"level":"error","message":"Redis error connect ENETUNREACH 172.17.0.2:6379 - Local (0.0.0.0:0)","timestamp":"2026-08-12T00:53:07.077+05:30"}
{"level":"error","message":"Redis error connect ENETUNREACH 172.17.0.2:6379 - Local (0.0.0.0:0)","timestamp":"2026-08-12T00:53:09.099+05:30"}
{"level":"error","message":"Redis error connect ENETUNREACH 172.17.0.2:6379 - Local (0.0.0.0:0)","timestamp":"2026-08-12T00:53:11.1111+05:30"}
{"level":"error","message":"Redis error connect ENETUNREACH 172.17.0.2:6379 - Local (0.0.0.0:0)","timestamp":"2026-08-12T00:53:13.1313+05:30"}
{"level":"error","message":"Redis error connect ENETUNREACH 172.17.0.2:6379 - Local (0.0.0.0:0)","timestamp":"2026-08-12T00:53:15.1515+05:30"}
{"level":"error","message":"Redis error connect ENETUNREACH 172.17.0.2:6379 - Local (0.0.0.0:0)","timestamp":"2026-08-12T00:53:17.1717+05:30"}
{"level":"error","message":"Redis error connect ENETUNREACH 172.17.0.2:6379 - Local (0.0.0.0:0)","timestamp":"2026-08-12T00:53:19.1919+05:30"}
{"level":"error","message":"Redis error connect ENETUNREACH 172.17.0.2:6379 - Local (0.0.0.0:0)","timestamp":"2026-08-12T00:53:21.2121+05:30"}
{"level":"error","message":"Redis error connect ENETUNREACH 172.17.0.2:6379 - Local (0.0.0.0:0)","timestamp":"2026-08-12T00:53:23.2323+05:30"}
{"level":"error","message":"Redis error connect ENETUNREACH 172.17.0.2:6379 - Local (0.0.0.0:0)","timestamp":"2026-08-12T00:53:25.2525+05:30"}
{"level":"error","message":"Redis error connect ENETUNREACH 172.17.0.2:6379 - Local (0.0.0.0:0)","timestamp":"2026-08-12T00:53:27.2727+05:30"}
{"level":"error","message":"Redis error connect ENETUNREACH 172.17.0.2:6379 - Local (0.0.0.0:0)","timestamp":"2026-08-12T00:53:29.2929+05:30"}
{"level":"error","message":"Redis error connect ENETUNREACH 172.17.0.2:6379 - Local (0.0.0.0:0)","timestamp":"2026-08-12T00:53:31.3131+05:30"}
{"level":"error","message":"Redis error connect ENETUNREACH 172.17.0.2:6379 - Local (0.0.0.0:0)","timestamp":"2026-08-12T00:53:33.3333+05:30"}
{"level":"error","message":"Redis error connect ENETUNREACH 172.17.0.2:6379 - Local (0.0.0.0:0)","timestamp":"2026-08-12T00:53:35.3535+05:30"}
{"level":"error","message":"Redis error connect ENETUNREACH 172.17.0.2:6379 - Local (0.0.0.0:0)","timestamp":"2026-08-12T00:53:37.3737+05:30"}
{"level":"error","message":"Redis error connect ENETUNREACH 172.17.0.2:6379 - Local (0.0.0.0:0)","timestamp":"2026-08-12T00:53:39.3939+05:30"}
{"level":"error","message":"Redis error connect ENETUNREACH 172.17.0.2:6379 - Local (0.0.0.0:0)","timestamp":"2026-08-12T00:53:41.4141+05:30"}
{"level":"error","message":"Redis error connect ENETUNREACH 172.17.0.2:6379 - Local (0.0.0.0:0)","timestamp":"2026-08-12T00:53:43.4343+05:30"}
{"level":"error","message":"Redis error connect ENETUNREACH 172.17.0.2:6379 - Local (0.0.0.0:0)","timestamp":"2026-08-12T00:53:45.4545+05:30"}
{"level":"error","message":"Redis error connect ENETUNREACH 172.17.0.2:6379 - Local (0.0.0.0:0)","timestamp":"2026-08-12T00:53:47.4747+05:30"}
{"level":"error","message":"Redis error connect ENETUNREACH 172.17.0.2:6379 - Local (0.0.0.0:0)","timestamp":"2026-08-12T00:53:49.4949+05:30"}
{"level":"error","message":"Redis error connect ENETUNREACH 172.17.0.2:6379 - Local (0.0.0.0:0)","timestamp":"2026-08-12T00:53:51.5151+05:30"}
{"level":"error","message":"Redis error connect ENETUNREACH 172.17.0.2:6379 - Local (0.0.0.0:0)","timestamp":"2026-08-12T00:53:53.5353+05:30"}
{"level":"error","message":"Redis error connect ENETUNREACH 172.17.0.2:6379 - Local (0.0.0.0:0)","timestamp":"2026-08-12T00:53:55.5555+05:30"}
{"level":"error","message":"Redis error connect ENETUNREACH 172.17.0.2:6379 - Local (0.0.0.0:0)","timestamp":"2026-08-12T00:53:57.5757+05:30"}
{"level":"error","message":"Redis error connect ENETUNREACH 172.17.0.2:6379 - Local (0.0.0.0:0)","timestamp":"2026-08-12T00:53:59.5959+05:30"}
{"level":"error","message":"Redis error connect ENETUNREACH 172.17.0.2:6379 - Local (0.0.0.0:0)","timestamp":"2026-08-12T00:54:01.011+05:30"}
{"level":"error","message":"Redis error connect ENETUNREACH 172.17.0.2:6379 - Local (0.0.0.0:0)","timestamp":"2026-08-12T00:54:03.033+05:30"}
{"level":"error","message":"Redis error connect ENETUNREACH 172.17.0.2:6379 - Local (0.0.0.0:0)","timestamp":"2026-08-12T00:54:05.055+05:30"}
{"level":"error","message":"Redis error connect ENETUNREACH 172.17.0.2:6379 - Local (0.0.0.0:0)","timestamp":"2026-08-12T00:54:07.077+05:30"}
{"level":"error","message":"Redis error connect ENETUNREACH 172.17.0.2:6379 - Local (0.0.0.0:0)","timestamp":"2026-08-12T00:54:09.099+05:30"}
{"level":"error","message":"Redis error connect ENETUNREACH 172.17.0.2:6379 - Local (0.0.0.0:0)","timestamp":"2026-08-12T00:54:11.1111+05:30"}
{"level":"error","message":"Redis error connect ENETUNREACH 172.17.0.2:6379 - Local (0.0.0.0:0)","timestamp":"2026-08-12T00:54:13.1313+05:30"}
{"level":"error","message":"Redis error connect ENETUNREACH 172.17.0.2:6379 - Local (0.0.0.0:0)","timestamp":"2026-08-12T00:54:15.1515+05:30"}
{"level":"error","message":"Redis error connect ENETUNREACH 172.17.0.2:6379 - Local (0.0.0.0:0)","timestamp":"2026-08-12T00:54:17.1717+05:30"}
{"level":"error","message":"Redis error connect ENETUNREACH 172.17.0.2:6379 - Local (0.0.0.0:0)","timestamp":"2026-08-12T00:54:19.1919+05:30"}
{"level":"error","message":"Redis error connect ENETUNREACH 172.17.0.2:6379 - Local (0.0.0.0:0)","timestamp":"2026-08-12T00:54:21.2121+05:30"}
{"level":"error","message":"Redis error connect ENETUNREACH 172.17.0.2:6379 - Local (0.0.0.0:0)","timestamp":"2026-08-12T00:54:23.2323+05:30"}
{"level":"error","message":"Redis error connect ENETUNREACH 172.17.0.2:6379 - Local (0.0.0.0:0)","timestamp":"2026-08-12T00:54:25.2525+05:30"}
{"level":"error","message":"Redis error connect ENETUNREACH 172.17.0.2:6379 - Local (0.0.0.0:0)","timestamp":"2026-08-12T00:54:27.2727+05:30"}
{"level":"error","message":"Redis error connect ENETUNREACH 172.17.0.2:6379 - Local (0.0.0.0:0)","timestamp":"2026-08-12T00:54:29.2929+05:30"}
{"level":"error","message":"Redis error connect ENETUNREACH 172.17.0.2:6379 - Local (0.0.0.0:0)","timestamp":"2026-08-12T00:54:31.3131+05:30"}
{"level":"error","message":"Redis error connect ENETUNREACH 172.17.0.2:6379 - Local (0.0.0.0:0)","timestamp":"2026-08-12T00:54:33.3333+05:30"}
{"level":"error","message":"Redis error connect ENETUNREACH 172.17.0.2:6379 - Local (0.0.0.0:0)","timestamp":"2026-08-12T00:54:35.3535+05:30"}
{"level":"error","message":"Redis error connect ENETUNREACH 172.17.0.2:6379 - Local (0.0.0.0:0)","timestamp":"2026-08-12T00:54:37.3737+05:30"}
{"level":"error","message":"Redis error connect ENETUNREACH 172.17.0.2:6379 - Local (0.0.0.0:0)","timestamp":"2026-08-12T00:54:39.3939+05:30"}
{"level":"error","message":"Redis error connect ENETUNREACH 172.17.0.2:6379 - Local (0.0.0.0:0)","timestamp":"2026-08-12T00:54:41.4141+05:30"}
{"level":"error","message":"Redis error connect ENETUNREACH 172.17.0.2:6379 - Local (0.0.0.0:0)","timestamp":"2026-08-12T00:54:43.4343+05:30"}
{"level":"error","message":"Redis error connect ENETUNREACH 172.17.0.2:6379 - Local (0.0.0.0:0)","timestamp":"2026-08-12T00:54:45.4545+05:30"}
{"level":"error","message":"Redis error connect ENETUNREACH 172.17.0.2:6379 - Local (0.0.0.0:0)","timestamp":"2026-08-12T00:54:47.4747+05:30"}
{"level":"error","message":"Redis error connect ENETUNREACH 172.17.0.2:6379 - Local (0.0.0.0:0)","timestamp":"2026-08-12T00:54:49.4949+05:30"}
{"level":"error","message":"Redis error connect ENETUNREACH 172.17.0.2:6379 - Local (0.0.0.0:0)","timestamp":"2026-08-12T00:54:51.5151+05:30"}
{"level":"error","message":"Redis error connect ENETUNREACH 172.17.0.2:6379 - Local (0.0.0.0:0)","timestamp":"2026-08-12T00:54:53.5353+05:30"}
{"level":"error","message":"Redis error connect ENETUNREACH 172.17.0.2:6379 - Local (0.0.0.0:0)","timestamp":"2026-08-12T00:54:55.5555+05:30"}
{"level":"error","message":"Redis error connect ENETUNREACH 172.17.0.2:6379 - Local (0.0.0.0:0)","timestamp":"2026-08-12T00:54:57.5757+05:30"}
{"level":"error","message":"Redis error connect ENETUNREACH 172.17.0.2:6379 - Local (0.0.0.0:0)","timestamp":"2026-08-12T00:54:59.5959+05:30"}
{"level":"error","message":"Redis error connect ENETUNREACH 172.17.0.2:6379 - Local (0.0.0.0:0)","timestamp":"2026-08-12T00:55:01.011+05:30"}
{"level":"error","message":"Redis error connect ENETUNREACH 172.17.0.2:6379 - Local (0.0.0.0:0)","timestamp":"2026-08-12T00:55:03.033+05:30"}
{"level":"error","message":"Redis error connect ENETUNREACH 172.17.0.2:6379 - Local (0.0.0.0:0)","timestamp":"2026-08-12T00:55:05.055+05:30"}
{"level":"error","message":"Redis error connect ENETUNREACH 172.17.0.2:6379 - Local (0.0.0.0:0)","timestamp":"2026-08-12T00:55:07.077+05:30"}
{"level":"error","message":"Redis error connect ENETUNREACH 172.17.0.2:6379 - Local (0.0.0.0:0)","timestamp":"2026-08-12T00:55:09.099+05:30"}
{"level":"error","message":"Redis error connect ENETUNREACH 172.17.0.2:6379 - Local (0.0.0.0:0)","timestamp":"2026-08-12T00:55:11.1111+05:30"}
{"level":"error","message":"Redis error connect ENETUNREACH 172.17.0.2:6379 - Local (0.0.0.0:0)","timestamp":"2026-08-12T00:55:13.1313+05:30"}
{"level":"error","message":"Redis error connect ENETUNREACH 172.17.0.2:6379 - Local (0.0.0.0:0)","timestamp":"2026-08-12T00:55:15.1515+05:30"}
{"level":"error","message":"Redis error connect ENETUNREACH 172.17.0.2:6379 - Local (0.0.0.0:0)","timestamp":"2026-08-12T00:55:17.1717+05:30"}
{"level":"error","message":"Redis error connect ENETUNREACH 172.17.0.2:6379 - Local (0.0.0.0:0)","timestamp":"2026-08-12T00:55:19.1919+05:30"}
{"level":"error","message":"Redis error connect ENETUNREACH 172.17.0.2:6379 - Local (0.0.0.0:0)","timestamp":"2026-08-12T00:55:21.2121+05:30"}
{"level":"error","message":"Redis error connect ENETUNREACH 172.17.0.2:6379 - Local (0.0.0.0:0)","timestamp":"2026-08-12T00:55:23.2323+05:30"}
{"level":"error","message":"Redis error connect ENETUNREACH 172.17.0.2:6379 - Local (0.0.0.0:0)","timestamp":"2026-08-12T00:55:25.2525+05:30"}
{"level":"error","message":"Redis error connect ENETUNREACH 172.17.0.2:6379 - Local (0.0.0.0:0)","timestamp":"2026-08-12T00:55:27.2727+05:30"}
{"level":"error","message":"Redis error connect ENETUNREACH 172.17.0.2:6379 - Local (0.0.0.0:0)","timestamp":"2026-08-12T00:55:29.2929+05:30"}
{"level":"error","message":"Redis error connect ENETUNREACH 172.17.0.2:6379 - Local (0.0.0.0:0)","timestamp":"2026-08-12T00:55:31.3131+05:30"}
{"level":"error","message":"Redis error connect ENETUNREACH 172.17.0.2:6379 - Local (0.0.0.0:0)","timestamp":"2026-08-12T00:55:33.3333+05:30"}
{"level":"error","message":"Redis error connect ENETUNREACH 172.17.0.2:6379 - Local (0.0.0.0:0)","timestamp":"2026-08-12T00:55:35.3535+05:30"}
{"level":"error","message":"Redis error connect ENETUNREACH 172.17.0.2:6379 - Local (0.0.0.0:0)","timestamp":"2026-08-12T00:55:37.3737+05:30"}
{"level":"error","message":"Redis error connect ENETUNREACH 172.17.0.2:6379 - Local (0.0.0.0:0)","timestamp":"2026-08-12T00:55:39.3939+05:30"}
{"level":"error","message":"Redis error connect ENETUNREACH 172.17.0.2:6379 - Local (0.0.0.0:0)","timestamp":"2026-08-12T00:55:41.4141+05:30"}
{"level":"error","message":"Redis error connect ENETUNREACH 172.17.0.2:6379 - Local (0.0.0.0:0)","timestamp":"2026-08-12T00:55:43.4343+05:30"}
{"level":"error","message":"Redis error connect ENETUNREACH 172.17.0.2:6379 - Local (0.0.0.0:0)","timestamp":"2026-08-12T00:55:45.4545+05:30"}
{"level":"error","message":"Redis error connect ENETUNREACH 172.17.0.2:6379 - Local (0.0.0.0:0)","timestamp":"2026-08-12T00:55:47.4747+05:30"}
{"level":"error","message":"Redis error connect ENETUNREACH 172.17.0.2:6379 - Local (0.0.0.0:0)","timestamp":"2026-08-12T00:55:49.4949+05:30"}
{"level":"error","message":"Redis error connect ENETUNREACH 172.17.0.2:6379 - Local (0.0.0.0:0)","timestamp":"2026-08-12T00:55:51.5151+05:30"}
{"level":"error","message":"Redis error connect ENETUNREACH 172.17.0.2:6379 - Local (0.0.0.0:0)","timestamp":"2026-08-12T00:55:53.5353+05:30"}
{"level":"error","message":"Redis error connect ENETUNREACH 172.17.0.2:6379 - Local (0.0.0.0:0)","timestamp":"2026-08-12T00:55:55.5555+05:30"}
{"level":"info","message":"Redis connected","timestamp":"2026-08-12T00:55:57.5757+05:30"}
{"level":"error","message":"Redis error","timestamp":"2026-08-12T00:55:57.5757+05:30"}
{"level":"info","message":"SQLite connected via Prisma","timestamp":"2026-08-12T00:55:57.5757+05:30"}
{"level":"info","message":"SQLite connected via Prisma","timestamp":"2026-08-12T00:55:57.5757+05:30"}
{"environment":"development","level":"info","message":"MRT API running","pid":58522,"port":8081,"timestamp":"2026-08-12T00:55:57.5757+05:30"}
{"environment":"development","level":"info","message":"MRT API running","pid":83,"port":8081,"timestamp":"2026-08-12T00:55:57.5757+05:30"}
{"level":"error","message":"Redis error","timestamp":"2026-08-12T00:55:57.5757+05:30"}
{"level":"error","message":"Redis error","timestamp":"2026-08-12T00:55:57.5757+05:30"}
{"level":"error","message":"Redis error","timestamp":"2026-08-12T00:55:57.5757+05:30"}
{"level":"error","message":"Redis error","timestamp":"2026-08-12T00:55:58.5858+05:30"}
{"level":"error","message":"Redis error","timestamp":"2026-08-12T00:55:58.5858+05:30"}
{"level":"error","message":"Redis error","timestamp":"2026-08-12T00:55:58.5858+05:30"}
{"level":"error","message":"Redis error","timestamp":"2026-08-12T00:55:59.5959+05:30"}
{"level":"error","message":"Redis error","timestamp":"2026-08-12T00:55:59.5959+05:30"}
{"level":"error","message":"Redis error","timestamp":"2026-08-12T00:55:59.5959+05:30"}
{"level":"error","message":"Redis error","timestamp":"2026-08-12T00:56:00.000+05:30"}
{"level":"error","message":"Redis error","timestamp":"2026-08-12T00:56:01.011+05:30"}
{"level":"error","message":"Redis error","timestamp":"2026-08-12T00:56:01.011+05:30"}
{"level":"error","message":"Redis error","timestamp":"2026-08-12T00:56:02.022+05:30"}
{"level":"error","message":"Redis error","timestamp":"2026-08-12T00:56:02.022+05:30"}
{"level":"error","message":"Redis error","timestamp":"2026-08-12T00:56:03.033+05:30"}
{"level":"error","message":"Redis error","timestamp":"2026-08-12T00:56:04.044+05:30"}
{"level":"error","message":"Redis error","timestamp":"2026-08-12T00:56:05.055+05:30"}
{"level":"error","message":"Redis error","timestamp":"2026-08-12T00:56:06.066+05:30"}
{"level":"error","message":"Redis error","timestamp":"2026-08-12T00:56:07.077+05:30"}
{"level":"error","message":"Redis error","timestamp":"2026-08-12T00:56:08.088+05:30"}
{"level":"error","message":"Redis error","timestamp":"2026-08-12T00:56:09.099+05:30"}
{"level":"error","message":"Redis error","timestamp":"2026-08-12T00:56:10.1010+05:30"}
{"level":"error","message":"Redis error","timestamp":"2026-08-12T00:56:11.1111+05:30"}
{"level":"error","message":"Redis error","timestamp":"2026-08-12T00:56:12.1212+05:30"}
{"level":"error","message":"Redis error","timestamp":"2026-08-12T00:56:14.1414+05:30"}
{"level":"error","message":"Redis error","timestamp":"2026-08-12T00:56:15.1515+05:30"}
{"level":"error","message":"Redis error","timestamp":"2026-08-12T00:56:16.1616+05:30"}
{"level":"error","message":"Redis error","timestamp":"2026-08-12T00:56:18.1818+05:30"}
{"level":"error","message":"Redis error","timestamp":"2026-08-12T00:56:19.1919+05:30"}
{"level":"error","message":"Redis error","timestamp":"2026-08-12T00:56:21.2121+05:30"}
{"level":"error","message":"Redis error","timestamp":"2026-08-12T00:56:22.2222+05:30"}
{"level":"error","message":"Redis error","timestamp":"2026-08-12T00:56:24.2424+05:30"}
{"level":"error","message":"Redis error","timestamp":"2026-08-12T00:56:25.2525+05:30"}
{"level":"error","message":"Redis error","timestamp":"2026-08-12T00:56:27.2727+05:30"}
{"level":"error","message":"Redis error","timestamp":"2026-08-12T00:56:29.2929+05:30"}
{"level":"error","message":"Redis error","timestamp":"2026-08-12T00:56:31.3131+05:30"}
{"level":"error","message":"Redis error","timestamp":"2026-08-12T00:56:33.3333+05:30"}
{"level":"error","message":"Redis error","timestamp":"2026-08-12T00:56:35.3535+05:30"}
{"level":"error","message":"Redis error","timestamp":"2026-08-12T00:56:37.3737+05:30"}
{"level":"error","message":"Redis error","timestamp":"2026-08-12T00:56:39.3939+05:30"}
{"level":"info","message":"Redis connected","timestamp":"2026-08-12T00:56:43.4343+05:30"}
{"level":"info","message":"SQLite connected via Prisma","timestamp":"2026-08-12T00:56:43.4343+05:30"}
{"environment":"development","level":"info","message":"MRT API running","pid":58865,"port":8081,"timestamp":"2026-08-12T00:56:43.4343+05:30"}
{"level":"error","message":"Redis error","timestamp":"2026-08-12T00:56:43.4343+05:30"}
{"level":"info","message":"SQLite connected via Prisma","timestamp":"2026-08-12T00:56:43.4343+05:30"}
{"environment":"development","level":"info","message":"MRT API running","pid":107,"port":8081,"timestamp":"2026-08-12T00:56:43.4343+05:30"}
{"level":"error","message":"Redis error","timestamp":"2026-08-12T00:56:43.4343+05:30"}
{"level":"error","message":"Redis error","timestamp":"2026-08-12T00:56:43.4343+05:30"}
{"level":"error","message":"Redis error","timestamp":"2026-08-12T00:56:43.4343+05:30"}
{"level":"error","message":"Redis error","timestamp":"2026-08-12T00:56:44.4444+05:30"}
{"level":"error","message":"Redis error","timestamp":"2026-08-12T00:56:44.4444+05:30"}
{"level":"error","message":"Redis error","timestamp":"2026-08-12T00:56:44.4444+05:30"}
{"level":"error","message":"Redis error","timestamp":"2026-08-12T00:56:45.4545+05:30"}
{"level":"error","message":"Redis error","timestamp":"2026-08-12T00:56:45.4545+05:30"}
{"level":"error","message":"Redis error","timestamp":"2026-08-12T00:56:46.4646+05:30"}
{"level":"error","message":"Redis error","timestamp":"2026-08-12T00:56:46.4646+05:30"}
{"level":"error","message":"Redis error","timestamp":"2026-08-12T00:56:47.4747+05:30"}
{"level":"error","message":"Redis error","timestamp":"2026-08-12T00:56:47.4747+05:30"}
{"level":"error","message":"Redis error","timestamp":"2026-08-12T00:56:48.4848+05:30"}
{"level":"error","message":"Redis error","timestamp":"2026-08-12T00:56:49.4949+05:30"}
{"level":"error","message":"Redis error","timestamp":"2026-08-12T00:56:49.4949+05:30"}
{"level":"error","message":"Redis error","timestamp":"2026-08-12T00:56:50.5050+05:30"}
{"level":"error","message":"Redis error","timestamp":"2026-08-12T00:56:51.5151+05:30"}
{"level":"error","message":"Redis error","timestamp":"2026-08-12T00:56:52.5252+05:30"}
{"level":"error","message":"Redis error","timestamp":"2026-08-12T00:56:53.5353+05:30"}
{"level":"error","message":"Redis error","timestamp":"2026-08-12T00:56:54.5454+05:30"}
{"level":"error","message":"Redis error","timestamp":"2026-08-12T00:56:55.5555+05:30"}
{"level":"error","message":"Redis error","timestamp":"2026-08-12T00:56:56.5656+05:30"}
{"level":"error","message":"Redis error","timestamp":"2026-08-12T00:56:57.5757+05:30"}
{"level":"error","message":"Redis error","timestamp":"2026-08-12T00:56:58.5858+05:30"}
{"level":"error","message":"Redis error","timestamp":"2026-08-12T00:57:00.000+05:30"}
{"level":"error","message":"Redis error","timestamp":"2026-08-12T00:57:01.011+05:30"}
{"level":"error","message":"Redis error","timestamp":"2026-08-12T00:57:02.022+05:30"}
{"level":"error","message":"Redis error","timestamp":"2026-08-12T00:57:04.044+05:30"}
{"level":"error","message":"Redis error","timestamp":"2026-08-12T00:57:05.055+05:30"}
{"level":"error","message":"Redis error","timestamp":"2026-08-12T00:57:07.077+05:30"}
{"level":"error","message":"Redis error","timestamp":"2026-08-12T00:57:08.088+05:30"}
{"level":"error","message":"Redis error","timestamp":"2026-08-12T00:57:10.1010+05:30"}
{"level":"error","message":"Redis error","timestamp":"2026-08-12T00:57:12.1212+05:30"}
{"level":"error","message":"Redis error","timestamp":"2026-08-12T00:57:13.1313+05:30"}
{"level":"error","message":"Redis error","timestamp":"2026-08-12T00:57:15.1515+05:30"}
{"level":"error","message":"Redis error","timestamp":"2026-08-12T00:57:17.1717+05:30"}
{"level":"error","message":"Redis error","timestamp":"2026-08-12T00:57:19.1919+05:30"}
{"level":"error","message":"Redis error","timestamp":"2026-08-12T00:57:21.2121+05:30"}
{"level":"error","message":"Redis error","timestamp":"2026-08-12T00:57:23.2323+05:30"}
{"level":"error","message":"Redis error","timestamp":"2026-08-12T00:57:25.2525+05:30"}
{"level":"error","message":"Redis error","timestamp":"2026-08-12T00:57:27.2727+05:30"}
{"level":"error","message":"Redis error","timestamp":"2026-08-12T00:57:29.2929+05:30"}
{"level":"error","message":"Redis error","timestamp":"2026-08-12T00:57:31.3131+05:30"}
{"level":"error","message":"Redis error","timestamp":"2026-08-12T00:57:33.3333+05:30"}
{"level":"error","message":"Redis error","timestamp":"2026-08-12T00:57:35.3535+05:30"}
{"level":"error","message":"Redis error","timestamp":"2026-08-12T00:57:37.3737+05:30"}
{"level":"error","message":"Redis error","timestamp":"2026-08-12T00:57:39.3939+05:30"}
{"level":"error","message":"Redis error","timestamp":"2026-08-12T00:57:41.4141+05:30"}
{"level":"error","message":"Redis error","timestamp":"2026-08-12T00:57:43.4343+05:30"}
{"level":"error","message":"Redis error","timestamp":"2026-08-12T00:57:45.4545+05:30"}
{"level":"error","message":"Redis error","timestamp":"2026-08-12T00:57:47.4747+05:30"}
{"level":"error","message":"Redis error","timestamp":"2026-08-12T00:57:49.4949+05:30"}
{"level":"error","message":"Redis error","timestamp":"2026-08-12T00:57:51.5151+05:30"}
{"level":"error","message":"Redis error","timestamp":"2026-08-12T00:57:53.5353+05:30"}
{"level":"error","message":"Redis error","timestamp":"2026-08-12T00:57:55.5555+05:30"}
{"level":"error","message":"Redis error","timestamp":"2026-08-12T00:57:57.5757+05:30"}
{"level":"error","message":"Redis error","timestamp":"2026-08-12T00:57:59.5959+05:30"}
{"level":"error","message":"Redis error","timestamp":"2026-08-12T00:58:01.011+05:30"}
{"level":"error","message":"Redis error","timestamp":"2026-08-12T00:58:03.033+05:30"}
{"level":"error","message":"Redis error","timestamp":"2026-08-12T00:58:05.055+05:30"}
{"level":"error","message":"Redis error","timestamp":"2026-08-12T00:58:07.077+05:30"}
{"level":"error","message":"Redis error","timestamp":"2026-08-12T00:58:09.099+05:30"}
{"level":"error","message":"Redis error","timestamp":"2026-08-12T00:58:11.1111+05:30"}
{"level":"error","message":"Redis error","timestamp":"2026-08-12T00:58:13.1313+05:30"}
{"level":"error","message":"Redis error","timestamp":"2026-08-12T00:58:15.1515+05:30"}
{"level":"error","message":"Redis error","timestamp":"2026-08-12T00:58:17.1717+05:30"}
{"level":"error","message":"Redis error","timestamp":"2026-08-12T00:58:19.1919+05:30"}
{"level":"error","message":"Redis error","timestamp":"2026-08-12T00:58:21.2121+05:30"}
{"level":"error","message":"Redis error","timestamp":"2026-08-12T00:58:23.2323+05:30"}
{"level":"error","message":"Redis error","timestamp":"2026-08-12T00:58:25.2525+05:30"}
{"level":"error","message":"Redis error","timestamp":"2026-08-12T00:58:27.2727+05:30"}
{"level":"error","message":"Redis error","timestamp":"2026-08-12T00:58:29.2929+05:30"}
{"level":"error","message":"Redis error","timestamp":"2026-08-12T00:58:31.3131+05:30"}
{"level":"error","message":"Redis error","timestamp":"2026-08-12T00:58:33.3333+05:30"}
{"level":"error","message":"Redis error","timestamp":"2026-08-12T00:58:35.3535+05:30"}
{"level":"error","message":"Redis error","timestamp":"2026-08-12T00:58:37.3737+05:30"}
{"level":"error","message":"Redis error","timestamp":"2026-08-12T00:58:39.3939+05:30"}
{"level":"error","message":"Redis error","timestamp":"2026-08-12T00:58:41.4141+05:30"}
{"level":"error","message":"Redis error","timestamp":"2026-08-12T00:58:43.4343+05:30"}
{"level":"error","message":"Redis error","timestamp":"2026-08-12T00:58:45.4545+05:30"}
{"level":"error","message":"Redis error","timestamp":"2026-08-12T00:58:47.4747+05:30"}
{"level":"error","message":"Redis error","timestamp":"2026-08-12T00:58:49.4949+05:30"}
{"level":"error","message":"Redis error","timestamp":"2026-08-12T00:58:51.5151+05:30"}
{"level":"error","message":"Redis error","timestamp":"2026-08-12T00:58:53.5353+05:30"}
{"level":"error","message":"Redis error","timestamp":"2026-08-12T00:58:55.5555+05:30"}
{"level":"error","message":"Redis error","timestamp":"2026-08-12T00:58:57.5757+05:30"}
{"level":"error","message":"Redis error","timestamp":"2026-08-12T00:58:59.5959+05:30"}
{"level":"error","message":"Redis error","timestamp":"2026-08-12T00:59:01.011+05:30"}
{"level":"error","message":"Redis error","timestamp":"2026-08-12T00:59:03.033+05:30"}
{"level":"error","message":"Redis error","timestamp":"2026-08-12T00:59:05.055+05:30"}
{"level":"error","message":"Redis error","timestamp":"2026-08-12T00:59:07.077+05:30"}
{"level":"error","message":"Redis error","timestamp":"2026-08-12T00:59:09.099+05:30"}
{"level":"error","message":"Redis error","timestamp":"2026-08-12T00:59:11.1111+05:30"}
{"level":"error","message":"Redis error","timestamp":"2026-08-12T00:59:13.1313+05:30"}
{"level":"error","message":"Redis error","timestamp":"2026-08-12T00:59:15.1515+05:30"}
{"level":"error","message":"Redis error","timestamp":"2026-08-12T00:59:17.1717+05:30"}
{"level":"error","message":"Redis error","timestamp":"2026-08-12T00:59:19.1919+05:30"}
{"level":"error","message":"Redis error","timestamp":"2026-08-12T00:59:21.2121+05:30"}
{"level":"error","message":"Redis error","timestamp":"2026-08-12T00:59:23.2323+05:30"}
{"level":"error","message":"Redis error","timestamp":"2026-08-12T00:59:25.2525+05:30"}
{"level":"error","message":"Redis error","timestamp":"2026-08-12T00:59:27.2727+05:30"}
{"level":"error","message":"Redis error","timestamp":"2026-08-12T00:59:29.2929+05:30"}
{"level":"error","message":"Redis error","timestamp":"2026-08-12T00:59:31.3131+05:30"}
{"level":"error","message":"Redis error","timestamp":"2026-08-12T00:59:33.3333+05:30"}
{"level":"error","message":"Redis error","timestamp":"2026-08-12T00:59:35.3535+05:30"}
{"level":"error","message":"Redis error","timestamp":"2026-08-12T00:59:37.3737+05:30"}
{"level":"error","message":"Redis error","timestamp":"2026-08-12T00:59:39.3939+05:30"}
{"level":"error","message":"Redis error","timestamp":"2026-08-12T00:59:41.4141+05:30"}
{"level":"error","message":"Redis error","timestamp":"2026-08-12T00:59:43.4343+05:30"}
{"level":"error","message":"Redis error","timestamp":"2026-08-12T00:59:45.4545+05:30"}
{"level":"error","message":"Redis error","timestamp":"2026-08-12T00:59:47.4747+05:30"}
{"level":"error","message":"Redis error","timestamp":"2026-08-12T00:59:49.4949+05:30"}
{"level":"error","message":"Redis error","timestamp":"2026-08-12T00:59:51.5151+05:30"}
{"level":"error","message":"Redis error","timestamp":"2026-08-12T00:59:53.5353+05:30"}
{"level":"error","message":"Redis error","timestamp":"2026-08-12T00:59:55.5555+05:30"}
{"level":"error","message":"Redis error","timestamp":"2026-08-12T00:59:57.5757+05:30"}
{"level":"error","message":"Redis error","timestamp":"2026-08-12T00:59:59.5959+05:30"}
{"level":"error","message":"Redis error","timestamp":"2026-08-12T01:00:01.011+05:30"}
{"level":"error","message":"Redis error","timestamp":"2026-08-12T01:00:03.033+05:30"}
{"level":"error","message":"Redis error","timestamp":"2026-08-12T01:00:05.055+05:30"}
{"level":"error","message":"Redis error","timestamp":"2026-08-12T01:00:07.077+05:30"}
{"level":"error","message":"Redis error","timestamp":"2026-08-12T01:00:09.099+05:30"}
{"level":"error","message":"Redis error","timestamp":"2026-08-12T01:00:11.1111+05:30"}
{"level":"error","message":"Redis error","timestamp":"2026-08-12T01:00:13.1313+05:30"}
{"level":"error","message":"Redis error","timestamp":"2026-08-12T01:00:15.1515+05:30"}
{"level":"error","message":"Redis error","timestamp":"2026-08-12T01:00:17.1717+05:30"}
{"level":"error","message":"Redis error","timestamp":"2026-08-12T01:00:19.1919+05:30"}
{"level":"error","message":"Redis error","timestamp":"2026-08-12T01:00:21.2121+05:30"}
{"level":"error","message":"Redis error","timestamp":"2026-08-12T01:00:23.2323+05:30"}
{"level":"error","message":"Redis error","timestamp":"2026-08-12T01:00:25.2525+05:30"}
{"level":"error","message":"Redis error","timestamp":"2026-08-12T01:00:27.2727+05:30"}
{"level":"error","message":"Redis error","timestamp":"2026-08-12T01:00:29.2929+05:30"}
{"level":"error","message":"Redis error","timestamp":"2026-08-12T01:00:31.3131+05:30"}
{"level":"error","message":"Redis error","timestamp":"2026-08-12T01:00:33.3333+05:30"}
{"level":"error","message":"Redis error","timestamp":"2026-08-12T01:00:35.3535+05:30"}
{"level":"error","message":"Redis error","timestamp":"2026-08-12T01:00:37.3737+05:30"}
{"level":"error","message":"Redis error","timestamp":"2026-08-12T01:00:39.3939+05:30"}
{"level":"error","message":"Redis error","timestamp":"2026-08-12T01:00:41.4141+05:30"}
{"level":"error","message":"Redis error","timestamp":"2026-08-12T01:00:43.4343+05:30"}
{"level":"error","message":"Redis error","timestamp":"2026-08-12T01:00:45.4545+05:30"}
{"level":"error","message":"Redis error","timestamp":"2026-08-12T01:00:47.4747+05:30"}
{"level":"error","message":"Redis error","timestamp":"2026-08-12T01:00:49.4949+05:30"}
{"level":"error","message":"Redis error","timestamp":"2026-08-12T01:00:51.5151+05:30"}
{"level":"error","message":"Redis error","timestamp":"2026-08-12T01:00:53.5353+05:30"}
{"level":"error","message":"Redis error","timestamp":"2026-08-12T01:00:55.5555+05:30"}
{"level":"error","message":"Redis error","timestamp":"2026-08-12T01:00:58.5858+05:30"}
{"level":"error","message":"Redis error","timestamp":"2026-08-12T01:01:00.000+05:30"}
{"level":"error","message":"Redis error","timestamp":"2026-08-12T01:01:02.022+05:30"}
{"level":"error","message":"Redis error","timestamp":"2026-08-12T01:01:04.044+05:30"}
{"level":"error","message":"Redis error","timestamp":"2026-08-12T01:01:06.066+05:30"}
{"level":"error","message":"Redis error","timestamp":"2026-08-12T01:01:08.088+05:30"}
{"level":"error","message":"Redis error","timestamp":"2026-08-12T01:01:10.1010+05:30"}
{"level":"error","message":"Redis error","timestamp":"2026-08-12T01:01:12.1212+05:30"}
{"level":"error","message":"Redis error","timestamp":"2026-08-12T01:01:14.1414+05:30"}
{"level":"error","message":"Redis error","timestamp":"2026-08-12T01:01:16.1616+05:30"}
{"level":"error","message":"Redis error","timestamp":"2026-08-12T01:01:18.1818+05:30"}
{"level":"error","message":"Redis error","timestamp":"2026-08-12T01:01:20.2020+05:30"}
{"level":"error","message":"Redis error","timestamp":"2026-08-12T01:01:22.2222+05:30"}
{"level":"error","message":"Redis error","timestamp":"2026-08-12T01:01:24.2424+05:30"}
{"level":"error","message":"Redis error","timestamp":"2026-08-12T01:01:26.2626+05:30"}
{"level":"error","message":"Redis error","timestamp":"2026-08-12T01:01:28.2828+05:30"}
{"level":"error","message":"Redis error","timestamp":"2026-08-12T01:01:30.3030+05:30"}
{"level":"error","message":"Redis error","timestamp":"2026-08-12T01:01:32.3232+05:30"}
{"level":"error","message":"Redis error","timestamp":"2026-08-12T01:01:34.3434+05:30"}
{"level":"error","message":"Prisma Error \nInvalid `prisma.news.findMany()` invocation in\n/home/astro/Documents/code/smeh_new_desing/backend/src/services/newsService.js:243:17\n\n  240 }\n  241 \n  242 const [items, total] = await Promise.all([\n→ 243   prisma.news.findMany({\n          where: {\n            deleted_at: null,\n            status: \"published\"\n          },\n          select: {\n            id: true,\n            title: true,\n            slug: true,\n            excerpt: true,\n            content: true,\n            youtube_url: true,\n            status: true,\n            visibility: true,\n            is_featured: true,\n            is_pinned: true,\n            featured_order: true,\n            allow_comments: true,\n            language: true,\n            publish_version: true,\n            views_count: true,\n            likes_count: true,\n            shares_count: true,\n            reading_time: true,\n            seo_title: true,\n            seo_description: true,\n            meta_keywords: true,\n            canonical_url: true,\n            scheduled_publish_at: true,\n            published_at: true,\n            title_font: true,\n            excerpt_font: true,\n            content_font: true,\n            created_at: true,\n            updated_at: true,\n            deleted_at: true,\n            category: {\n              select: {\n                id: true,\n                name: true,\n                slug: true\n              }\n            },\n            author: {\n              select: {\n                id: true,\n                email: true,\n                role: {\n                  select: {\n                    name: true\n                  }\n                }\n              }\n            },\n            author_name: true,\n            ~~~~~~~~~~~\n            thumbnail: {\n              select: {\n                id: true,\n                file_path: true,\n                path_webp: true,\n                path_avif: true,\n                path_thumb: true\n              }\n            },\n            document: {\n              select: {\n                id: true,\n                file_path: true,\n                original_name: true,\n                mime_type: true\n              }\n            },\n            tags: {\n              include: {\n                tag: {\n                  select: {\n                    id: true,\n                    name: true,\n                    slug: true\n                  }\n                }\n              }\n            },\n        ?   category_id?: true,\n        ?   created_by?: true,\n        ?   updated_by?: true,\n        ?   thumbnail_media_id?: true,\n        ?   document_media_id?: true,\n        ?   seo_image_media_id?: true,\n        ?   updated_by_user?: true,\n        ?   seo_image?: true,\n        ?   images?: true,\n        ?   revisions?: true,\n        ?   _count?: true\n          },\n          orderBy: {\n            created_at: \"desc\"\n          },\n          skip: 0,\n          take: 10\n        })\n\nUnknown field `author_name` for select statement on model `News`. Available options are marked with ?.","timestamp":"2026-08-12T01:01:34.3434+05:30"}
{"level":"error","message":"Prisma Error \nInvalid `prisma.news.findMany()` invocation in\n/home/astro/Documents/code/smeh_new_desing/backend/src/services/newsService.js:243:17\n\n  240 }\n  241 \n  242 const [items, total] = await Promise.all([\n→ 243   prisma.news.findMany({\n          where: {\n            deleted_at: null,\n            status: \"published\",\n            category: {\n              OR: [\n                {\n                  slug: \"Campus Buzz\"\n                },\n                {\n                  name: {\n                    equals: \"Campus Buzz\"\n                  }\n                }\n              ]\n            }\n          },\n          select: {\n            id: true,\n            title: true,\n            slug: true,\n            excerpt: true,\n            content: true,\n            youtube_url: true,\n            status: true,\n            visibility: true,\n            is_featured: true,\n            is_pinned: true,\n            featured_order: true,\n            allow_comments: true,\n            language: true,\n            publish_version: true,\n            views_count: true,\n            likes_count: true,\n            shares_count: true,\n            reading_time: true,\n            seo_title: true,\n            seo_description: true,\n            meta_keywords: true,\n            canonical_url: true,\n            scheduled_publish_at: true,\n            published_at: true,\n            title_font: true,\n            excerpt_font: true,\n            content_font: true,\n            created_at: true,\n            updated_at: true,\n            deleted_at: true,\n            category: {\n              select: {\n                id: true,\n                name: true,\n                slug: true\n              }\n            },\n            author: {\n              select: {\n                id: true,\n                email: true,\n                role: {\n                  select: {\n                    name: true\n                  }\n                }\n              }\n            },\n            author_name: true,\n            ~~~~~~~~~~~\n            thumbnail: {\n              select: {\n                id: true,\n                file_path: true,\n                path_webp: true,\n                path_avif: true,\n                path_thumb: true\n              }\n            },\n            document: {\n              select: {\n                id: true,\n                file_path: true,\n                original_name: true,\n                mime_type: true\n              }\n            },\n            tags: {\n              include: {\n                tag: {\n                  select: {\n                    id: true,\n                    name: true,\n                    slug: true\n                  }\n                }\n              }\n            },\n        ?   category_id?: true,\n        ?   created_by?: true,\n        ?   updated_by?: true,\n        ?   thumbnail_media_id?: true,\n        ?   document_media_id?: true,\n        ?   seo_image_media_id?: true,\n        ?   updated_by_user?: true,\n        ?   seo_image?: true,\n        ?   images?: true,\n        ?   revisions?: true,\n        ?   _count?: true\n          },\n          orderBy: {\n            created_at: \"desc\"\n          },\n          skip: 0,\n          take: 10\n        })\n\nUnknown field `author_name` for select statement on model `News`. Available options are marked with ?.","timestamp":"2026-08-12T01:01:34.3434+05:30"}
{"level":"error","message":"Prisma Error \nInvalid `prisma.news.findMany()` invocation in\n/home/astro/Documents/code/smeh_new_desing/backend/src/services/newsService.js:243:17\n\n  240 }\n  241 \n  242 const [items, total] = await Promise.all([\n→ 243   prisma.news.findMany({\n          where: {\n            deleted_at: null,\n            status: \"published\",\n            category: {\n              OR: [\n                {\n                  slug: \"Beyond Campus\"\n                },\n                {\n                  name: {\n                    equals: \"Beyond Campus\"\n                  }\n                }\n              ]\n            }\n          },\n          select: {\n            id: true,\n            title: true,\n            slug: true,\n            excerpt: true,\n            content: true,\n            youtube_url: true,\n            status: true,\n            visibility: true,\n            is_featured: true,\n            is_pinned: true,\n            featured_order: true,\n            allow_comments: true,\n            language: true,\n            publish_version: true,\n            views_count: true,\n            likes_count: true,\n            shares_count: true,\n            reading_time: true,\n            seo_title: true,\n            seo_description: true,\n            meta_keywords: true,\n            canonical_url: true,\n            scheduled_publish_at: true,\n            published_at: true,\n            title_font: true,\n            excerpt_font: true,\n            content_font: true,\n            created_at: true,\n            updated_at: true,\n            deleted_at: true,\n            category: {\n              select: {\n                id: true,\n                name: true,\n                slug: true\n              }\n            },\n            author: {\n              select: {\n                id: true,\n                email: true,\n                role: {\n                  select: {\n                    name: true\n                  }\n                }\n              }\n            },\n            author_name: true,\n            ~~~~~~~~~~~\n            thumbnail: {\n              select: {\n                id: true,\n                file_path: true,\n                path_webp: true,\n                path_avif: true,\n                path_thumb: true\n              }\n            },\n            document: {\n              select: {\n                id: true,\n                file_path: true,\n                original_name: true,\n                mime_type: true\n              }\n            },\n            tags: {\n              include: {\n                tag: {\n                  select: {\n                    id: true,\n                    name: true,\n                    slug: true\n                  }\n                }\n              }\n            },\n        ?   category_id?: true,\n        ?   created_by?: true,\n        ?   updated_by?: true,\n        ?   thumbnail_media_id?: true,\n        ?   document_media_id?: true,\n        ?   seo_image_media_id?: true,\n        ?   updated_by_user?: true,\n        ?   seo_image?: true,\n        ?   images?: true,\n        ?   revisions?: true,\n        ?   _count?: true\n          },\n          orderBy: {\n            created_at: \"desc\"\n          },\n          skip: 0,\n          take: 10\n        })\n\nUnknown field `author_name` for select statement on model `News`. Available options are marked with ?.","timestamp":"2026-08-12T01:01:34.3434+05:30"}
{"level":"error","message":"Prisma Error \nInvalid `prisma.news.findMany()` invocation in\n/home/astro/Documents/code/smeh_new_desing/backend/src/services/newsService.js:243:17\n\n  240 }\n  241 \n  242 const [items, total] = await Promise.all([\n→ 243   prisma.news.findMany({\n          where: {\n            deleted_at: null,\n            status: \"published\",\n            category: {\n              OR: [\n                {\n                  slug: \"Social Buzz\"\n                },\n                {\n                  name: {\n                    equals: \"Social Buzz\"\n                  }\n                }\n              ]\n            }\n          },\n          select: {\n            id: true,\n            title: true,\n            slug: true,\n            excerpt: true,\n            content: true,\n            youtube_url: true,\n            status: true,\n            visibility: true,\n            is_featured: true,\n            is_pinned: true,\n            featured_order: true,\n            allow_comments: true,\n            language: true,\n            publish_version: true,\n            views_count: true,\n            likes_count: true,\n            shares_count: true,\n            reading_time: true,\n            seo_title: true,\n            seo_description: true,\n            meta_keywords: true,\n            canonical_url: true,\n            scheduled_publish_at: true,\n            published_at: true,\n            title_font: true,\n            excerpt_font: true,\n            content_font: true,\n            created_at: true,\n            updated_at: true,\n            deleted_at: true,\n            category: {\n              select: {\n                id: true,\n                name: true,\n                slug: true\n              }\n            },\n            author: {\n              select: {\n                id: true,\n                email: true,\n                role: {\n                  select: {\n                    name: true\n                  }\n                }\n              }\n            },\n            author_name: true,\n            ~~~~~~~~~~~\n            thumbnail: {\n              select: {\n                id: true,\n                file_path: true,\n                path_webp: true,\n                path_avif: true,\n                path_thumb: true\n              }\n            },\n            document: {\n              select: {\n                id: true,\n                file_path: true,\n                original_name: true,\n                mime_type: true\n              }\n            },\n            tags: {\n              include: {\n                tag: {\n                  select: {\n                    id: true,\n                    name: true,\n                    slug: true\n                  }\n                }\n              }\n            },\n        ?   category_id?: true,\n        ?   created_by?: true,\n        ?   updated_by?: true,\n        ?   thumbnail_media_id?: true,\n        ?   document_media_id?: true,\n        ?   seo_image_media_id?: true,\n        ?   updated_by_user?: true,\n        ?   seo_image?: true,\n        ?   images?: true,\n        ?   revisions?: true,\n        ?   _count?: true\n          },\n          orderBy: {\n            created_at: \"desc\"\n          },\n          skip: 0,\n          take: 10\n        })\n\nUnknown field `author_name` for select statement on model `News`. Available options are marked with ?.","timestamp":"2026-08-12T01:01:34.3434+05:30"}
{"level":"error","message":"Prisma Error \nInvalid `prisma.news.findMany()` invocation in\n/home/astro/Documents/code/smeh_new_desing/backend/src/services/newsService.js:243:17\n\n  240 }\n  241 \n  242 const [items, total] = await Promise.all([\n→ 243   prisma.news.findMany({\n          where: {\n            deleted_at: null,\n            status: \"published\",\n            category: {\n              OR: [\n                {\n                  slug: \"Podcast\"\n                },\n                {\n                  name: {\n                    equals: \"Podcast\"\n                  }\n                }\n              ]\n            }\n          },\n          select: {\n            id: true,\n            title: true,\n            slug: true,\n            excerpt: true,\n            content: true,\n            youtube_url: true,\n            status: true,\n            visibility: true,\n            is_featured: true,\n            is_pinned: true,\n            featured_order: true,\n            allow_comments: true,\n            language: true,\n            publish_version: true,\n            views_count: true,\n            likes_count: true,\n            shares_count: true,\n            reading_time: true,\n            seo_title: true,\n            seo_description: true,\n            meta_keywords: true,\n            canonical_url: true,\n            scheduled_publish_at: true,\n            published_at: true,\n            title_font: true,\n            excerpt_font: true,\n            content_font: true,\n            created_at: true,\n            updated_at: true,\n            deleted_at: true,\n            category: {\n              select: {\n                id: true,\n                name: true,\n                slug: true\n              }\n            },\n            author: {\n              select: {\n                id: true,\n                email: true,\n                role: {\n                  select: {\n                    name: true\n                  }\n                }\n              }\n            },\n            author_name: true,\n            ~~~~~~~~~~~\n            thumbnail: {\n              select: {\n                id: true,\n                file_path: true,\n                path_webp: true,\n                path_avif: true,\n                path_thumb: true\n              }\n            },\n            document: {\n              select: {\n                id: true,\n                file_path: true,\n                original_name: true,\n                mime_type: true\n              }\n            },\n            tags: {\n              include: {\n                tag: {\n                  select: {\n                    id: true,\n                    name: true,\n                    slug: true\n                  }\n                }\n              }\n            },\n        ?   category_id?: true,\n        ?   created_by?: true,\n        ?   updated_by?: true,\n        ?   thumbnail_media_id?: true,\n        ?   document_media_id?: true,\n        ?   seo_image_media_id?: true,\n        ?   updated_by_user?: true,\n        ?   seo_image?: true,\n        ?   images?: true,\n        ?   revisions?: true,\n        ?   _count?: true\n          },\n          orderBy: {\n            created_at: \"desc\"\n          },\n          skip: 0,\n          take: 10\n        })\n\nUnknown field `author_name` for select statement on model `News`. Available options are marked with ?.","timestamp":"2026-08-12T01:01:34.3434+05:30"}
{"level":"error","message":"Prisma Error \nInvalid `prisma.news.findMany()` invocation in\n/home/astro/Documents/code/smeh_new_desing/backend/src/services/newsService.js:243:17\n\n  240 }\n  241 \n  242 const [items, total] = await Promise.all([\n→ 243   prisma.news.findMany({\n          where: {\n            deleted_at: null,\n            status: \"published\",\n            category: {\n              OR: [\n                {\n                  slug: \"Manav Rachna TV\"\n                },\n                {\n                  name: {\n                    equals: \"Manav Rachna TV\"\n                  }\n                }\n              ]\n            }\n          },\n          select: {\n            id: true,\n            title: true,\n            slug: true,\n            excerpt: true,\n            content: true,\n            youtube_url: true,\n            status: true,\n            visibility: true,\n            is_featured: true,\n            is_pinned: true,\n            featured_order: true,\n            allow_comments: true,\n            language: true,\n            publish_version: true,\n            views_count: true,\n            likes_count: true,\n            shares_count: true,\n            reading_time: true,\n            seo_title: true,\n            seo_description: true,\n            meta_keywords: true,\n            canonical_url: true,\n            scheduled_publish_at: true,\n            published_at: true,\n            title_font: true,\n            excerpt_font: true,\n            content_font: true,\n            created_at: true,\n            updated_at: true,\n            deleted_at: true,\n            category: {\n              select: {\n                id: true,\n                name: true,\n                slug: true\n              }\n            },\n            author: {\n              select: {\n                id: true,\n                email: true,\n                role: {\n                  select: {\n                    name: true\n                  }\n                }\n              }\n            },\n            author_name: true,\n            ~~~~~~~~~~~\n            thumbnail: {\n              select: {\n                id: true,\n                file_path: true,\n                path_webp: true,\n                path_avif: true,\n                path_thumb: true\n              }\n            },\n            document: {\n              select: {\n                id: true,\n                file_path: true,\n                original_name: true,\n                mime_type: true\n              }\n            },\n            tags: {\n              include: {\n                tag: {\n                  select: {\n                    id: true,\n                    name: true,\n                    slug: true\n                  }\n                }\n              }\n            },\n        ?   category_id?: true,\n        ?   created_by?: true,\n        ?   updated_by?: true,\n        ?   thumbnail_media_id?: true,\n        ?   document_media_id?: true,\n        ?   seo_image_media_id?: true,\n        ?   updated_by_user?: true,\n        ?   seo_image?: true,\n        ?   images?: true,\n        ?   revisions?: true,\n        ?   _count?: true\n          },\n          orderBy: {\n            created_at: \"desc\"\n          },\n          skip: 0,\n          take: 10\n        })\n\nUnknown field `author_name` for select statement on model `News`. Available options are marked with ?.","timestamp":"2026-08-12T01:01:34.3434+05:30"}
{"level":"error","message":"Prisma Error \nInvalid `prisma.news.findMany()` invocation in\n/home/astro/Documents/code/smeh_new_desing/backend/src/services/newsService.js:243:17\n\n  240 }\n  241 \n  242 const [items, total] = await Promise.all([\n→ 243   prisma.news.findMany({\n          where: {\n            deleted_at: null,\n            status: \"published\",\n            category: {\n              OR: [\n                {\n                  slug: \"Gallery\"\n                },\n                {\n                  name: {\n                    equals: \"Gallery\"\n                  }\n                }\n              ]\n            }\n          },\n          select: {\n            id: true,\n            title: true,\n            slug: true,\n            excerpt: true,\n            content: true,\n            youtube_url: true,\n            status: true,\n            visibility: true,\n            is_featured: true,\n            is_pinned: true,\n            featured_order: true,\n            allow_comments: true,\n            language: true,\n            publish_version: true,\n            views_count: true,\n            likes_count: true,\n            shares_count: true,\n            reading_time: true,\n            seo_title: true,\n            seo_description: true,\n            meta_keywords: true,\n            canonical_url: true,\n            scheduled_publish_at: true,\n            published_at: true,\n            title_font: true,\n            excerpt_font: true,\n            content_font: true,\n            created_at: true,\n            updated_at: true,\n            deleted_at: true,\n            category: {\n              select: {\n                id: true,\n                name: true,\n                slug: true\n              }\n            },\n            author: {\n              select: {\n                id: true,\n                email: true,\n                role: {\n                  select: {\n                    name: true\n                  }\n                }\n              }\n            },\n            author_name: true,\n            ~~~~~~~~~~~\n            thumbnail: {\n              select: {\n                id: true,\n                file_path: true,\n                path_webp: true,\n                path_avif: true,\n                path_thumb: true\n              }\n            },\n            document: {\n              select: {\n                id: true,\n                file_path: true,\n                original_name: true,\n                mime_type: true\n              }\n            },\n            tags: {\n              include: {\n                tag: {\n                  select: {\n                    id: true,\n                    name: true,\n                    slug: true\n                  }\n                }\n              }\n            },\n        ?   category_id?: true,\n        ?   created_by?: true,\n        ?   updated_by?: true,\n        ?   thumbnail_media_id?: true,\n        ?   document_media_id?: true,\n        ?   seo_image_media_id?: true,\n        ?   updated_by_user?: true,\n        ?   seo_image?: true,\n        ?   images?: true,\n        ?   revisions?: true,\n        ?   _count?: true\n          },\n          orderBy: {\n            created_at: \"desc\"\n          },\n          skip: 0,\n          take: 10\n        })\n\nUnknown field `author_name` for select statement on model `News`. Available options are marked with ?.","timestamp":"2026-08-12T01:01:34.3434+05:30"}
{"level":"error","message":"Prisma Error \nInvalid `prisma.news.findMany()` invocation in\n/home/astro/Documents/code/smeh_new_desing/backend/src/services/newsService.js:243:17\n\n  240 }\n  241 \n  242 const [items, total] = await Promise.all([\n→ 243   prisma.news.findMany({\n          where: {\n            deleted_at: null,\n            status: \"published\",\n            category: {\n              OR: [\n                {\n                  slug: \"Blog\"\n                },\n                {\n                  name: {\n                    equals: \"Blog\"\n                  }\n                }\n              ]\n            }\n          },\n          select: {\n            id: true,\n            title: true,\n            slug: true,\n            excerpt: true,\n            content: true,\n            youtube_url: true,\n            status: true,\n            visibility: true,\n            is_featured: true,\n            is_pinned: true,\n            featured_order: true,\n            allow_comments: true,\n            language: true,\n            publish_version: true,\n            views_count: true,\n            likes_count: true,\n            shares_count: true,\n            reading_time: true,\n            seo_title: true,\n            seo_description: true,\n            meta_keywords: true,\n            canonical_url: true,\n            scheduled_publish_at: true,\n            published_at: true,\n            title_font: true,\n            excerpt_font: true,\n            content_font: true,\n            created_at: true,\n            updated_at: true,\n            deleted_at: true,\n            category: {\n              select: {\n                id: true,\n                name: true,\n                slug: true\n              }\n            },\n            author: {\n              select: {\n                id: true,\n                email: true,\n                role: {\n                  select: {\n                    name: true\n                  }\n                }\n              }\n            },\n            author_name: true,\n            ~~~~~~~~~~~\n            thumbnail: {\n              select: {\n                id: true,\n                file_path: true,\n                path_webp: true,\n                path_avif: true,\n                path_thumb: true\n              }\n            },\n            document: {\n              select: {\n                id: true,\n                file_path: true,\n                original_name: true,\n                mime_type: true\n              }\n            },\n            tags: {\n              include: {\n                tag: {\n                  select: {\n                    id: true,\n                    name: true,\n                    slug: true\n                  }\n                }\n              }\n            },\n        ?   category_id?: true,\n        ?   created_by?: true,\n        ?   updated_by?: true,\n        ?   thumbnail_media_id?: true,\n        ?   document_media_id?: true,\n        ?   seo_image_media_id?: true,\n        ?   updated_by_user?: true,\n        ?   seo_image?: true,\n        ?   images?: true,\n        ?   revisions?: true,\n        ?   _count?: true\n          },\n          orderBy: {\n            created_at: \"desc\"\n          },\n          skip: 0,\n          take: 10\n        })\n\nUnknown field `author_name` for select statement on model `News`. Available options are marked with ?.","timestamp":"2026-08-12T01:01:34.3434+05:30"}
{"level":"error","message":"Prisma Error \nInvalid `prisma.news.findMany()` invocation in\n/home/astro/Documents/code/smeh_new_desing/backend/src/services/newsService.js:243:17\n\n  240 }\n  241 \n  242 const [items, total] = await Promise.all([\n→ 243   prisma.news.findMany({\n          where: {\n            deleted_at: null,\n            status: \"published\",\n            category: {\n              OR: [\n                {\n                  slug: \"Announcement\"\n                },\n                {\n                  name: {\n                    equals: \"Announcement\"\n                  }\n                }\n              ]\n            }\n          },\n          select: {\n            id: true,\n            title: true,\n            slug: true,\n            excerpt: true,\n            content: true,\n            youtube_url: true,\n            status: true,\n            visibility: true,\n            is_featured: true,\n            is_pinned: true,\n            featured_order: true,\n            allow_comments: true,\n            language: true,\n            publish_version: true,\n            views_count: true,\n            likes_count: true,\n            shares_count: true,\n            reading_time: true,\n            seo_title: true,\n            seo_description: true,\n            meta_keywords: true,\n            canonical_url: true,\n            scheduled_publish_at: true,\n            published_at: true,\n            title_font: true,\n            excerpt_font: true,\n            content_font: true,\n            created_at: true,\n            updated_at: true,\n            deleted_at: true,\n            category: {\n              select: {\n                id: true,\n                name: true,\n                slug: true\n              }\n            },\n            author: {\n              select: {\n                id: true,\n                email: true,\n                role: {\n                  select: {\n                    name: true\n                  }\n                }\n              }\n            },\n            author_name: true,\n            ~~~~~~~~~~~\n            thumbnail: {\n              select: {\n                id: true,\n                file_path: true,\n                path_webp: true,\n                path_avif: true,\n                path_thumb: true\n              }\n            },\n            document: {\n              select: {\n                id: true,\n                file_path: true,\n                original_name: true,\n                mime_type: true\n              }\n            },\n            tags: {\n              include: {\n                tag: {\n                  select: {\n                    id: true,\n                    name: true,\n                    slug: true\n                  }\n                }\n              }\n            },\n        ?   category_id?: true,\n        ?   created_by?: true,\n        ?   updated_by?: true,\n        ?   thumbnail_media_id?: true,\n        ?   document_media_id?: true,\n        ?   seo_image_media_id?: true,\n        ?   updated_by_user?: true,\n        ?   seo_image?: true,\n        ?   images?: true,\n        ?   revisions?: true,\n        ?   _count?: true\n          },\n          orderBy: {\n            created_at: \"desc\"\n          },\n          skip: 0,\n          take: 10\n        })\n\nUnknown field `author_name` for select statement on model `News`. Available options are marked with ?.","timestamp":"2026-08-12T01:01:34.3434+05:30"}
{"level":"error","message":"Prisma Error \nInvalid `prisma.news.findMany()` invocation in\n/home/astro/Documents/code/smeh_new_desing/backend/src/services/newsService.js:243:17\n\n  240 }\n  241 \n  242 const [items, total] = await Promise.all([\n→ 243   prisma.news.findMany({\n          where: {\n            deleted_at: null,\n            status: \"published\",\n            category: {\n              OR: [\n                {\n                  slug: \"Achievements\"\n                },\n                {\n                  name: {\n                    equals: \"Achievements\"\n                  }\n                }\n              ]\n            }\n          },\n          select: {\n            id: true,\n            title: true,\n            slug: true,\n            excerpt: true,\n            content: true,\n            youtube_url: true,\n            status: true,\n            visibility: true,\n            is_featured: true,\n            is_pinned: true,\n            featured_order: true,\n            allow_comments: true,\n            language: true,\n            publish_version: true,\n            views_count: true,\n            likes_count: true,\n            shares_count: true,\n            reading_time: true,\n            seo_title: true,\n            seo_description: true,\n            meta_keywords: true,\n            canonical_url: true,\n            scheduled_publish_at: true,\n            published_at: true,\n            title_font: true,\n            excerpt_font: true,\n            content_font: true,\n            created_at: true,\n            updated_at: true,\n            deleted_at: true,\n            category: {\n              select: {\n                id: true,\n                name: true,\n                slug: true\n              }\n            },\n            author: {\n              select: {\n                id: true,\n                email: true,\n                role: {\n                  select: {\n                    name: true\n                  }\n                }\n              }\n            },\n            author_name: true,\n            ~~~~~~~~~~~\n            thumbnail: {\n              select: {\n                id: true,\n                file_path: true,\n                path_webp: true,\n                path_avif: true,\n                path_thumb: true\n              }\n            },\n            document: {\n              select: {\n                id: true,\n                file_path: true,\n                original_name: true,\n                mime_type: true\n              }\n            },\n            tags: {\n              include: {\n                tag: {\n                  select: {\n                    id: true,\n                    name: true,\n                    slug: true\n                  }\n                }\n              }\n            },\n        ?   category_id?: true,\n        ?   created_by?: true,\n        ?   updated_by?: true,\n        ?   thumbnail_media_id?: true,\n        ?   document_media_id?: true,\n        ?   seo_image_media_id?: true,\n        ?   updated_by_user?: true,\n        ?   seo_image?: true,\n        ?   images?: true,\n        ?   revisions?: true,\n        ?   _count?: true\n          },\n          orderBy: {\n            created_at: \"desc\"\n          },\n          skip: 0,\n          take: 10\n        })\n\nUnknown field `author_name` for select statement on model `News`. Available options are marked with ?.","timestamp":"2026-08-12T01:01:34.3434+05:30"}
{"level":"error","message":"Prisma Error \nInvalid `prisma.news.findMany()` invocation in\n/home/astro/Documents/code/smeh_new_desing/backend/src/services/newsService.js:243:17\n\n  240 }\n  241 \n  242 const [items, total] = await Promise.all([\n→ 243   prisma.news.findMany({\n          where: {\n            deleted_at: null,\n            status: \"published\",\n            category: {\n              OR: [\n                {\n                  slug: \"Students Voices\"\n                },\n                {\n                  name: {\n                    equals: \"Students Voices\"\n                  }\n                }\n              ]\n            }\n          },\n          select: {\n            id: true,\n            title: true,\n            slug: true,\n            excerpt: true,\n            content: true,\n            youtube_url: true,\n            status: true,\n            visibility: true,\n            is_featured: true,\n            is_pinned: true,\n            featured_order: true,\n            allow_comments: true,\n            language: true,\n            publish_version: true,\n            views_count: true,\n            likes_count: true,\n            shares_count: true,\n            reading_time: true,\n            seo_title: true,\n            seo_description: true,\n            meta_keywords: true,\n            canonical_url: true,\n            scheduled_publish_at: true,\n            published_at: true,\n            title_font: true,\n            excerpt_font: true,\n            content_font: true,\n            created_at: true,\n            updated_at: true,\n            deleted_at: true,\n            category: {\n              select: {\n                id: true,\n                name: true,\n                slug: true\n              }\n            },\n            author: {\n              select: {\n                id: true,\n                email: true,\n                role: {\n                  select: {\n                    name: true\n                  }\n                }\n              }\n            },\n            author_name: true,\n            ~~~~~~~~~~~\n            thumbnail: {\n              select: {\n                id: true,\n                file_path: true,\n                path_webp: true,\n                path_avif: true,\n                path_thumb: true\n              }\n            },\n            document: {\n              select: {\n                id: true,\n                file_path: true,\n                original_name: true,\n                mime_type: true\n              }\n            },\n            tags: {\n              include: {\n                tag: {\n                  select: {\n                    id: true,\n                    name: true,\n                    slug: true\n                  }\n                }\n              }\n            },\n        ?   category_id?: true,\n        ?   created_by?: true,\n        ?   updated_by?: true,\n        ?   thumbnail_media_id?: true,\n        ?   document_media_id?: true,\n        ?   seo_image_media_id?: true,\n        ?   updated_by_user?: true,\n        ?   seo_image?: true,\n        ?   images?: true,\n        ?   revisions?: true,\n        ?   _count?: true\n          },\n          orderBy: {\n            created_at: \"desc\"\n          },\n          skip: 0,\n          take: 10\n        })\n\nUnknown field `author_name` for select statement on model `News`. Available options are marked with ?.","timestamp":"2026-08-12T01:01:35.3535+05:30"}
{"level":"error","message":"Prisma Error \nInvalid `prisma.news.findMany()` invocation in\n/home/astro/Documents/code/smeh_new_desing/backend/src/services/newsService.js:243:17\n\n  240 }\n  241 \n  242 const [items, total] = await Promise.all([\n→ 243   prisma.news.findMany({\n          where: {\n            deleted_at: null,\n            status: \"published\"\n          },\n          select: {\n            id: true,\n            title: true,\n            slug: true,\n            excerpt: true,\n            content: true,\n            youtube_url: true,\n            status: true,\n            visibility: true,\n            is_featured: true,\n            is_pinned: true,\n            featured_order: true,\n            allow_comments: true,\n            language: true,\n            publish_version: true,\n            views_count: true,\n            likes_count: true,\n            shares_count: true,\n            reading_time: true,\n            seo_title: true,\n            seo_description: true,\n            meta_keywords: true,\n            canonical_url: true,\n            scheduled_publish_at: true,\n            published_at: true,\n            title_font: true,\n            excerpt_font: true,\n            content_font: true,\n            created_at: true,\n            updated_at: true,\n            deleted_at: true,\n            category: {\n              select: {\n                id: true,\n                name: true,\n                slug: true\n              }\n            },\n            author: {\n              select: {\n                id: true,\n                email: true,\n                role: {\n                  select: {\n                    name: true\n                  }\n                }\n              }\n            },\n            author_name: true,\n            ~~~~~~~~~~~\n            thumbnail: {\n              select: {\n                id: true,\n                file_path: true,\n                path_webp: true,\n                path_avif: true,\n                path_thumb: true\n              }\n            },\n            document: {\n              select: {\n                id: true,\n                file_path: true,\n                original_name: true,\n                mime_type: true\n              }\n            },\n            tags: {\n              include: {\n                tag: {\n                  select: {\n                    id: true,\n                    name: true,\n                    slug: true\n                  }\n                }\n              }\n            },\n        ?   category_id?: true,\n        ?   created_by?: true,\n        ?   updated_by?: true,\n        ?   thumbnail_media_id?: true,\n        ?   document_media_id?: true,\n        ?   seo_image_media_id?: true,\n        ?   updated_by_user?: true,\n        ?   seo_image?: true,\n        ?   images?: true,\n        ?   revisions?: true,\n        ?   _count?: true\n          },\n          orderBy: {\n            created_at: \"desc\"\n          },\n          skip: 0,\n          take: 10\n        })\n\nUnknown field `author_name` for select statement on model `News`. Available options are marked with ?.","timestamp":"2026-08-12T01:01:35.3535+05:30"}
{"level":"error","message":"Prisma Error \nInvalid `prisma.news.findMany()` invocation in\n/home/astro/Documents/code/smeh_new_desing/backend/src/services/newsService.js:243:17\n\n  240 }\n  241 \n  242 const [items, total] = await Promise.all([\n→ 243   prisma.news.findMany({\n          where: {\n            deleted_at: null,\n            status: \"published\",\n            category: {\n              OR: [\n                {\n                  slug: \"Campus Buzz\"\n                },\n                {\n                  name: {\n                    equals: \"Campus Buzz\"\n                  }\n                }\n              ]\n            }\n          },\n          select: {\n            id: true,\n            title: true,\n            slug: true,\n            excerpt: true,\n            content: true,\n            youtube_url: true,\n            status: true,\n            visibility: true,\n            is_featured: true,\n            is_pinned: true,\n            featured_order: true,\n            allow_comments: true,\n            language: true,\n            publish_version: true,\n            views_count: true,\n            likes_count: true,\n            shares_count: true,\n            reading_time: true,\n            seo_title: true,\n            seo_description: true,\n            meta_keywords: true,\n            canonical_url: true,\n            scheduled_publish_at: true,\n            published_at: true,\n            title_font: true,\n            excerpt_font: true,\n            content_font: true,\n            created_at: true,\n            updated_at: true,\n            deleted_at: true,\n            category: {\n              select: {\n                id: true,\n                name: true,\n                slug: true\n              }\n            },\n            author: {\n              select: {\n                id: true,\n                email: true,\n                role: {\n                  select: {\n                    name: true\n                  }\n                }\n              }\n            },\n            author_name: true,\n            ~~~~~~~~~~~\n            thumbnail: {\n              select: {\n                id: true,\n                file_path: true,\n                path_webp: true,\n                path_avif: true,\n                path_thumb: true\n              }\n            },\n            document: {\n              select: {\n                id: true,\n                file_path: true,\n                original_name: true,\n                mime_type: true\n              }\n            },\n            tags: {\n              include: {\n                tag: {\n                  select: {\n                    id: true,\n                    name: true,\n                    slug: true\n                  }\n                }\n              }\n            },\n        ?   category_id?: true,\n        ?   created_by?: true,\n        ?   updated_by?: true,\n        ?   thumbnail_media_id?: true,\n        ?   document_media_id?: true,\n        ?   seo_image_media_id?: true,\n        ?   updated_by_user?: true,\n        ?   seo_image?: true,\n        ?   images?: true,\n        ?   revisions?: true,\n        ?   _count?: true\n          },\n          orderBy: {\n            created_at: \"desc\"\n          },\n          skip: 0,\n          take: 10\n        })\n\nUnknown field `author_name` for select statement on model `News`. Available options are marked with ?.","timestamp":"2026-08-12T01:01:35.3535+05:30"}
{"level":"error","message":"Prisma Error \nInvalid `prisma.news.findMany()` invocation in\n/home/astro/Documents/code/smeh_new_desing/backend/src/services/newsService.js:243:17\n\n  240 }\n  241 \n  242 const [items, total] = await Promise.all([\n→ 243   prisma.news.findMany({\n          where: {\n            deleted_at: null,\n            status: \"published\",\n            category: {\n              OR: [\n                {\n                  slug: \"Beyond Campus\"\n                },\n                {\n                  name: {\n                    equals: \"Beyond Campus\"\n                  }\n                }\n              ]\n            }\n          },\n          select: {\n            id: true,\n            title: true,\n            slug: true,\n            excerpt: true,\n            content: true,\n            youtube_url: true,\n            status: true,\n            visibility: true,\n            is_featured: true,\n            is_pinned: true,\n            featured_order: true,\n            allow_comments: true,\n            language: true,\n            publish_version: true,\n            views_count: true,\n            likes_count: true,\n            shares_count: true,\n            reading_time: true,\n            seo_title: true,\n            seo_description: true,\n            meta_keywords: true,\n            canonical_url: true,\n            scheduled_publish_at: true,\n            published_at: true,\n            title_font: true,\n            excerpt_font: true,\n            content_font: true,\n            created_at: true,\n            updated_at: true,\n            deleted_at: true,\n            category: {\n              select: {\n                id: true,\n                name: true,\n                slug: true\n              }\n            },\n            author: {\n              select: {\n                id: true,\n                email: true,\n                role: {\n                  select: {\n                    name: true\n                  }\n                }\n              }\n            },\n            author_name: true,\n            ~~~~~~~~~~~\n            thumbnail: {\n              select: {\n                id: true,\n                file_path: true,\n                path_webp: true,\n                path_avif: true,\n                path_thumb: true\n              }\n            },\n            document: {\n              select: {\n                id: true,\n                file_path: true,\n                original_name: true,\n                mime_type: true\n              }\n            },\n            tags: {\n              include: {\n                tag: {\n                  select: {\n                    id: true,\n                    name: true,\n                    slug: true\n                  }\n                }\n              }\n            },\n        ?   category_id?: true,\n        ?   created_by?: true,\n        ?   updated_by?: true,\n        ?   thumbnail_media_id?: true,\n        ?   document_media_id?: true,\n        ?   seo_image_media_id?: true,\n        ?   updated_by_user?: true,\n        ?   seo_image?: true,\n        ?   images?: true,\n        ?   revisions?: true,\n        ?   _count?: true\n          },\n          orderBy: {\n            created_at: \"desc\"\n          },\n          skip: 0,\n          take: 10\n        })\n\nUnknown field `author_name` for select statement on model `News`. Available options are marked with ?.","timestamp":"2026-08-12T01:01:35.3535+05:30"}
{"level":"error","message":"Prisma Error \nInvalid `prisma.news.findMany()` invocation in\n/home/astro/Documents/code/smeh_new_desing/backend/src/services/newsService.js:243:17\n\n  240 }\n  241 \n  242 const [items, total] = await Promise.all([\n→ 243   prisma.news.findMany({\n          where: {\n            deleted_at: null,\n            status: \"published\",\n            category: {\n              OR: [\n                {\n                  slug: \"Social Buzz\"\n                },\n                {\n                  name: {\n                    equals: \"Social Buzz\"\n                  }\n                }\n              ]\n            }\n          },\n          select: {\n            id: true,\n            title: true,\n            slug: true,\n            excerpt: true,\n            content: true,\n            youtube_url: true,\n            status: true,\n            visibility: true,\n            is_featured: true,\n            is_pinned: true,\n            featured_order: true,\n            allow_comments: true,\n            language: true,\n            publish_version: true,\n            views_count: true,\n            likes_count: true,\n            shares_count: true,\n            reading_time: true,\n            seo_title: true,\n            seo_description: true,\n            meta_keywords: true,\n            canonical_url: true,\n            scheduled_publish_at: true,\n            published_at: true,\n            title_font: true,\n            excerpt_font: true,\n            content_font: true,\n            created_at: true,\n            updated_at: true,\n            deleted_at: true,\n            category: {\n              select: {\n                id: true,\n                name: true,\n                slug: true\n              }\n            },\n            author: {\n              select: {\n                id: true,\n                email: true,\n                role: {\n                  select: {\n                    name: true\n                  }\n                }\n              }\n            },\n            author_name: true,\n            ~~~~~~~~~~~\n            thumbnail: {\n              select: {\n                id: true,\n                file_path: true,\n                path_webp: true,\n                path_avif: true,\n                path_thumb: true\n              }\n            },\n            document: {\n              select: {\n                id: true,\n                file_path: true,\n                original_name: true,\n                mime_type: true\n              }\n            },\n            tags: {\n              include: {\n                tag: {\n                  select: {\n                    id: true,\n                    name: true,\n                    slug: true\n                  }\n                }\n              }\n            },\n        ?   category_id?: true,\n        ?   created_by?: true,\n        ?   updated_by?: true,\n        ?   thumbnail_media_id?: true,\n        ?   document_media_id?: true,\n        ?   seo_image_media_id?: true,\n        ?   updated_by_user?: true,\n        ?   seo_image?: true,\n        ?   images?: true,\n        ?   revisions?: true,\n        ?   _count?: true\n          },\n          orderBy: {\n            created_at: \"desc\"\n          },\n          skip: 0,\n          take: 10\n        })\n\nUnknown field `author_name` for select statement on model `News`. Available options are marked with ?.","timestamp":"2026-08-12T01:01:35.3535+05:30"}
{"level":"error","message":"Prisma Error \nInvalid `prisma.news.findMany()` invocation in\n/home/astro/Documents/code/smeh_new_desing/backend/src/services/newsService.js:243:17\n\n  240 }\n  241 \n  242 const [items, total] = await Promise.all([\n→ 243   prisma.news.findMany({\n          where: {\n            deleted_at: null,\n            status: \"published\",\n            category: {\n              OR: [\n                {\n                  slug: \"Podcast\"\n                },\n                {\n                  name: {\n                    equals: \"Podcast\"\n                  }\n                }\n              ]\n            }\n          },\n          select: {\n            id: true,\n            title: true,\n            slug: true,\n            excerpt: true,\n            content: true,\n            youtube_url: true,\n            status: true,\n            visibility: true,\n            is_featured: true,\n            is_pinned: true,\n            featured_order: true,\n            allow_comments: true,\n            language: true,\n            publish_version: true,\n            views_count: true,\n            likes_count: true,\n            shares_count: true,\n            reading_time: true,\n            seo_title: true,\n            seo_description: true,\n            meta_keywords: true,\n            canonical_url: true,\n            scheduled_publish_at: true,\n            published_at: true,\n            title_font: true,\n            excerpt_font: true,\n            content_font: true,\n            created_at: true,\n            updated_at: true,\n            deleted_at: true,\n            category: {\n              select: {\n                id: true,\n                name: true,\n                slug: true\n              }\n            },\n            author: {\n              select: {\n                id: true,\n                email: true,\n                role: {\n                  select: {\n                    name: true\n                  }\n                }\n              }\n            },\n            author_name: true,\n            ~~~~~~~~~~~\n            thumbnail: {\n              select: {\n                id: true,\n                file_path: true,\n                path_webp: true,\n                path_avif: true,\n                path_thumb: true\n              }\n            },\n            document: {\n              select: {\n                id: true,\n                file_path: true,\n                original_name: true,\n                mime_type: true\n              }\n            },\n            tags: {\n              include: {\n                tag: {\n                  select: {\n                    id: true,\n                    name: true,\n                    slug: true\n                  }\n                }\n              }\n            },\n        ?   category_id?: true,\n        ?   created_by?: true,\n        ?   updated_by?: true,\n        ?   thumbnail_media_id?: true,\n        ?   document_media_id?: true,\n        ?   seo_image_media_id?: true,\n        ?   updated_by_user?: true,\n        ?   seo_image?: true,\n        ?   images?: true,\n        ?   revisions?: true,\n        ?   _count?: true\n          },\n          orderBy: {\n            created_at: \"desc\"\n          },\n          skip: 0,\n          take: 10\n        })\n\nUnknown field `author_name` for select statement on model `News`. Available options are marked with ?.","timestamp":"2026-08-12T01:01:35.3535+05:30"}
{"level":"error","message":"Prisma Error \nInvalid `prisma.news.findMany()` invocation in\n/home/astro/Documents/code/smeh_new_desing/backend/src/services/newsService.js:243:17\n\n  240 }\n  241 \n  242 const [items, total] = await Promise.all([\n→ 243   prisma.news.findMany({\n          where: {\n            deleted_at: null,\n            status: \"published\",\n            category: {\n              OR: [\n                {\n                  slug: \"Manav Rachna TV\"\n                },\n                {\n                  name: {\n                    equals: \"Manav Rachna TV\"\n                  }\n                }\n              ]\n            }\n          },\n          select: {\n            id: true,\n            title: true,\n            slug: true,\n            excerpt: true,\n            content: true,\n            youtube_url: true,\n            status: true,\n            visibility: true,\n            is_featured: true,\n            is_pinned: true,\n            featured_order: true,\n            allow_comments: true,\n            language: true,\n            publish_version: true,\n            views_count: true,\n            likes_count: true,\n            shares_count: true,\n            reading_time: true,\n            seo_title: true,\n            seo_description: true,\n            meta_keywords: true,\n            canonical_url: true,\n            scheduled_publish_at: true,\n            published_at: true,\n            title_font: true,\n            excerpt_font: true,\n            content_font: true,\n            created_at: true,\n            updated_at: true,\n            deleted_at: true,\n            category: {\n              select: {\n                id: true,\n                name: true,\n                slug: true\n              }\n            },\n            author: {\n              select: {\n                id: true,\n                email: true,\n                role: {\n                  select: {\n                    name: true\n                  }\n                }\n              }\n            },\n            author_name: true,\n            ~~~~~~~~~~~\n            thumbnail: {\n              select: {\n                id: true,\n                file_path: true,\n                path_webp: true,\n                path_avif: true,\n                path_thumb: true\n              }\n            },\n            document: {\n              select: {\n                id: true,\n                file_path: true,\n                original_name: true,\n                mime_type: true\n              }\n            },\n            tags: {\n              include: {\n                tag: {\n                  select: {\n                    id: true,\n                    name: true,\n                    slug: true\n                  }\n                }\n              }\n            },\n        ?   category_id?: true,\n        ?   created_by?: true,\n        ?   updated_by?: true,\n        ?   thumbnail_media_id?: true,\n        ?   document_media_id?: true,\n        ?   seo_image_media_id?: true,\n        ?   updated_by_user?: true,\n        ?   seo_image?: true,\n        ?   images?: true,\n        ?   revisions?: true,\n        ?   _count?: true\n          },\n          orderBy: {\n            created_at: \"desc\"\n          },\n          skip: 0,\n          take: 10\n        })\n\nUnknown field `author_name` for select statement on model `News`. Available options are marked with ?.","timestamp":"2026-08-12T01:01:35.3535+05:30"}
{"level":"error","message":"Prisma Error \nInvalid `prisma.news.findMany()` invocation in\n/home/astro/Documents/code/smeh_new_desing/backend/src/services/newsService.js:243:17\n\n  240 }\n  241 \n  242 const [items, total] = await Promise.all([\n→ 243   prisma.news.findMany({\n          where: {\n            deleted_at: null,\n            status: \"published\",\n            category: {\n              OR: [\n                {\n                  slug: \"Gallery\"\n                },\n                {\n                  name: {\n                    equals: \"Gallery\"\n                  }\n                }\n              ]\n            }\n          },\n          select: {\n            id: true,\n            title: true,\n            slug: true,\n            excerpt: true,\n            content: true,\n            youtube_url: true,\n            status: true,\n            visibility: true,\n            is_featured: true,\n            is_pinned: true,\n            featured_order: true,\n            allow_comments: true,\n            language: true,\n            publish_version: true,\n            views_count: true,\n            likes_count: true,\n            shares_count: true,\n            reading_time: true,\n            seo_title: true,\n            seo_description: true,\n            meta_keywords: true,\n            canonical_url: true,\n            scheduled_publish_at: true,\n            published_at: true,\n            title_font: true,\n            excerpt_font: true,\n            content_font: true,\n            created_at: true,\n            updated_at: true,\n            deleted_at: true,\n            category: {\n              select: {\n                id: true,\n                name: true,\n                slug: true\n              }\n            },\n            author: {\n              select: {\n                id: true,\n                email: true,\n                role: {\n                  select: {\n                    name: true\n                  }\n                }\n              }\n            },\n            author_name: true,\n            ~~~~~~~~~~~\n            thumbnail: {\n              select: {\n                id: true,\n                file_path: true,\n                path_webp: true,\n                path_avif: true,\n                path_thumb: true\n              }\n            },\n            document: {\n              select: {\n                id: true,\n                file_path: true,\n                original_name: true,\n                mime_type: true\n              }\n            },\n            tags: {\n              include: {\n                tag: {\n                  select: {\n                    id: true,\n                    name: true,\n                    slug: true\n                  }\n                }\n              }\n            },\n        ?   category_id?: true,\n        ?   created_by?: true,\n        ?   updated_by?: true,\n        ?   thumbnail_media_id?: true,\n        ?   document_media_id?: true,\n        ?   seo_image_media_id?: true,\n        ?   updated_by_user?: true,\n        ?   seo_image?: true,\n        ?   images?: true,\n        ?   revisions?: true,\n        ?   _count?: true\n          },\n          orderBy: {\n            created_at: \"desc\"\n          },\n          skip: 0,\n          take: 10\n        })\n\nUnknown field `author_name` for select statement on model `News`. Available options are marked with ?.","timestamp":"2026-08-12T01:01:35.3535+05:30"}
{"level":"error","message":"Prisma Error \nInvalid `prisma.news.findMany()` invocation in\n/home/astro/Documents/code/smeh_new_desing/backend/src/services/newsService.js:243:17\n\n  240 }\n  241 \n  242 const [items, total] = await Promise.all([\n→ 243   prisma.news.findMany({\n          where: {\n            deleted_at: null,\n            status: \"published\",\n            category: {\n              OR: [\n                {\n                  slug: \"Blog\"\n                },\n                {\n                  name: {\n                    equals: \"Blog\"\n                  }\n                }\n              ]\n            }\n          },\n          select: {\n            id: true,\n            title: true,\n            slug: true,\n            excerpt: true,\n            content: true,\n            youtube_url: true,\n            status: true,\n            visibility: true,\n            is_featured: true,\n            is_pinned: true,\n            featured_order: true,\n            allow_comments: true,\n            language: true,\n            publish_version: true,\n            views_count: true,\n            likes_count: true,\n            shares_count: true,\n            reading_time: true,\n            seo_title: true,\n            seo_description: true,\n            meta_keywords: true,\n            canonical_url: true,\n            scheduled_publish_at: true,\n            published_at: true,\n            title_font: true,\n            excerpt_font: true,\n            content_font: true,\n            created_at: true,\n            updated_at: true,\n            deleted_at: true,\n            category: {\n              select: {\n                id: true,\n                name: true,\n                slug: true\n              }\n            },\n            author: {\n              select: {\n                id: true,\n                email: true,\n                role: {\n                  select: {\n                    name: true\n                  }\n                }\n              }\n            },\n            author_name: true,\n            ~~~~~~~~~~~\n            thumbnail: {\n              select: {\n                id: true,\n                file_path: true,\n                path_webp: true,\n                path_avif: true,\n                path_thumb: true\n              }\n            },\n            document: {\n              select: {\n                id: true,\n                file_path: true,\n                original_name: true,\n                mime_type: true\n              }\n            },\n            tags: {\n              include: {\n                tag: {\n                  select: {\n                    id: true,\n                    name: true,\n                    slug: true\n                  }\n                }\n              }\n            },\n        ?   category_id?: true,\n        ?   created_by?: true,\n        ?   updated_by?: true,\n        ?   thumbnail_media_id?: true,\n        ?   document_media_id?: true,\n        ?   seo_image_media_id?: true,\n        ?   updated_by_user?: true,\n        ?   seo_image?: true,\n        ?   images?: true,\n        ?   revisions?: true,\n        ?   _count?: true\n          },\n          orderBy: {\n            created_at: \"desc\"\n          },\n          skip: 0,\n          take: 10\n        })\n\nUnknown field `author_name` for select statement on model `News`. Available options are marked with ?.","timestamp":"2026-08-12T01:01:35.3535+05:30"}
{"level":"error","message":"Prisma Error \nInvalid `prisma.news.findMany()` invocation in\n/home/astro/Documents/code/smeh_new_desing/backend/src/services/newsService.js:243:17\n\n  240 }\n  241 \n  242 const [items, total] = await Promise.all([\n→ 243   prisma.news.findMany({\n          where: {\n            deleted_at: null,\n            status: \"published\",\n            category: {\n              OR: [\n                {\n                  slug: \"Announcement\"\n                },\n                {\n                  name: {\n                    equals: \"Announcement\"\n                  }\n                }\n              ]\n            }\n          },\n          select: {\n            id: true,\n            title: true,\n            slug: true,\n            excerpt: true,\n            content: true,\n            youtube_url: true,\n            status: true,\n            visibility: true,\n            is_featured: true,\n            is_pinned: true,\n            featured_order: true,\n            allow_comments: true,\n            language: true,\n            publish_version: true,\n            views_count: true,\n            likes_count: true,\n            shares_count: true,\n            reading_time: true,\n            seo_title: true,\n            seo_description: true,\n            meta_keywords: true,\n            canonical_url: true,\n            scheduled_publish_at: true,\n            published_at: true,\n            title_font: true,\n            excerpt_font: true,\n            content_font: true,\n            created_at: true,\n            updated_at: true,\n            deleted_at: true,\n            category: {\n              select: {\n                id: true,\n                name: true,\n                slug: true\n              }\n            },\n            author: {\n              select: {\n                id: true,\n                email: true,\n                role: {\n                  select: {\n                    name: true\n                  }\n                }\n              }\n            },\n            author_name: true,\n            ~~~~~~~~~~~\n            thumbnail: {\n              select: {\n                id: true,\n                file_path: true,\n                path_webp: true,\n                path_avif: true,\n                path_thumb: true\n              }\n            },\n            document: {\n              select: {\n                id: true,\n                file_path: true,\n                original_name: true,\n                mime_type: true\n              }\n            },\n            tags: {\n              include: {\n                tag: {\n                  select: {\n                    id: true,\n                    name: true,\n                    slug: true\n                  }\n                }\n              }\n            },\n        ?   category_id?: true,\n        ?   created_by?: true,\n        ?   updated_by?: true,\n        ?   thumbnail_media_id?: true,\n        ?   document_media_id?: true,\n        ?   seo_image_media_id?: true,\n        ?   updated_by_user?: true,\n        ?   seo_image?: true,\n        ?   images?: true,\n        ?   revisions?: true,\n        ?   _count?: true\n          },\n          orderBy: {\n            created_at: \"desc\"\n          },\n          skip: 0,\n          take: 10\n        })\n\nUnknown field `author_name` for select statement on model `News`. Available options are marked with ?.","timestamp":"2026-08-12T01:01:35.3535+05:30"}
{"level":"error","message":"Prisma Error \nInvalid `prisma.news.findMany()` invocation in\n/home/astro/Documents/code/smeh_new_desing/backend/src/services/newsService.js:243:17\n\n  240 }\n  241 \n  242 const [items, total] = await Promise.all([\n→ 243   prisma.news.findMany({\n          where: {\n            deleted_at: null,\n            status: \"published\",\n            category: {\n              OR: [\n                {\n                  slug: \"Achievements\"\n                },\n                {\n                  name: {\n                    equals: \"Achievements\"\n                  }\n                }\n              ]\n            }\n          },\n          select: {\n            id: true,\n            title: true,\n            slug: true,\n            excerpt: true,\n            content: true,\n            youtube_url: true,\n            status: true,\n            visibility: true,\n            is_featured: true,\n            is_pinned: true,\n            featured_order: true,\n            allow_comments: true,\n            language: true,\n            publish_version: true,\n            views_count: true,\n            likes_count: true,\n            shares_count: true,\n            reading_time: true,\n            seo_title: true,\n            seo_description: true,\n            meta_keywords: true,\n            canonical_url: true,\n            scheduled_publish_at: true,\n            published_at: true,\n            title_font: true,\n            excerpt_font: true,\n            content_font: true,\n            created_at: true,\n            updated_at: true,\n            deleted_at: true,\n            category: {\n              select: {\n                id: true,\n                name: true,\n                slug: true\n              }\n            },\n            author: {\n              select: {\n                id: true,\n                email: true,\n                role: {\n                  select: {\n                    name: true\n                  }\n                }\n              }\n            },\n            author_name: true,\n            ~~~~~~~~~~~\n            thumbnail: {\n              select: {\n                id: true,\n                file_path: true,\n                path_webp: true,\n                path_avif: true,\n                path_thumb: true\n              }\n            },\n            document: {\n              select: {\n                id: true,\n                file_path: true,\n                original_name: true,\n                mime_type: true\n              }\n            },\n            tags: {\n              include: {\n                tag: {\n                  select: {\n                    id: true,\n                    name: true,\n                    slug: true\n                  }\n                }\n              }\n            },\n        ?   category_id?: true,\n        ?   created_by?: true,\n        ?   updated_by?: true,\n        ?   thumbnail_media_id?: true,\n        ?   document_media_id?: true,\n        ?   seo_image_media_id?: true,\n        ?   updated_by_user?: true,\n        ?   seo_image?: true,\n        ?   images?: true,\n        ?   revisions?: true,\n        ?   _count?: true\n          },\n          orderBy: {\n            created_at: \"desc\"\n          },\n          skip: 0,\n          take: 10\n        })\n\nUnknown field `author_name` for select statement on model `News`. Available options are marked with ?.","timestamp":"2026-08-12T01:01:35.3535+05:30"}
{"level":"error","message":"Prisma Error \nInvalid `prisma.news.findMany()` invocation in\n/home/astro/Documents/code/smeh_new_desing/backend/src/services/newsService.js:243:17\n\n  240 }\n  241 \n  242 const [items, total] = await Promise.all([\n→ 243   prisma.news.findMany({\n          where: {\n            deleted_at: null,\n            status: \"published\",\n            category: {\n              OR: [\n                {\n                  slug: \"Students Voices\"\n                },\n                {\n                  name: {\n                    equals: \"Students Voices\"\n                  }\n                }\n              ]\n            }\n          },\n          select: {\n            id: true,\n            title: true,\n            slug: true,\n            excerpt: true,\n            content: true,\n            youtube_url: true,\n            status: true,\n            visibility: true,\n            is_featured: true,\n            is_pinned: true,\n            featured_order: true,\n            allow_comments: true,\n            language: true,\n            publish_version: true,\n            views_count: true,\n            likes_count: true,\n            shares_count: true,\n            reading_time: true,\n            seo_title: true,\n            seo_description: true,\n            meta_keywords: true,\n            canonical_url: true,\n            scheduled_publish_at: true,\n            published_at: true,\n            title_font: true,\n            excerpt_font: true,\n            content_font: true,\n            created_at: true,\n            updated_at: true,\n            deleted_at: true,\n            category: {\n              select: {\n                id: true,\n                name: true,\n                slug: true\n              }\n            },\n            author: {\n              select: {\n                id: true,\n                email: true,\n                role: {\n                  select: {\n                    name: true\n                  }\n                }\n              }\n            },\n            author_name: true,\n            ~~~~~~~~~~~\n            thumbnail: {\n              select: {\n                id: true,\n                file_path: true,\n                path_webp: true,\n                path_avif: true,\n                path_thumb: true\n              }\n            },\n            document: {\n              select: {\n                id: true,\n                file_path: true,\n                original_name: true,\n                mime_type: true\n              }\n            },\n            tags: {\n              include: {\n                tag: {\n                  select: {\n                    id: true,\n                    name: true,\n                    slug: true\n                  }\n                }\n              }\n            },\n        ?   category_id?: true,\n        ?   created_by?: true,\n        ?   updated_by?: true,\n        ?   thumbnail_media_id?: true,\n        ?   document_media_id?: true,\n        ?   seo_image_media_id?: true,\n        ?   updated_by_user?: true,\n        ?   seo_image?: true,\n        ?   images?: true,\n        ?   revisions?: true,\n        ?   _count?: true\n          },\n          orderBy: {\n            created_at: \"desc\"\n          },\n          skip: 0,\n          take: 10\n        })\n\nUnknown field `author_name` for select statement on model `News`. Available options are marked with ?.","timestamp":"2026-08-12T01:01:35.3535+05:30"}
{"level":"error","message":"Redis error","timestamp":"2026-08-12T01:01:36.3636+05:30"}
{"level":"error","message":"Prisma Error \nInvalid `prisma.news.findMany()` invocation in\n/home/astro/Documents/code/smeh_new_desing/backend/src/services/newsService.js:243:17\n\n  240 }\n  241 \n  242 const [items, total] = await Promise.all([\n→ 243   prisma.news.findMany({\n          where: {\n            deleted_at: null,\n            status: \"published\"\n          },\n          select: {\n            id: true,\n            title: true,\n            slug: true,\n            excerpt: true,\n            content: true,\n            youtube_url: true,\n            status: true,\n            visibility: true,\n            is_featured: true,\n            is_pinned: true,\n            featured_order: true,\n            allow_comments: true,\n            language: true,\n            publish_version: true,\n            views_count: true,\n            likes_count: true,\n            shares_count: true,\n            reading_time: true,\n            seo_title: true,\n            seo_description: true,\n            meta_keywords: true,\n            canonical_url: true,\n            scheduled_publish_at: true,\n            published_at: true,\n            title_font: true,\n            excerpt_font: true,\n            content_font: true,\n            created_at: true,\n            updated_at: true,\n            deleted_at: true,\n            category: {\n              select: {\n                id: true,\n                name: true,\n                slug: true\n              }\n            },\n            author: {\n              select: {\n                id: true,\n                email: true,\n                role: {\n                  select: {\n                    name: true\n                  }\n                }\n              }\n            },\n            author_name: true,\n            ~~~~~~~~~~~\n            thumbnail: {\n              select: {\n                id: true,\n                file_path: true,\n                path_webp: true,\n                path_avif: true,\n                path_thumb: true\n              }\n            },\n            document: {\n              select: {\n                id: true,\n                file_path: true,\n                original_name: true,\n                mime_type: true\n              }\n            },\n            tags: {\n              include: {\n                tag: {\n                  select: {\n                    id: true,\n                    name: true,\n                    slug: true\n                  }\n                }\n              }\n            },\n        ?   category_id?: true,\n        ?   created_by?: true,\n        ?   updated_by?: true,\n        ?   thumbnail_media_id?: true,\n        ?   document_media_id?: true,\n        ?   seo_image_media_id?: true,\n        ?   updated_by_user?: true,\n        ?   seo_image?: true,\n        ?   images?: true,\n        ?   revisions?: true,\n        ?   _count?: true\n          },\n          orderBy: {\n            created_at: \"desc\"\n          },\n          skip: 0,\n          take: 10\n        })\n\nUnknown field `author_name` for select statement on model `News`. Available options are marked with ?.","timestamp":"2026-08-12T01:01:36.3636+05:30"}
{"level":"error","message":"Prisma Error \nInvalid `prisma.news.findMany()` invocation in\n/home/astro/Documents/code/smeh_new_desing/backend/src/services/newsService.js:243:17\n\n  240 }\n  241 \n  242 const [items, total] = await Promise.all([\n→ 243   prisma.news.findMany({\n          where: {\n            deleted_at: null,\n            status: \"published\",\n            category: {\n              OR: [\n                {\n                  slug: \"Campus Buzz\"\n                },\n                {\n                  name: {\n                    equals: \"Campus Buzz\"\n                  }\n                }\n              ]\n            }\n          },\n          select: {\n            id: true,\n            title: true,\n            slug: true,\n            excerpt: true,\n            content: true,\n            youtube_url: true,\n            status: true,\n            visibility: true,\n            is_featured: true,\n            is_pinned: true,\n            featured_order: true,\n            allow_comments: true,\n            language: true,\n            publish_version: true,\n            views_count: true,\n            likes_count: true,\n            shares_count: true,\n            reading_time: true,\n            seo_title: true,\n            seo_description: true,\n            meta_keywords: true,\n            canonical_url: true,\n            scheduled_publish_at: true,\n            published_at: true,\n            title_font: true,\n            excerpt_font: true,\n            content_font: true,\n            created_at: true,\n            updated_at: true,\n            deleted_at: true,\n            category: {\n              select: {\n                id: true,\n                name: true,\n                slug: true\n              }\n            },\n            author: {\n              select: {\n                id: true,\n                email: true,\n                role: {\n                  select: {\n                    name: true\n                  }\n                }\n              }\n            },\n            author_name: true,\n            ~~~~~~~~~~~\n            thumbnail: {\n              select: {\n                id: true,\n                file_path: true,\n                path_webp: true,\n                path_avif: true,\n                path_thumb: true\n              }\n            },\n            document: {\n              select: {\n                id: true,\n                file_path: true,\n                original_name: true,\n                mime_type: true\n              }\n            },\n            tags: {\n              include: {\n                tag: {\n                  select: {\n                    id: true,\n                    name: true,\n                    slug: true\n                  }\n                }\n              }\n            },\n        ?   category_id?: true,\n        ?   created_by?: true,\n        ?   updated_by?: true,\n        ?   thumbnail_media_id?: true,\n        ?   document_media_id?: true,\n        ?   seo_image_media_id?: true,\n        ?   updated_by_user?: true,\n        ?   seo_image?: true,\n        ?   images?: true,\n        ?   revisions?: true,\n        ?   _count?: true\n          },\n          orderBy: {\n            created_at: \"desc\"\n          },\n          skip: 0,\n          take: 10\n        })\n\nUnknown field `author_name` for select statement on model `News`. Available options are marked with ?.","timestamp":"2026-08-12T01:01:36.3636+05:30"}
{"level":"error","message":"Prisma Error \nInvalid `prisma.news.findMany()` invocation in\n/home/astro/Documents/code/smeh_new_desing/backend/src/services/newsService.js:243:17\n\n  240 }\n  241 \n  242 const [items, total] = await Promise.all([\n→ 243   prisma.news.findMany({\n          where: {\n            deleted_at: null,\n            status: \"published\",\n            category: {\n              OR: [\n                {\n                  slug: \"Beyond Campus\"\n                },\n                {\n                  name: {\n                    equals: \"Beyond Campus\"\n                  }\n                }\n              ]\n            }\n          },\n          select: {\n            id: true,\n            title: true,\n            slug: true,\n            excerpt: true,\n            content: true,\n            youtube_url: true,\n            status: true,\n            visibility: true,\n            is_featured: true,\n            is_pinned: true,\n            featured_order: true,\n            allow_comments: true,\n            language: true,\n            publish_version: true,\n            views_count: true,\n            likes_count: true,\n            shares_count: true,\n            reading_time: true,\n            seo_title: true,\n            seo_description: true,\n            meta_keywords: true,\n            canonical_url: true,\n            scheduled_publish_at: true,\n            published_at: true,\n            title_font: true,\n            excerpt_font: true,\n            content_font: true,\n            created_at: true,\n            updated_at: true,\n            deleted_at: true,\n            category: {\n              select: {\n                id: true,\n                name: true,\n                slug: true\n              }\n            },\n            author: {\n              select: {\n                id: true,\n                email: true,\n                role: {\n                  select: {\n                    name: true\n                  }\n                }\n              }\n            },\n            author_name: true,\n            ~~~~~~~~~~~\n            thumbnail: {\n              select: {\n                id: true,\n                file_path: true,\n                path_webp: true,\n                path_avif: true,\n                path_thumb: true\n              }\n            },\n            document: {\n              select: {\n                id: true,\n                file_path: true,\n                original_name: true,\n                mime_type: true\n              }\n            },\n            tags: {\n              include: {\n                tag: {\n                  select: {\n                    id: true,\n                    name: true,\n                    slug: true\n                  }\n                }\n              }\n            },\n        ?   category_id?: true,\n        ?   created_by?: true,\n        ?   updated_by?: true,\n        ?   thumbnail_media_id?: true,\n        ?   document_media_id?: true,\n        ?   seo_image_media_id?: true,\n        ?   updated_by_user?: true,\n        ?   seo_image?: true,\n        ?   images?: true,\n        ?   revisions?: true,\n        ?   _count?: true\n          },\n          orderBy: {\n            created_at: \"desc\"\n          },\n          skip: 0,\n          take: 10\n        })\n\nUnknown field `author_name` for select statement on model `News`. Available options are marked with ?.","timestamp":"2026-08-12T01:01:36.3636+05:30"}
{"level":"error","message":"Prisma Error \nInvalid `prisma.news.findMany()` invocation in\n/home/astro/Documents/code/smeh_new_desing/backend/src/services/newsService.js:243:17\n\n  240 }\n  241 \n  242 const [items, total] = await Promise.all([\n→ 243   prisma.news.findMany({\n          where: {\n            deleted_at: null,\n            status: \"published\",\n            category: {\n              OR: [\n                {\n                  slug: \"Social Buzz\"\n                },\n                {\n                  name: {\n                    equals: \"Social Buzz\"\n                  }\n                }\n              ]\n            }\n          },\n          select: {\n            id: true,\n            title: true,\n            slug: true,\n            excerpt: true,\n            content: true,\n            youtube_url: true,\n            status: true,\n            visibility: true,\n            is_featured: true,\n            is_pinned: true,\n            featured_order: true,\n            allow_comments: true,\n            language: true,\n            publish_version: true,\n            views_count: true,\n            likes_count: true,\n            shares_count: true,\n            reading_time: true,\n            seo_title: true,\n            seo_description: true,\n            meta_keywords: true,\n            canonical_url: true,\n            scheduled_publish_at: true,\n            published_at: true,\n            title_font: true,\n            excerpt_font: true,\n            content_font: true,\n            created_at: true,\n            updated_at: true,\n            deleted_at: true,\n            category: {\n              select: {\n                id: true,\n                name: true,\n                slug: true\n              }\n            },\n            author: {\n              select: {\n                id: true,\n                email: true,\n                role: {\n                  select: {\n                    name: true\n                  }\n                }\n              }\n            },\n            author_name: true,\n            ~~~~~~~~~~~\n            thumbnail: {\n              select: {\n                id: true,\n                file_path: true,\n                path_webp: true,\n                path_avif: true,\n                path_thumb: true\n              }\n            },\n            document: {\n              select: {\n                id: true,\n                file_path: true,\n                original_name: true,\n                mime_type: true\n              }\n            },\n            tags: {\n              include: {\n                tag: {\n                  select: {\n                    id: true,\n                    name: true,\n                    slug: true\n                  }\n                }\n              }\n            },\n        ?   category_id?: true,\n        ?   created_by?: true,\n        ?   updated_by?: true,\n        ?   thumbnail_media_id?: true,\n        ?   document_media_id?: true,\n        ?   seo_image_media_id?: true,\n        ?   updated_by_user?: true,\n        ?   seo_image?: true,\n        ?   images?: true,\n        ?   revisions?: true,\n        ?   _count?: true\n          },\n          orderBy: {\n            created_at: \"desc\"\n          },\n          skip: 0,\n          take: 10\n        })\n\nUnknown field `author_name` for select statement on model `News`. Available options are marked with ?.","timestamp":"2026-08-12T01:01:36.3636+05:30"}
{"level":"error","message":"Prisma Error \nInvalid `prisma.news.findMany()` invocation in\n/home/astro/Documents/code/smeh_new_desing/backend/src/services/newsService.js:243:17\n\n  240 }\n  241 \n  242 const [items, total] = await Promise.all([\n→ 243   prisma.news.findMany({\n          where: {\n            deleted_at: null,\n            status: \"published\",\n            category: {\n              OR: [\n                {\n                  slug: \"Podcast\"\n                },\n                {\n                  name: {\n                    equals: \"Podcast\"\n                  }\n                }\n              ]\n            }\n          },\n          select: {\n            id: true,\n            title: true,\n            slug: true,\n            excerpt: true,\n            content: true,\n            youtube_url: true,\n            status: true,\n            visibility: true,\n            is_featured: true,\n            is_pinned: true,\n            featured_order: true,\n            allow_comments: true,\n            language: true,\n            publish_version: true,\n            views_count: true,\n            likes_count: true,\n            shares_count: true,\n            reading_time: true,\n            seo_title: true,\n            seo_description: true,\n            meta_keywords: true,\n            canonical_url: true,\n            scheduled_publish_at: true,\n            published_at: true,\n            title_font: true,\n            excerpt_font: true,\n            content_font: true,\n            created_at: true,\n            updated_at: true,\n            deleted_at: true,\n            category: {\n              select: {\n                id: true,\n                name: true,\n                slug: true\n              }\n            },\n            author: {\n              select: {\n                id: true,\n                email: true,\n                role: {\n                  select: {\n                    name: true\n                  }\n                }\n              }\n            },\n            author_name: true,\n            ~~~~~~~~~~~\n            thumbnail: {\n              select: {\n                id: true,\n                file_path: true,\n                path_webp: true,\n                path_avif: true,\n                path_thumb: true\n              }\n            },\n            document: {\n              select: {\n                id: true,\n                file_path: true,\n                original_name: true,\n                mime_type: true\n              }\n            },\n            tags: {\n              include: {\n                tag: {\n                  select: {\n                    id: true,\n                    name: true,\n                    slug: true\n                  }\n                }\n              }\n            },\n        ?   category_id?: true,\n        ?   created_by?: true,\n        ?   updated_by?: true,\n        ?   thumbnail_media_id?: true,\n        ?   document_media_id?: true,\n        ?   seo_image_media_id?: true,\n        ?   updated_by_user?: true,\n        ?   seo_image?: true,\n        ?   images?: true,\n        ?   revisions?: true,\n        ?   _count?: true\n          },\n          orderBy: {\n            created_at: \"desc\"\n          },\n          skip: 0,\n          take: 10\n        })\n\nUnknown field `author_name` for select statement on model `News`. Available options are marked with ?.","timestamp":"2026-08-12T01:01:36.3636+05:30"}
{"level":"error","message":"Prisma Error \nInvalid `prisma.news.findMany()` invocation in\n/home/astro/Documents/code/smeh_new_desing/backend/src/services/newsService.js:243:17\n\n  240 }\n  241 \n  242 const [items, total] = await Promise.all([\n→ 243   prisma.news.findMany({\n          where: {\n            deleted_at: null,\n            status: \"published\",\n            category: {\n              OR: [\n                {\n                  slug: \"Manav Rachna TV\"\n                },\n                {\n                  name: {\n                    equals: \"Manav Rachna TV\"\n                  }\n                }\n              ]\n            }\n          },\n          select: {\n            id: true,\n            title: true,\n            slug: true,\n            excerpt: true,\n            content: true,\n            youtube_url: true,\n            status: true,\n            visibility: true,\n            is_featured: true,\n            is_pinned: true,\n            featured_order: true,\n            allow_comments: true,\n            language: true,\n            publish_version: true,\n            views_count: true,\n            likes_count: true,\n            shares_count: true,\n            reading_time: true,\n            seo_title: true,\n            seo_description: true,\n            meta_keywords: true,\n            canonical_url: true,\n            scheduled_publish_at: true,\n            published_at: true,\n            title_font: true,\n            excerpt_font: true,\n            content_font: true,\n            created_at: true,\n            updated_at: true,\n            deleted_at: true,\n            category: {\n              select: {\n                id: true,\n                name: true,\n                slug: true\n              }\n            },\n            author: {\n              select: {\n                id: true,\n                email: true,\n                role: {\n                  select: {\n                    name: true\n                  }\n                }\n              }\n            },\n            author_name: true,\n            ~~~~~~~~~~~\n            thumbnail: {\n              select: {\n                id: true,\n                file_path: true,\n                path_webp: true,\n                path_avif: true,\n                path_thumb: true\n              }\n            },\n            document: {\n              select: {\n                id: true,\n                file_path: true,\n                original_name: true,\n                mime_type: true\n              }\n            },\n            tags: {\n              include: {\n                tag: {\n                  select: {\n                    id: true,\n                    name: true,\n                    slug: true\n                  }\n                }\n              }\n            },\n        ?   category_id?: true,\n        ?   created_by?: true,\n        ?   updated_by?: true,\n        ?   thumbnail_media_id?: true,\n        ?   document_media_id?: true,\n        ?   seo_image_media_id?: true,\n        ?   updated_by_user?: true,\n        ?   seo_image?: true,\n        ?   images?: true,\n        ?   revisions?: true,\n        ?   _count?: true\n          },\n          orderBy: {\n            created_at: \"desc\"\n          },\n          skip: 0,\n          take: 10\n        })\n\nUnknown field `author_name` for select statement on model `News`. Available options are marked with ?.","timestamp":"2026-08-12T01:01:36.3636+05:30"}
{"level":"error","message":"Prisma Error \nInvalid `prisma.news.findMany()` invocation in\n/home/astro/Documents/code/smeh_new_desing/backend/src/services/newsService.js:243:17\n\n  240 }\n  241 \n  242 const [items, total] = await Promise.all([\n→ 243   prisma.news.findMany({\n          where: {\n            deleted_at: null,\n            status: \"published\",\n            category: {\n              OR: [\n                {\n                  slug: \"Gallery\"\n                },\n                {\n                  name: {\n                    equals: \"Gallery\"\n                  }\n                }\n              ]\n            }\n          },\n          select: {\n            id: true,\n            title: true,\n            slug: true,\n            excerpt: true,\n            content: true,\n            youtube_url: true,\n            status: true,\n            visibility: true,\n            is_featured: true,\n            is_pinned: true,\n            featured_order: true,\n            allow_comments: true,\n            language: true,\n            publish_version: true,\n            views_count: true,\n            likes_count: true,\n            shares_count: true,\n            reading_time: true,\n            seo_title: true,\n            seo_description: true,\n            meta_keywords: true,\n            canonical_url: true,\n            scheduled_publish_at: true,\n            published_at: true,\n            title_font: true,\n            excerpt_font: true,\n            content_font: true,\n            created_at: true,\n            updated_at: true,\n            deleted_at: true,\n            category: {\n              select: {\n                id: true,\n                name: true,\n                slug: true\n              }\n            },\n            author: {\n              select: {\n                id: true,\n                email: true,\n                role: {\n                  select: {\n                    name: true\n                  }\n                }\n              }\n            },\n            author_name: true,\n            ~~~~~~~~~~~\n            thumbnail: {\n              select: {\n                id: true,\n                file_path: true,\n                path_webp: true,\n                path_avif: true,\n                path_thumb: true\n              }\n            },\n            document: {\n              select: {\n                id: true,\n                file_path: true,\n                original_name: true,\n                mime_type: true\n              }\n            },\n            tags: {\n              include: {\n                tag: {\n                  select: {\n                    id: true,\n                    name: true,\n                    slug: true\n                  }\n                }\n              }\n            },\n        ?   category_id?: true,\n        ?   created_by?: true,\n        ?   updated_by?: true,\n        ?   thumbnail_media_id?: true,\n        ?   document_media_id?: true,\n        ?   seo_image_media_id?: true,\n        ?   updated_by_user?: true,\n        ?   seo_image?: true,\n        ?   images?: true,\n        ?   revisions?: true,\n        ?   _count?: true\n          },\n          orderBy: {\n            created_at: \"desc\"\n          },\n          skip: 0,\n          take: 10\n        })\n\nUnknown field `author_name` for select statement on model `News`. Available options are marked with ?.","timestamp":"2026-08-12T01:01:36.3636+05:30"}
{"level":"error","message":"Prisma Error \nInvalid `prisma.news.findMany()` invocation in\n/home/astro/Documents/code/smeh_new_desing/backend/src/services/newsService.js:243:17\n\n  240 }\n  241 \n  242 const [items, total] = await Promise.all([\n→ 243   prisma.news.findMany({\n          where: {\n            deleted_at: null,\n            status: \"published\",\n            category: {\n              OR: [\n                {\n                  slug: \"Blog\"\n                },\n                {\n                  name: {\n                    equals: \"Blog\"\n                  }\n                }\n              ]\n            }\n          },\n          select: {\n            id: true,\n            title: true,\n            slug: true,\n            excerpt: true,\n            content: true,\n            youtube_url: true,\n            status: true,\n            visibility: true,\n            is_featured: true,\n            is_pinned: true,\n            featured_order: true,\n            allow_comments: true,\n            language: true,\n            publish_version: true,\n            views_count: true,\n            likes_count: true,\n            shares_count: true,\n            reading_time: true,\n            seo_title: true,\n            seo_description: true,\n            meta_keywords: true,\n            canonical_url: true,\n            scheduled_publish_at: true,\n            published_at: true,\n            title_font: true,\n            excerpt_font: true,\n            content_font: true,\n            created_at: true,\n            updated_at: true,\n            deleted_at: true,\n            category: {\n              select: {\n                id: true,\n                name: true,\n                slug: true\n              }\n            },\n            author: {\n              select: {\n                id: true,\n                email: true,\n                role: {\n                  select: {\n                    name: true\n                  }\n                }\n              }\n            },\n            author_name: true,\n            ~~~~~~~~~~~\n            thumbnail: {\n              select: {\n                id: true,\n                file_path: true,\n                path_webp: true,\n                path_avif: true,\n                path_thumb: true\n              }\n            },\n            document: {\n              select: {\n                id: true,\n                file_path: true,\n                original_name: true,\n                mime_type: true\n              }\n            },\n            tags: {\n              include: {\n                tag: {\n                  select: {\n                    id: true,\n                    name: true,\n                    slug: true\n                  }\n                }\n              }\n            },\n        ?   category_id?: true,\n        ?   created_by?: true,\n        ?   updated_by?: true,\n        ?   thumbnail_media_id?: true,\n        ?   document_media_id?: true,\n        ?   seo_image_media_id?: true,\n        ?   updated_by_user?: true,\n        ?   seo_image?: true,\n        ?   images?: true,\n        ?   revisions?: true,\n        ?   _count?: true\n          },\n          orderBy: {\n            created_at: \"desc\"\n          },\n          skip: 0,\n          take: 10\n        })\n\nUnknown field `author_name` for select statement on model `News`. Available options are marked with ?.","timestamp":"2026-08-12T01:01:36.3636+05:30"}
{"level":"error","message":"Prisma Error \nInvalid `prisma.news.findMany()` invocation in\n/home/astro/Documents/code/smeh_new_desing/backend/src/services/newsService.js:243:17\n\n  240 }\n  241 \n  242 const [items, total] = await Promise.all([\n→ 243   prisma.news.findMany({\n          where: {\n            deleted_at: null,\n            status: \"published\",\n            category: {\n              OR: [\n                {\n                  slug: \"Announcement\"\n                },\n                {\n                  name: {\n                    equals: \"Announcement\"\n                  }\n                }\n              ]\n            }\n          },\n          select: {\n            id: true,\n            title: true,\n            slug: true,\n            excerpt: true,\n            content: true,\n            youtube_url: true,\n            status: true,\n            visibility: true,\n            is_featured: true,\n            is_pinned: true,\n            featured_order: true,\n            allow_comments: true,\n            language: true,\n            publish_version: true,\n            views_count: true,\n            likes_count: true,\n            shares_count: true,\n            reading_time: true,\n            seo_title: true,\n            seo_description: true,\n            meta_keywords: true,\n            canonical_url: true,\n            scheduled_publish_at: true,\n            published_at: true,\n            title_font: true,\n            excerpt_font: true,\n            content_font: true,\n            created_at: true,\n            updated_at: true,\n            deleted_at: true,\n            category: {\n              select: {\n                id: true,\n                name: true,\n                slug: true\n              }\n            },\n            author: {\n              select: {\n                id: true,\n                email: true,\n                role: {\n                  select: {\n                    name: true\n                  }\n                }\n              }\n            },\n            author_name: true,\n            ~~~~~~~~~~~\n            thumbnail: {\n              select: {\n                id: true,\n                file_path: true,\n                path_webp: true,\n                path_avif: true,\n                path_thumb: true\n              }\n            },\n            document: {\n              select: {\n                id: true,\n                file_path: true,\n                original_name: true,\n                mime_type: true\n              }\n            },\n            tags: {\n              include: {\n                tag: {\n                  select: {\n                    id: true,\n                    name: true,\n                    slug: true\n                  }\n                }\n              }\n            },\n        ?   category_id?: true,\n        ?   created_by?: true,\n        ?   updated_by?: true,\n        ?   thumbnail_media_id?: true,\n        ?   document_media_id?: true,\n        ?   seo_image_media_id?: true,\n        ?   updated_by_user?: true,\n        ?   seo_image?: true,\n        ?   images?: true,\n        ?   revisions?: true,\n        ?   _count?: true\n          },\n          orderBy: {\n            created_at: \"desc\"\n          },\n          skip: 0,\n          take: 10\n        })\n\nUnknown field `author_name` for select statement on model `News`. Available options are marked with ?.","timestamp":"2026-08-12T01:01:36.3636+05:30"}
{"level":"error","message":"Prisma Error \nInvalid `prisma.news.findMany()` invocation in\n/home/astro/Documents/code/smeh_new_desing/backend/src/services/newsService.js:243:17\n\n  240 }\n  241 \n  242 const [items, total] = await Promise.all([\n→ 243   prisma.news.findMany({\n          where: {\n            deleted_at: null,\n            status: \"published\",\n            category: {\n              OR: [\n                {\n                  slug: \"Achievements\"\n                },\n                {\n                  name: {\n                    equals: \"Achievements\"\n                  }\n                }\n              ]\n            }\n          },\n          select: {\n            id: true,\n            title: true,\n            slug: true,\n            excerpt: true,\n            content: true,\n            youtube_url: true,\n            status: true,\n            visibility: true,\n            is_featured: true,\n            is_pinned: true,\n            featured_order: true,\n            allow_comments: true,\n            language: true,\n            publish_version: true,\n            views_count: true,\n            likes_count: true,\n            shares_count: true,\n            reading_time: true,\n            seo_title: true,\n            seo_description: true,\n            meta_keywords: true,\n            canonical_url: true,\n            scheduled_publish_at: true,\n            published_at: true,\n            title_font: true,\n            excerpt_font: true,\n            content_font: true,\n            created_at: true,\n            updated_at: true,\n            deleted_at: true,\n            category: {\n              select: {\n                id: true,\n                name: true,\n                slug: true\n              }\n            },\n            author: {\n              select: {\n                id: true,\n                email: true,\n                role: {\n                  select: {\n                    name: true\n                  }\n                }\n              }\n            },\n            author_name: true,\n            ~~~~~~~~~~~\n            thumbnail: {\n              select: {\n                id: true,\n                file_path: true,\n                path_webp: true,\n                path_avif: true,\n                path_thumb: true\n              }\n            },\n            document: {\n              select: {\n                id: true,\n                file_path: true,\n                original_name: true,\n                mime_type: true\n              }\n            },\n            tags: {\n              include: {\n                tag: {\n                  select: {\n                    id: true,\n                    name: true,\n                    slug: true\n                  }\n                }\n              }\n            },\n        ?   category_id?: true,\n        ?   created_by?: true,\n        ?   updated_by?: true,\n        ?   thumbnail_media_id?: true,\n        ?   document_media_id?: true,\n        ?   seo_image_media_id?: true,\n        ?   updated_by_user?: true,\n        ?   seo_image?: true,\n        ?   images?: true,\n        ?   revisions?: true,\n        ?   _count?: true\n          },\n          orderBy: {\n            created_at: \"desc\"\n          },\n          skip: 0,\n          take: 10\n        })\n\nUnknown field `author_name` for select statement on model `News`. Available options are marked with ?.","timestamp":"2026-08-12T01:01:36.3636+05:30"}
{"level":"error","message":"Prisma Error \nInvalid `prisma.news.findMany()` invocation in\n/home/astro/Documents/code/smeh_new_desing/backend/src/services/newsService.js:243:17\n\n  240 }\n  241 \n  242 const [items, total] = await Promise.all([\n→ 243   prisma.news.findMany({\n          where: {\n            deleted_at: null,\n            status: \"published\",\n            category: {\n              OR: [\n                {\n                  slug: \"Students Voices\"\n                },\n                {\n                  name: {\n                    equals: \"Students Voices\"\n                  }\n                }\n              ]\n            }\n          },\n          select: {\n            id: true,\n            title: true,\n            slug: true,\n            excerpt: true,\n            content: true,\n            youtube_url: true,\n            status: true,\n            visibility: true,\n            is_featured: true,\n            is_pinned: true,\n            featured_order: true,\n            allow_comments: true,\n            language: true,\n            publish_version: true,\n            views_count: true,\n            likes_count: true,\n            shares_count: true,\n            reading_time: true,\n            seo_title: true,\n            seo_description: true,\n            meta_keywords: true,\n            canonical_url: true,\n            scheduled_publish_at: true,\n            published_at: true,\n            title_font: true,\n            excerpt_font: true,\n            content_font: true,\n            created_at: true,\n            updated_at: true,\n            deleted_at: true,\n            category: {\n              select: {\n                id: true,\n                name: true,\n                slug: true\n              }\n            },\n            author: {\n              select: {\n                id: true,\n                email: true,\n                role: {\n                  select: {\n                    name: true\n                  }\n                }\n              }\n            },\n            author_name: true,\n            ~~~~~~~~~~~\n            thumbnail: {\n              select: {\n                id: true,\n                file_path: true,\n                path_webp: true,\n                path_avif: true,\n                path_thumb: true\n              }\n            },\n            document: {\n              select: {\n                id: true,\n                file_path: true,\n                original_name: true,\n                mime_type: true\n              }\n            },\n            tags: {\n              include: {\n                tag: {\n                  select: {\n                    id: true,\n                    name: true,\n                    slug: true\n                  }\n                }\n              }\n            },\n        ?   category_id?: true,\n        ?   created_by?: true,\n        ?   updated_by?: true,\n        ?   thumbnail_media_id?: true,\n        ?   document_media_id?: true,\n        ?   seo_image_media_id?: true,\n        ?   updated_by_user?: true,\n        ?   seo_image?: true,\n        ?   images?: true,\n        ?   revisions?: true,\n        ?   _count?: true\n          },\n          orderBy: {\n            created_at: \"desc\"\n          },\n          skip: 0,\n          take: 10\n        })\n\nUnknown field `author_name` for select statement on model `News`. Available options are marked with ?.","timestamp":"2026-08-12T01:01:36.3636+05:30"}
{"level":"error","message":"Redis error","timestamp":"2026-08-12T01:01:38.3838+05:30"}
{"level":"error","message":"Prisma Error \nInvalid `prisma.news.findMany()` invocation in\n/home/astro/Documents/code/smeh_new_desing/backend/src/services/newsService.js:243:17\n\n  240 }\n  241 \n  242 const [items, total] = await Promise.all([\n→ 243   prisma.news.findMany({\n          where: {\n            deleted_at: null,\n            status: \"published\"\n          },\n          select: {\n            id: true,\n            title: true,\n            slug: true,\n            excerpt: true,\n            content: true,\n            youtube_url: true,\n            status: true,\n            visibility: true,\n            is_featured: true,\n            is_pinned: true,\n            featured_order: true,\n            allow_comments: true,\n            language: true,\n            publish_version: true,\n            views_count: true,\n            likes_count: true,\n            shares_count: true,\n            reading_time: true,\n            seo_title: true,\n            seo_description: true,\n            meta_keywords: true,\n            canonical_url: true,\n            scheduled_publish_at: true,\n            published_at: true,\n            title_font: true,\n            excerpt_font: true,\n            content_font: true,\n            created_at: true,\n            updated_at: true,\n            deleted_at: true,\n            category: {\n              select: {\n                id: true,\n                name: true,\n                slug: true\n              }\n            },\n            author: {\n              select: {\n                id: true,\n                email: true,\n                role: {\n                  select: {\n                    name: true\n                  }\n                }\n              }\n            },\n            author_name: true,\n            ~~~~~~~~~~~\n            thumbnail: {\n              select: {\n                id: true,\n                file_path: true,\n                path_webp: true,\n                path_avif: true,\n                path_thumb: true\n              }\n            },\n            document: {\n              select: {\n                id: true,\n                file_path: true,\n                original_name: true,\n                mime_type: true\n              }\n            },\n            tags: {\n              include: {\n                tag: {\n                  select: {\n                    id: true,\n                    name: true,\n                    slug: true\n                  }\n                }\n              }\n            },\n        ?   category_id?: true,\n        ?   created_by?: true,\n        ?   updated_by?: true,\n        ?   thumbnail_media_id?: true,\n        ?   document_media_id?: true,\n        ?   seo_image_media_id?: true,\n        ?   updated_by_user?: true,\n        ?   seo_image?: true,\n        ?   images?: true,\n        ?   revisions?: true,\n        ?   _count?: true\n          },\n          orderBy: {\n            created_at: \"desc\"\n          },\n          skip: 0,\n          take: 10\n        })\n\nUnknown field `author_name` for select statement on model `News`. Available options are marked with ?.","timestamp":"2026-08-12T01:01:39.3939+05:30"}
{"level":"error","message":"Prisma Error \nInvalid `prisma.news.findMany()` invocation in\n/home/astro/Documents/code/smeh_new_desing/backend/src/services/newsService.js:243:17\n\n  240 }\n  241 \n  242 const [items, total] = await Promise.all([\n→ 243   prisma.news.findMany({\n          where: {\n            deleted_at: null,\n            status: \"published\",\n            category: {\n              OR: [\n                {\n                  slug: \"Campus Buzz\"\n                },\n                {\n                  name: {\n                    equals: \"Campus Buzz\"\n                  }\n                }\n              ]\n            }\n          },\n          select: {\n            id: true,\n            title: true,\n            slug: true,\n            excerpt: true,\n            content: true,\n            youtube_url: true,\n            status: true,\n            visibility: true,\n            is_featured: true,\n            is_pinned: true,\n            featured_order: true,\n            allow_comments: true,\n            language: true,\n            publish_version: true,\n            views_count: true,\n            likes_count: true,\n            shares_count: true,\n            reading_time: true,\n            seo_title: true,\n            seo_description: true,\n            meta_keywords: true,\n            canonical_url: true,\n            scheduled_publish_at: true,\n            published_at: true,\n            title_font: true,\n            excerpt_font: true,\n            content_font: true,\n            created_at: true,\n            updated_at: true,\n            deleted_at: true,\n            category: {\n              select: {\n                id: true,\n                name: true,\n                slug: true\n              }\n            },\n            author: {\n              select: {\n                id: true,\n                email: true,\n                role: {\n                  select: {\n                    name: true\n                  }\n                }\n              }\n            },\n            author_name: true,\n            ~~~~~~~~~~~\n            thumbnail: {\n              select: {\n                id: true,\n                file_path: true,\n                path_webp: true,\n                path_avif: true,\n                path_thumb: true\n              }\n            },\n            document: {\n              select: {\n                id: true,\n                file_path: true,\n                original_name: true,\n                mime_type: true\n              }\n            },\n            tags: {\n              include: {\n                tag: {\n                  select: {\n                    id: true,\n                    name: true,\n                    slug: true\n                  }\n                }\n              }\n            },\n        ?   category_id?: true,\n        ?   created_by?: true,\n        ?   updated_by?: true,\n        ?   thumbnail_media_id?: true,\n        ?   document_media_id?: true,\n        ?   seo_image_media_id?: true,\n        ?   updated_by_user?: true,\n        ?   seo_image?: true,\n        ?   images?: true,\n        ?   revisions?: true,\n        ?   _count?: true\n          },\n          orderBy: {\n            created_at: \"desc\"\n          },\n          skip: 0,\n          take: 10\n        })\n\nUnknown field `author_name` for select statement on model `News`. Available options are marked with ?.","timestamp":"2026-08-12T01:01:39.3939+05:30"}
{"level":"error","message":"Prisma Error \nInvalid `prisma.news.findMany()` invocation in\n/home/astro/Documents/code/smeh_new_desing/backend/src/services/newsService.js:243:17\n\n  240 }\n  241 \n  242 const [items, total] = await Promise.all([\n→ 243   prisma.news.findMany({\n          where: {\n            deleted_at: null,\n            status: \"published\",\n            category: {\n              OR: [\n                {\n                  slug: \"Beyond Campus\"\n                },\n                {\n                  name: {\n                    equals: \"Beyond Campus\"\n                  }\n                }\n              ]\n            }\n          },\n          select: {\n            id: true,\n            title: true,\n            slug: true,\n            excerpt: true,\n            content: true,\n            youtube_url: true,\n            status: true,\n            visibility: true,\n            is_featured: true,\n            is_pinned: true,\n            featured_order: true,\n            allow_comments: true,\n            language: true,\n            publish_version: true,\n            views_count: true,\n            likes_count: true,\n            shares_count: true,\n            reading_time: true,\n            seo_title: true,\n            seo_description: true,\n            meta_keywords: true,\n            canonical_url: true,\n            scheduled_publish_at: true,\n            published_at: true,\n            title_font: true,\n            excerpt_font: true,\n            content_font: true,\n            created_at: true,\n            updated_at: true,\n            deleted_at: true,\n            category: {\n              select: {\n                id: true,\n                name: true,\n                slug: true\n              }\n            },\n            author: {\n              select: {\n                id: true,\n                email: true,\n                role: {\n                  select: {\n                    name: true\n                  }\n                }\n              }\n            },\n            author_name: true,\n            ~~~~~~~~~~~\n            thumbnail: {\n              select: {\n                id: true,\n                file_path: true,\n                path_webp: true,\n                path_avif: true,\n                path_thumb: true\n              }\n            },\n            document: {\n              select: {\n                id: true,\n                file_path: true,\n                original_name: true,\n                mime_type: true\n              }\n            },\n            tags: {\n              include: {\n                tag: {\n                  select: {\n                    id: true,\n                    name: true,\n                    slug: true\n                  }\n                }\n              }\n            },\n        ?   category_id?: true,\n        ?   created_by?: true,\n        ?   updated_by?: true,\n        ?   thumbnail_media_id?: true,\n        ?   document_media_id?: true,\n        ?   seo_image_media_id?: true,\n        ?   updated_by_user?: true,\n        ?   seo_image?: true,\n        ?   images?: true,\n        ?   revisions?: true,\n        ?   _count?: true\n          },\n          orderBy: {\n            created_at: \"desc\"\n          },\n          skip: 0,\n          take: 10\n        })\n\nUnknown field `author_name` for select statement on model `News`. Available options are marked with ?.","timestamp":"2026-08-12T01:01:39.3939+05:30"}
{"level":"error","message":"Prisma Error \nInvalid `prisma.news.findMany()` invocation in\n/home/astro/Documents/code/smeh_new_desing/backend/src/services/newsService.js:243:17\n\n  240 }\n  241 \n  242 const [items, total] = await Promise.all([\n→ 243   prisma.news.findMany({\n          where: {\n            deleted_at: null,\n            status: \"published\",\n            category: {\n              OR: [\n                {\n                  slug: \"Social Buzz\"\n                },\n                {\n                  name: {\n                    equals: \"Social Buzz\"\n                  }\n                }\n              ]\n            }\n          },\n          select: {\n            id: true,\n            title: true,\n            slug: true,\n            excerpt: true,\n            content: true,\n            youtube_url: true,\n            status: true,\n            visibility: true,\n            is_featured: true,\n            is_pinned: true,\n            featured_order: true,\n            allow_comments: true,\n            language: true,\n            publish_version: true,\n            views_count: true,\n            likes_count: true,\n            shares_count: true,\n            reading_time: true,\n            seo_title: true,\n            seo_description: true,\n            meta_keywords: true,\n            canonical_url: true,\n            scheduled_publish_at: true,\n            published_at: true,\n            title_font: true,\n            excerpt_font: true,\n            content_font: true,\n            created_at: true,\n            updated_at: true,\n            deleted_at: true,\n            category: {\n              select: {\n                id: true,\n                name: true,\n                slug: true\n              }\n            },\n            author: {\n              select: {\n                id: true,\n                email: true,\n                role: {\n                  select: {\n                    name: true\n                  }\n                }\n              }\n            },\n            author_name: true,\n            ~~~~~~~~~~~\n            thumbnail: {\n              select: {\n                id: true,\n                file_path: true,\n                path_webp: true,\n                path_avif: true,\n                path_thumb: true\n              }\n            },\n            document: {\n              select: {\n                id: true,\n                file_path: true,\n                original_name: true,\n                mime_type: true\n              }\n            },\n            tags: {\n              include: {\n                tag: {\n                  select: {\n                    id: true,\n                    name: true,\n                    slug: true\n                  }\n                }\n              }\n            },\n        ?   category_id?: true,\n        ?   created_by?: true,\n        ?   updated_by?: true,\n        ?   thumbnail_media_id?: true,\n        ?   document_media_id?: true,\n        ?   seo_image_media_id?: true,\n        ?   updated_by_user?: true,\n        ?   seo_image?: true,\n        ?   images?: true,\n        ?   revisions?: true,\n        ?   _count?: true\n          },\n          orderBy: {\n            created_at: \"desc\"\n          },\n          skip: 0,\n          take: 10\n        })\n\nUnknown field `author_name` for select statement on model `News`. Available options are marked with ?.","timestamp":"2026-08-12T01:01:39.3939+05:30"}
{"level":"error","message":"Prisma Error \nInvalid `prisma.news.findMany()` invocation in\n/home/astro/Documents/code/smeh_new_desing/backend/src/services/newsService.js:243:17\n\n  240 }\n  241 \n  242 const [items, total] = await Promise.all([\n→ 243   prisma.news.findMany({\n          where: {\n            deleted_at: null,\n            status: \"published\",\n            category: {\n              OR: [\n                {\n                  slug: \"Podcast\"\n                },\n                {\n                  name: {\n                    equals: \"Podcast\"\n                  }\n                }\n              ]\n            }\n          },\n          select: {\n            id: true,\n            title: true,\n            slug: true,\n            excerpt: true,\n            content: true,\n            youtube_url: true,\n            status: true,\n            visibility: true,\n            is_featured: true,\n            is_pinned: true,\n            featured_order: true,\n            allow_comments: true,\n            language: true,\n            publish_version: true,\n            views_count: true,\n            likes_count: true,\n            shares_count: true,\n            reading_time: true,\n            seo_title: true,\n            seo_description: true,\n            meta_keywords: true,\n            canonical_url: true,\n            scheduled_publish_at: true,\n            published_at: true,\n            title_font: true,\n            excerpt_font: true,\n            content_font: true,\n            created_at: true,\n            updated_at: true,\n            deleted_at: true,\n            category: {\n              select: {\n                id: true,\n                name: true,\n                slug: true\n              }\n            },\n            author: {\n              select: {\n                id: true,\n                email: true,\n                role: {\n                  select: {\n                    name: true\n                  }\n                }\n              }\n            },\n            author_name: true,\n            ~~~~~~~~~~~\n            thumbnail: {\n              select: {\n                id: true,\n                file_path: true,\n                path_webp: true,\n                path_avif: true,\n                path_thumb: true\n              }\n            },\n            document: {\n              select: {\n                id: true,\n                file_path: true,\n                original_name: true,\n                mime_type: true\n              }\n            },\n            tags: {\n              include: {\n                tag: {\n                  select: {\n                    id: true,\n                    name: true,\n                    slug: true\n                  }\n                }\n              }\n            },\n        ?   category_id?: true,\n        ?   created_by?: true,\n        ?   updated_by?: true,\n        ?   thumbnail_media_id?: true,\n        ?   document_media_id?: true,\n        ?   seo_image_media_id?: true,\n        ?   updated_by_user?: true,\n        ?   seo_image?: true,\n        ?   images?: true,\n        ?   revisions?: true,\n        ?   _count?: true\n          },\n          orderBy: {\n            created_at: \"desc\"\n          },\n          skip: 0,\n          take: 10\n        })\n\nUnknown field `author_name` for select statement on model `News`. Available options are marked with ?.","timestamp":"2026-08-12T01:01:39.3939+05:30"}
{"level":"error","message":"Prisma Error \nInvalid `prisma.news.findMany()` invocation in\n/home/astro/Documents/code/smeh_new_desing/backend/src/services/newsService.js:243:17\n\n  240 }\n  241 \n  242 const [items, total] = await Promise.all([\n→ 243   prisma.news.findMany({\n          where: {\n            deleted_at: null,\n            status: \"published\",\n            category: {\n              OR: [\n                {\n                  slug: \"Manav Rachna TV\"\n                },\n                {\n                  name: {\n                    equals: \"Manav Rachna TV\"\n                  }\n                }\n              ]\n            }\n          },\n          select: {\n            id: true,\n            title: true,\n            slug: true,\n            excerpt: true,\n            content: true,\n            youtube_url: true,\n            status: true,\n            visibility: true,\n            is_featured: true,\n            is_pinned: true,\n            featured_order: true,\n            allow_comments: true,\n            language: true,\n            publish_version: true,\n            views_count: true,\n            likes_count: true,\n            shares_count: true,\n            reading_time: true,\n            seo_title: true,\n            seo_description: true,\n            meta_keywords: true,\n            canonical_url: true,\n            scheduled_publish_at: true,\n            published_at: true,\n            title_font: true,\n            excerpt_font: true,\n            content_font: true,\n            created_at: true,\n            updated_at: true,\n            deleted_at: true,\n            category: {\n              select: {\n                id: true,\n                name: true,\n                slug: true\n              }\n            },\n            author: {\n              select: {\n                id: true,\n                email: true,\n                role: {\n                  select: {\n                    name: true\n                  }\n                }\n              }\n            },\n            author_name: true,\n            ~~~~~~~~~~~\n            thumbnail: {\n              select: {\n                id: true,\n                file_path: true,\n                path_webp: true,\n                path_avif: true,\n                path_thumb: true\n              }\n            },\n            document: {\n              select: {\n                id: true,\n                file_path: true,\n                original_name: true,\n                mime_type: true\n              }\n            },\n            tags: {\n              include: {\n                tag: {\n                  select: {\n                    id: true,\n                    name: true,\n                    slug: true\n                  }\n                }\n              }\n            },\n        ?   category_id?: true,\n        ?   created_by?: true,\n        ?   updated_by?: true,\n        ?   thumbnail_media_id?: true,\n        ?   document_media_id?: true,\n        ?   seo_image_media_id?: true,\n        ?   updated_by_user?: true,\n        ?   seo_image?: true,\n        ?   images?: true,\n        ?   revisions?: true,\n        ?   _count?: true\n          },\n          orderBy: {\n            created_at: \"desc\"\n          },\n          skip: 0,\n          take: 10\n        })\n\nUnknown field `author_name` for select statement on model `News`. Available options are marked with ?.","timestamp":"2026-08-12T01:01:39.3939+05:30"}
{"level":"error","message":"Prisma Error \nInvalid `prisma.news.findMany()` invocation in\n/home/astro/Documents/code/smeh_new_desing/backend/src/services/newsService.js:243:17\n\n  240 }\n  241 \n  242 const [items, total] = await Promise.all([\n→ 243   prisma.news.findMany({\n          where: {\n            deleted_at: null,\n            status: \"published\",\n            category: {\n              OR: [\n                {\n                  slug: \"Gallery\"\n                },\n                {\n                  name: {\n                    equals: \"Gallery\"\n                  }\n                }\n              ]\n            }\n          },\n          select: {\n            id: true,\n            title: true,\n            slug: true,\n            excerpt: true,\n            content: true,\n            youtube_url: true,\n            status: true,\n            visibility: true,\n            is_featured: true,\n            is_pinned: true,\n            featured_order: true,\n            allow_comments: true,\n            language: true,\n            publish_version: true,\n            views_count: true,\n            likes_count: true,\n            shares_count: true,\n            reading_time: true,\n            seo_title: true,\n            seo_description: true,\n            meta_keywords: true,\n            canonical_url: true,\n            scheduled_publish_at: true,\n            published_at: true,\n            title_font: true,\n            excerpt_font: true,\n            content_font: true,\n            created_at: true,\n            updated_at: true,\n            deleted_at: true,\n            category: {\n              select: {\n                id: true,\n                name: true,\n                slug: true\n              }\n            },\n            author: {\n              select: {\n                id: true,\n                email: true,\n                role: {\n                  select: {\n                    name: true\n                  }\n                }\n              }\n            },\n            author_name: true,\n            ~~~~~~~~~~~\n            thumbnail: {\n              select: {\n                id: true,\n                file_path: true,\n                path_webp: true,\n                path_avif: true,\n                path_thumb: true\n              }\n            },\n            document: {\n              select: {\n                id: true,\n                file_path: true,\n                original_name: true,\n                mime_type: true\n              }\n            },\n            tags: {\n              include: {\n                tag: {\n                  select: {\n                    id: true,\n                    name: true,\n                    slug: true\n                  }\n                }\n              }\n            },\n        ?   category_id?: true,\n        ?   created_by?: true,\n        ?   updated_by?: true,\n        ?   thumbnail_media_id?: true,\n        ?   document_media_id?: true,\n        ?   seo_image_media_id?: true,\n        ?   updated_by_user?: true,\n        ?   seo_image?: true,\n        ?   images?: true,\n        ?   revisions?: true,\n        ?   _count?: true\n          },\n          orderBy: {\n            created_at: \"desc\"\n          },\n          skip: 0,\n          take: 10\n        })\n\nUnknown field `author_name` for select statement on model `News`. Available options are marked with ?.","timestamp":"2026-08-12T01:01:39.3939+05:30"}
{"level":"error","message":"Prisma Error \nInvalid `prisma.news.findMany()` invocation in\n/home/astro/Documents/code/smeh_new_desing/backend/src/services/newsService.js:243:17\n\n  240 }\n  241 \n  242 const [items, total] = await Promise.all([\n→ 243   prisma.news.findMany({\n          where: {\n            deleted_at: null,\n            status: \"published\",\n            category: {\n              OR: [\n                {\n                  slug: \"Blog\"\n                },\n                {\n                  name: {\n                    equals: \"Blog\"\n                  }\n                }\n              ]\n            }\n          },\n          select: {\n            id: true,\n            title: true,\n            slug: true,\n            excerpt: true,\n            content: true,\n            youtube_url: true,\n            status: true,\n            visibility: true,\n            is_featured: true,\n            is_pinned: true,\n            featured_order: true,\n            allow_comments: true,\n            language: true,\n            publish_version: true,\n            views_count: true,\n            likes_count: true,\n            shares_count: true,\n            reading_time: true,\n            seo_title: true,\n            seo_description: true,\n            meta_keywords: true,\n            canonical_url: true,\n            scheduled_publish_at: true,\n            published_at: true,\n            title_font: true,\n            excerpt_font: true,\n            content_font: true,\n            created_at: true,\n            updated_at: true,\n            deleted_at: true,\n            category: {\n              select: {\n                id: true,\n                name: true,\n                slug: true\n              }\n            },\n            author: {\n              select: {\n                id: true,\n                email: true,\n                role: {\n                  select: {\n                    name: true\n                  }\n                }\n              }\n            },\n            author_name: true,\n            ~~~~~~~~~~~\n            thumbnail: {\n              select: {\n                id: true,\n                file_path: true,\n                path_webp: true,\n                path_avif: true,\n                path_thumb: true\n              }\n            },\n            document: {\n              select: {\n                id: true,\n                file_path: true,\n                original_name: true,\n                mime_type: true\n              }\n            },\n            tags: {\n              include: {\n                tag: {\n                  select: {\n                    id: true,\n                    name: true,\n                    slug: true\n                  }\n                }\n              }\n            },\n        ?   category_id?: true,\n        ?   created_by?: true,\n        ?   updated_by?: true,\n        ?   thumbnail_media_id?: true,\n        ?   document_media_id?: true,\n        ?   seo_image_media_id?: true,\n        ?   updated_by_user?: true,\n        ?   seo_image?: true,\n        ?   images?: true,\n        ?   revisions?: true,\n        ?   _count?: true\n          },\n          orderBy: {\n            created_at: \"desc\"\n          },\n          skip: 0,\n          take: 10\n        })\n\nUnknown field `author_name` for select statement on model `News`. Available options are marked with ?.","timestamp":"2026-08-12T01:01:39.3939+05:30"}
{"level":"error","message":"Prisma Error \nInvalid `prisma.news.findMany()` invocation in\n/home/astro/Documents/code/smeh_new_desing/backend/src/services/newsService.js:243:17\n\n  240 }\n  241 \n  242 const [items, total] = await Promise.all([\n→ 243   prisma.news.findMany({\n          where: {\n            deleted_at: null,\n            status: \"published\",\n            category: {\n              OR: [\n                {\n                  slug: \"Announcement\"\n                },\n                {\n                  name: {\n                    equals: \"Announcement\"\n                  }\n                }\n              ]\n            }\n          },\n          select: {\n            id: true,\n            title: true,\n            slug: true,\n            excerpt: true,\n            content: true,\n            youtube_url: true,\n            status: true,\n            visibility: true,\n            is_featured: true,\n            is_pinned: true,\n            featured_order: true,\n            allow_comments: true,\n            language: true,\n            publish_version: true,\n            views_count: true,\n            likes_count: true,\n            shares_count: true,\n            reading_time: true,\n            seo_title: true,\n            seo_description: true,\n            meta_keywords: true,\n            canonical_url: true,\n            scheduled_publish_at: true,\n            published_at: true,\n            title_font: true,\n            excerpt_font: true,\n            content_font: true,\n            created_at: true,\n            updated_at: true,\n            deleted_at: true,\n            category: {\n              select: {\n                id: true,\n                name: true,\n                slug: true\n              }\n            },\n            author: {\n              select: {\n                id: true,\n                email: true,\n                role: {\n                  select: {\n                    name: true\n                  }\n                }\n              }\n            },\n            author_name: true,\n            ~~~~~~~~~~~\n            thumbnail: {\n              select: {\n                id: true,\n                file_path: true,\n                path_webp: true,\n                path_avif: true,\n                path_thumb: true\n              }\n            },\n            document: {\n              select: {\n                id: true,\n                file_path: true,\n                original_name: true,\n                mime_type: true\n              }\n            },\n            tags: {\n              include: {\n                tag: {\n                  select: {\n                    id: true,\n                    name: true,\n                    slug: true\n                  }\n                }\n              }\n            },\n        ?   category_id?: true,\n        ?   created_by?: true,\n        ?   updated_by?: true,\n        ?   thumbnail_media_id?: true,\n        ?   document_media_id?: true,\n        ?   seo_image_media_id?: true,\n        ?   updated_by_user?: true,\n        ?   seo_image?: true,\n        ?   images?: true,\n        ?   revisions?: true,\n        ?   _count?: true\n          },\n          orderBy: {\n            created_at: \"desc\"\n          },\n          skip: 0,\n          take: 10\n        })\n\nUnknown field `author_name` for select statement on model `News`. Available options are marked with ?.","timestamp":"2026-08-12T01:01:39.3939+05:30"}
{"level":"error","message":"Prisma Error \nInvalid `prisma.news.findMany()` invocation in\n/home/astro/Documents/code/smeh_new_desing/backend/src/services/newsService.js:243:17\n\n  240 }\n  241 \n  242 const [items, total] = await Promise.all([\n→ 243   prisma.news.findMany({\n          where: {\n            deleted_at: null,\n            status: \"published\",\n            category: {\n              OR: [\n                {\n                  slug: \"Achievements\"\n                },\n                {\n                  name: {\n                    equals: \"Achievements\"\n                  }\n                }\n              ]\n            }\n          },\n          select: {\n            id: true,\n            title: true,\n            slug: true,\n            excerpt: true,\n            content: true,\n            youtube_url: true,\n            status: true,\n            visibility: true,\n            is_featured: true,\n            is_pinned: true,\n            featured_order: true,\n            allow_comments: true,\n            language: true,\n            publish_version: true,\n            views_count: true,\n            likes_count: true,\n            shares_count: true,\n            reading_time: true,\n            seo_title: true,\n            seo_description: true,\n            meta_keywords: true,\n            canonical_url: true,\n            scheduled_publish_at: true,\n            published_at: true,\n            title_font: true,\n            excerpt_font: true,\n            content_font: true,\n            created_at: true,\n            updated_at: true,\n            deleted_at: true,\n            category: {\n              select: {\n                id: true,\n                name: true,\n                slug: true\n              }\n            },\n            author: {\n              select: {\n                id: true,\n                email: true,\n                role: {\n                  select: {\n                    name: true\n                  }\n                }\n              }\n            },\n            author_name: true,\n            ~~~~~~~~~~~\n            thumbnail: {\n              select: {\n                id: true,\n                file_path: true,\n                path_webp: true,\n                path_avif: true,\n                path_thumb: true\n              }\n            },\n            document: {\n              select: {\n                id: true,\n                file_path: true,\n                original_name: true,\n                mime_type: true\n              }\n            },\n            tags: {\n              include: {\n                tag: {\n                  select: {\n                    id: true,\n                    name: true,\n                    slug: true\n                  }\n                }\n              }\n            },\n        ?   category_id?: true,\n        ?   created_by?: true,\n        ?   updated_by?: true,\n        ?   thumbnail_media_id?: true,\n        ?   document_media_id?: true,\n        ?   seo_image_media_id?: true,\n        ?   updated_by_user?: true,\n        ?   seo_image?: true,\n        ?   images?: true,\n        ?   revisions?: true,\n        ?   _count?: true\n          },\n          orderBy: {\n            created_at: \"desc\"\n          },\n          skip: 0,\n          take: 10\n        })\n\nUnknown field `author_name` for select statement on model `News`. Available options are marked with ?.","timestamp":"2026-08-12T01:01:39.3939+05:30"}
{"level":"error","message":"Prisma Error \nInvalid `prisma.news.findMany()` invocation in\n/home/astro/Documents/code/smeh_new_desing/backend/src/services/newsService.js:243:17\n\n  240 }\n  241 \n  242 const [items, total] = await Promise.all([\n→ 243   prisma.news.findMany({\n          where: {\n            deleted_at: null,\n            status: \"published\",\n            category: {\n              OR: [\n                {\n                  slug: \"Students Voices\"\n                },\n                {\n                  name: {\n                    equals: \"Students Voices\"\n                  }\n                }\n              ]\n            }\n          },\n          select: {\n            id: true,\n            title: true,\n            slug: true,\n            excerpt: true,\n            content: true,\n            youtube_url: true,\n            status: true,\n            visibility: true,\n            is_featured: true,\n            is_pinned: true,\n            featured_order: true,\n            allow_comments: true,\n            language: true,\n            publish_version: true,\n            views_count: true,\n            likes_count: true,\n            shares_count: true,\n            reading_time: true,\n            seo_title: true,\n            seo_description: true,\n            meta_keywords: true,\n            canonical_url: true,\n            scheduled_publish_at: true,\n            published_at: true,\n            title_font: true,\n            excerpt_font: true,\n            content_font: true,\n            created_at: true,\n            updated_at: true,\n            deleted_at: true,\n            category: {\n              select: {\n                id: true,\n                name: true,\n                slug: true\n              }\n            },\n            author: {\n              select: {\n                id: true,\n                email: true,\n                role: {\n                  select: {\n                    name: true\n                  }\n                }\n              }\n            },\n            author_name: true,\n            ~~~~~~~~~~~\n            thumbnail: {\n              select: {\n                id: true,\n                file_path: true,\n                path_webp: true,\n                path_avif: true,\n                path_thumb: true\n              }\n            },\n            document: {\n              select: {\n                id: true,\n                file_path: true,\n                original_name: true,\n                mime_type: true\n              }\n            },\n            tags: {\n              include: {\n                tag: {\n                  select: {\n                    id: true,\n                    name: true,\n                    slug: true\n                  }\n                }\n              }\n            },\n        ?   category_id?: true,\n        ?   created_by?: true,\n        ?   updated_by?: true,\n        ?   thumbnail_media_id?: true,\n        ?   document_media_id?: true,\n        ?   seo_image_media_id?: true,\n        ?   updated_by_user?: true,\n        ?   seo_image?: true,\n        ?   images?: true,\n        ?   revisions?: true,\n        ?   _count?: true\n          },\n          orderBy: {\n            created_at: \"desc\"\n          },\n          skip: 0,\n          take: 10\n        })\n\nUnknown field `author_name` for select statement on model `News`. Available options are marked with ?.","timestamp":"2026-08-12T01:01:39.3939+05:30"}
{"level":"error","message":"Redis error","timestamp":"2026-08-12T01:01:40.4040+05:30"}
{"level":"error","message":"Redis error","timestamp":"2026-08-12T01:01:42.4242+05:30"}
{"level":"error","message":"Redis error","timestamp":"2026-08-12T01:01:44.4444+05:30"}
{"level":"error","message":"Redis error","timestamp":"2026-08-12T01:01:46.4646+05:30"}
{"level":"error","message":"Redis error","timestamp":"2026-08-12T01:01:48.4848+05:30"}
{"level":"error","message":"Redis error","timestamp":"2026-08-12T01:01:50.5050+05:30"}
{"level":"error","message":"Redis error","timestamp":"2026-08-12T01:01:52.5252+05:30"}
{"level":"error","message":"Redis error","timestamp":"2026-08-12T01:01:54.5454+05:30"}
{"level":"error","message":"Redis error","timestamp":"2026-08-12T01:01:56.5656+05:30"}
{"level":"error","message":"Redis error","timestamp":"2026-08-12T01:01:58.5858+05:30"}
{"level":"error","message":"Redis error","timestamp":"2026-08-12T01:02:00.000+05:30"}
{"level":"error","message":"Redis error","timestamp":"2026-08-12T01:02:02.022+05:30"}
{"level":"error","message":"Redis error","timestamp":"2026-08-12T01:02:04.044+05:30"}
{"level":"error","message":"Redis error","timestamp":"2026-08-12T01:02:06.066+05:30"}
{"level":"error","message":"Redis error","timestamp":"2026-08-12T01:02:08.088+05:30"}
{"level":"error","message":"Redis error","timestamp":"2026-08-12T01:02:10.1010+05:30"}
{"level":"error","message":"Redis error","timestamp":"2026-08-12T01:02:12.1212+05:30"}
{"level":"error","message":"Redis error","timestamp":"2026-08-12T01:02:14.1414+05:30"}
{"level":"error","message":"Redis error","timestamp":"2026-08-12T01:02:16.1616+05:30"}
{"level":"error","message":"Redis error","timestamp":"2026-08-12T01:02:18.1818+05:30"}
{"level":"error","message":"Redis error","timestamp":"2026-08-12T01:02:20.2020+05:30"}
{"level":"error","message":"Redis error","timestamp":"2026-08-12T01:02:22.2222+05:30"}
{"level":"error","message":"Redis error","timestamp":"2026-08-12T01:02:24.2424+05:30"}
{"level":"error","message":"Redis error","timestamp":"2026-08-12T01:02:26.2626+05:30"}
{"level":"error","message":"Redis error","timestamp":"2026-08-12T01:02:28.2828+05:30"}
{"level":"error","message":"Redis error","timestamp":"2026-08-12T01:02:30.3030+05:30"}
{"level":"error","message":"Prisma Error \nInvalid `prisma.news.findMany()` invocation in\n/home/astro/Documents/code/smeh_new_desing/backend/src/services/newsService.js:243:17\n\n  240 }\n  241 \n  242 const [items, total] = await Promise.all([\n→ 243   prisma.news.findMany({\n          where: {\n            deleted_at: null,\n            status: \"published\"\n          },\n          select: {\n            id: true,\n            title: true,\n            slug: true,\n            excerpt: true,\n            content: true,\n            youtube_url: true,\n            status: true,\n            visibility: true,\n            is_featured: true,\n            is_pinned: true,\n            featured_order: true,\n            allow_comments: true,\n            language: true,\n            publish_version: true,\n            views_count: true,\n            likes_count: true,\n            shares_count: true,\n            reading_time: true,\n            seo_title: true,\n            seo_description: true,\n            meta_keywords: true,\n            canonical_url: true,\n            scheduled_publish_at: true,\n            published_at: true,\n            title_font: true,\n            excerpt_font: true,\n            content_font: true,\n            created_at: true,\n            updated_at: true,\n            deleted_at: true,\n            category: {\n              select: {\n                id: true,\n                name: true,\n                slug: true\n              }\n            },\n            author: {\n              select: {\n                id: true,\n                email: true,\n                role: {\n                  select: {\n                    name: true\n                  }\n                }\n              }\n            },\n            author_name: true,\n            ~~~~~~~~~~~\n            thumbnail: {\n              select: {\n                id: true,\n                file_path: true,\n                path_webp: true,\n                path_avif: true,\n                path_thumb: true\n              }\n            },\n            document: {\n              select: {\n                id: true,\n                file_path: true,\n                original_name: true,\n                mime_type: true\n              }\n            },\n            tags: {\n              include: {\n                tag: {\n                  select: {\n                    id: true,\n                    name: true,\n                    slug: true\n                  }\n                }\n              }\n            },\n        ?   category_id?: true,\n        ?   created_by?: true,\n        ?   updated_by?: true,\n        ?   thumbnail_media_id?: true,\n        ?   document_media_id?: true,\n        ?   seo_image_media_id?: true,\n        ?   updated_by_user?: true,\n        ?   seo_image?: true,\n        ?   images?: true,\n        ?   revisions?: true,\n        ?   _count?: true\n          },\n          orderBy: {\n            created_at: \"desc\"\n          },\n          skip: 0,\n          take: 10\n        })\n\nUnknown field `author_name` for select statement on model `News`. Available options are marked with ?.","timestamp":"2026-08-12T01:02:32.3232+05:30"}
{"level":"error","message":"Prisma Error \nInvalid `prisma.news.findMany()` invocation in\n/home/astro/Documents/code/smeh_new_desing/backend/src/services/newsService.js:243:17\n\n  240 }\n  241 \n  242 const [items, total] = await Promise.all([\n→ 243   prisma.news.findMany({\n          where: {\n            deleted_at: null,\n            status: \"published\",\n            category: {\n              OR: [\n                {\n                  slug: \"Campus Buzz\"\n                },\n                {\n                  name: {\n                    equals: \"Campus Buzz\"\n                  }\n                }\n              ]\n            }\n          },\n          select: {\n            id: true,\n            title: true,\n            slug: true,\n            excerpt: true,\n            content: true,\n            youtube_url: true,\n            status: true,\n            visibility: true,\n            is_featured: true,\n            is_pinned: true,\n            featured_order: true,\n            allow_comments: true,\n            language: true,\n            publish_version: true,\n            views_count: true,\n            likes_count: true,\n            shares_count: true,\n            reading_time: true,\n            seo_title: true,\n            seo_description: true,\n            meta_keywords: true,\n            canonical_url: true,\n            scheduled_publish_at: true,\n            published_at: true,\n            title_font: true,\n            excerpt_font: true,\n            content_font: true,\n            created_at: true,\n            updated_at: true,\n            deleted_at: true,\n            category: {\n              select: {\n                id: true,\n                name: true,\n                slug: true\n              }\n            },\n            author: {\n              select: {\n                id: true,\n                email: true,\n                role: {\n                  select: {\n                    name: true\n                  }\n                }\n              }\n            },\n            author_name: true,\n            ~~~~~~~~~~~\n            thumbnail: {\n              select: {\n                id: true,\n                file_path: true,\n                path_webp: true,\n                path_avif: true,\n                path_thumb: true\n              }\n            },\n            document: {\n              select: {\n                id: true,\n                file_path: true,\n                original_name: true,\n                mime_type: true\n              }\n            },\n            tags: {\n              include: {\n                tag: {\n                  select: {\n                    id: true,\n                    name: true,\n                    slug: true\n                  }\n                }\n              }\n            },\n        ?   category_id?: true,\n        ?   created_by?: true,\n        ?   updated_by?: true,\n        ?   thumbnail_media_id?: true,\n        ?   document_media_id?: true,\n        ?   seo_image_media_id?: true,\n        ?   updated_by_user?: true,\n        ?   seo_image?: true,\n        ?   images?: true,\n        ?   revisions?: true,\n        ?   _count?: true\n          },\n          orderBy: {\n            created_at: \"desc\"\n          },\n          skip: 0,\n          take: 10\n        })\n\nUnknown field `author_name` for select statement on model `News`. Available options are marked with ?.","timestamp":"2026-08-12T01:02:32.3232+05:30"}
{"level":"error","message":"Prisma Error \nInvalid `prisma.news.findMany()` invocation in\n/home/astro/Documents/code/smeh_new_desing/backend/src/services/newsService.js:243:17\n\n  240 }\n  241 \n  242 const [items, total] = await Promise.all([\n→ 243   prisma.news.findMany({\n          where: {\n            deleted_at: null,\n            status: \"published\",\n            category: {\n              OR: [\n                {\n                  slug: \"Beyond Campus\"\n                },\n                {\n                  name: {\n                    equals: \"Beyond Campus\"\n                  }\n                }\n              ]\n            }\n          },\n          select: {\n            id: true,\n            title: true,\n            slug: true,\n            excerpt: true,\n            content: true,\n            youtube_url: true,\n            status: true,\n            visibility: true,\n            is_featured: true,\n            is_pinned: true,\n            featured_order: true,\n            allow_comments: true,\n            language: true,\n            publish_version: true,\n            views_count: true,\n            likes_count: true,\n            shares_count: true,\n            reading_time: true,\n            seo_title: true,\n            seo_description: true,\n            meta_keywords: true,\n            canonical_url: true,\n            scheduled_publish_at: true,\n            published_at: true,\n            title_font: true,\n            excerpt_font: true,\n            content_font: true,\n            created_at: true,\n            updated_at: true,\n            deleted_at: true,\n            category: {\n              select: {\n                id: true,\n                name: true,\n                slug: true\n              }\n            },\n            author: {\n              select: {\n                id: true,\n                email: true,\n                role: {\n                  select: {\n                    name: true\n                  }\n                }\n              }\n            },\n            author_name: true,\n            ~~~~~~~~~~~\n            thumbnail: {\n              select: {\n                id: true,\n                file_path: true,\n                path_webp: true,\n                path_avif: true,\n                path_thumb: true\n              }\n            },\n            document: {\n              select: {\n                id: true,\n                file_path: true,\n                original_name: true,\n                mime_type: true\n              }\n            },\n            tags: {\n              include: {\n                tag: {\n                  select: {\n                    id: true,\n                    name: true,\n                    slug: true\n                  }\n                }\n              }\n            },\n        ?   category_id?: true,\n        ?   created_by?: true,\n        ?   updated_by?: true,\n        ?   thumbnail_media_id?: true,\n        ?   document_media_id?: true,\n        ?   seo_image_media_id?: true,\n        ?   updated_by_user?: true,\n        ?   seo_image?: true,\n        ?   images?: true,\n        ?   revisions?: true,\n        ?   _count?: true\n          },\n          orderBy: {\n            created_at: \"desc\"\n          },\n          skip: 0,\n          take: 10\n        })\n\nUnknown field `author_name` for select statement on model `News`. Available options are marked with ?.","timestamp":"2026-08-12T01:02:32.3232+05:30"}
{"level":"error","message":"Prisma Error \nInvalid `prisma.news.findMany()` invocation in\n/home/astro/Documents/code/smeh_new_desing/backend/src/services/newsService.js:243:17\n\n  240 }\n  241 \n  242 const [items, total] = await Promise.all([\n→ 243   prisma.news.findMany({\n          where: {\n            deleted_at: null,\n            status: \"published\",\n            category: {\n              OR: [\n                {\n                  slug: \"Social Buzz\"\n                },\n                {\n                  name: {\n                    equals: \"Social Buzz\"\n                  }\n                }\n              ]\n            }\n          },\n          select: {\n            id: true,\n            title: true,\n            slug: true,\n            excerpt: true,\n            content: true,\n            youtube_url: true,\n            status: true,\n            visibility: true,\n            is_featured: true,\n            is_pinned: true,\n            featured_order: true,\n            allow_comments: true,\n            language: true,\n            publish_version: true,\n            views_count: true,\n            likes_count: true,\n            shares_count: true,\n            reading_time: true,\n            seo_title: true,\n            seo_description: true,\n            meta_keywords: true,\n            canonical_url: true,\n            scheduled_publish_at: true,\n            published_at: true,\n            title_font: true,\n            excerpt_font: true,\n            content_font: true,\n            created_at: true,\n            updated_at: true,\n            deleted_at: true,\n            category: {\n              select: {\n                id: true,\n                name: true,\n                slug: true\n              }\n            },\n            author: {\n              select: {\n                id: true,\n                email: true,\n                role: {\n                  select: {\n                    name: true\n                  }\n                }\n              }\n            },\n            author_name: true,\n            ~~~~~~~~~~~\n            thumbnail: {\n              select: {\n                id: true,\n                file_path: true,\n                path_webp: true,\n                path_avif: true,\n                path_thumb: true\n              }\n            },\n            document: {\n              select: {\n                id: true,\n                file_path: true,\n                original_name: true,\n                mime_type: true\n              }\n            },\n            tags: {\n              include: {\n                tag: {\n                  select: {\n                    id: true,\n                    name: true,\n                    slug: true\n                  }\n                }\n              }\n            },\n        ?   category_id?: true,\n        ?   created_by?: true,\n        ?   updated_by?: true,\n        ?   thumbnail_media_id?: true,\n        ?   document_media_id?: true,\n        ?   seo_image_media_id?: true,\n        ?   updated_by_user?: true,\n        ?   seo_image?: true,\n        ?   images?: true,\n        ?   revisions?: true,\n        ?   _count?: true\n          },\n          orderBy: {\n            created_at: \"desc\"\n          },\n          skip: 0,\n          take: 10\n        })\n\nUnknown field `author_name` for select statement on model `News`. Available options are marked with ?.","timestamp":"2026-08-12T01:02:32.3232+05:30"}
{"level":"error","message":"Prisma Error \nInvalid `prisma.news.findMany()` invocation in\n/home/astro/Documents/code/smeh_new_desing/backend/src/services/newsService.js:243:17\n\n  240 }\n  241 \n  242 const [items, total] = await Promise.all([\n→ 243   prisma.news.findMany({\n          where: {\n            deleted_at: null,\n            status: \"published\",\n            category: {\n              OR: [\n                {\n                  slug: \"Podcast\"\n                },\n                {\n                  name: {\n                    equals: \"Podcast\"\n                  }\n                }\n              ]\n            }\n          },\n          select: {\n            id: true,\n            title: true,\n            slug: true,\n            excerpt: true,\n            content: true,\n            youtube_url: true,\n            status: true,\n            visibility: true,\n            is_featured: true,\n            is_pinned: true,\n            featured_order: true,\n            allow_comments: true,\n            language: true,\n            publish_version: true,\n            views_count: true,\n            likes_count: true,\n            shares_count: true,\n            reading_time: true,\n            seo_title: true,\n            seo_description: true,\n            meta_keywords: true,\n            canonical_url: true,\n            scheduled_publish_at: true,\n            published_at: true,\n            title_font: true,\n            excerpt_font: true,\n            content_font: true,\n            created_at: true,\n            updated_at: true,\n            deleted_at: true,\n            category: {\n              select: {\n                id: true,\n                name: true,\n                slug: true\n              }\n            },\n            author: {\n              select: {\n                id: true,\n                email: true,\n                role: {\n                  select: {\n                    name: true\n                  }\n                }\n              }\n            },\n            author_name: true,\n            ~~~~~~~~~~~\n            thumbnail: {\n              select: {\n                id: true,\n                file_path: true,\n                path_webp: true,\n                path_avif: true,\n                path_thumb: true\n              }\n            },\n            document: {\n              select: {\n                id: true,\n                file_path: true,\n                original_name: true,\n                mime_type: true\n              }\n            },\n            tags: {\n              include: {\n                tag: {\n                  select: {\n                    id: true,\n                    name: true,\n                    slug: true\n                  }\n                }\n              }\n            },\n        ?   category_id?: true,\n        ?   created_by?: true,\n        ?   updated_by?: true,\n        ?   thumbnail_media_id?: true,\n        ?   document_media_id?: true,\n        ?   seo_image_media_id?: true,\n        ?   updated_by_user?: true,\n        ?   seo_image?: true,\n        ?   images?: true,\n        ?   revisions?: true,\n        ?   _count?: true\n          },\n          orderBy: {\n            created_at: \"desc\"\n          },\n          skip: 0,\n          take: 10\n        })\n\nUnknown field `author_name` for select statement on model `News`. Available options are marked with ?.","timestamp":"2026-08-12T01:02:32.3232+05:30"}
{"level":"error","message":"Prisma Error \nInvalid `prisma.news.findMany()` invocation in\n/home/astro/Documents/code/smeh_new_desing/backend/src/services/newsService.js:243:17\n\n  240 }\n  241 \n  242 const [items, total] = await Promise.all([\n→ 243   prisma.news.findMany({\n          where: {\n            deleted_at: null,\n            status: \"published\",\n            category: {\n              OR: [\n                {\n                  slug: \"Manav Rachna TV\"\n                },\n                {\n                  name: {\n                    equals: \"Manav Rachna TV\"\n                  }\n                }\n              ]\n            }\n          },\n          select: {\n            id: true,\n            title: true,\n            slug: true,\n            excerpt: true,\n            content: true,\n            youtube_url: true,\n            status: true,\n            visibility: true,\n            is_featured: true,\n            is_pinned: true,\n            featured_order: true,\n            allow_comments: true,\n            language: true,\n            publish_version: true,\n            views_count: true,\n            likes_count: true,\n            shares_count: true,\n            reading_time: true,\n            seo_title: true,\n            seo_description: true,\n            meta_keywords: true,\n            canonical_url: true,\n            scheduled_publish_at: true,\n            published_at: true,\n            title_font: true,\n            excerpt_font: true,\n            content_font: true,\n            created_at: true,\n            updated_at: true,\n            deleted_at: true,\n            category: {\n              select: {\n                id: true,\n                name: true,\n                slug: true\n              }\n            },\n            author: {\n              select: {\n                id: true,\n                email: true,\n                role: {\n                  select: {\n                    name: true\n                  }\n                }\n              }\n            },\n            author_name: true,\n            ~~~~~~~~~~~\n            thumbnail: {\n              select: {\n                id: true,\n                file_path: true,\n                path_webp: true,\n                path_avif: true,\n                path_thumb: true\n              }\n            },\n            document: {\n              select: {\n                id: true,\n                file_path: true,\n                original_name: true,\n                mime_type: true\n              }\n            },\n            tags: {\n              include: {\n                tag: {\n                  select: {\n                    id: true,\n                    name: true,\n                    slug: true\n                  }\n                }\n              }\n            },\n        ?   category_id?: true,\n        ?   created_by?: true,\n        ?   updated_by?: true,\n        ?   thumbnail_media_id?: true,\n        ?   document_media_id?: true,\n        ?   seo_image_media_id?: true,\n        ?   updated_by_user?: true,\n        ?   seo_image?: true,\n        ?   images?: true,\n        ?   revisions?: true,\n        ?   _count?: true\n          },\n          orderBy: {\n            created_at: \"desc\"\n          },\n          skip: 0,\n          take: 10\n        })\n\nUnknown field `author_name` for select statement on model `News`. Available options are marked with ?.","timestamp":"2026-08-12T01:02:32.3232+05:30"}
{"level":"error","message":"Prisma Error \nInvalid `prisma.news.findMany()` invocation in\n/home/astro/Documents/code/smeh_new_desing/backend/src/services/newsService.js:243:17\n\n  240 }\n  241 \n  242 const [items, total] = await Promise.all([\n→ 243   prisma.news.findMany({\n          where: {\n            deleted_at: null,\n            status: \"published\",\n            category: {\n              OR: [\n                {\n                  slug: \"Gallery\"\n                },\n                {\n                  name: {\n                    equals: \"Gallery\"\n                  }\n                }\n              ]\n            }\n          },\n          select: {\n            id: true,\n            title: true,\n            slug: true,\n            excerpt: true,\n            content: true,\n            youtube_url: true,\n            status: true,\n            visibility: true,\n            is_featured: true,\n            is_pinned: true,\n            featured_order: true,\n            allow_comments: true,\n            language: true,\n            publish_version: true,\n            views_count: true,\n            likes_count: true,\n            shares_count: true,\n            reading_time: true,\n            seo_title: true,\n            seo_description: true,\n            meta_keywords: true,\n            canonical_url: true,\n            scheduled_publish_at: true,\n            published_at: true,\n            title_font: true,\n            excerpt_font: true,\n            content_font: true,\n            created_at: true,\n            updated_at: true,\n            deleted_at: true,\n            category: {\n              select: {\n                id: true,\n                name: true,\n                slug: true\n              }\n            },\n            author: {\n              select: {\n                id: true,\n                email: true,\n                role: {\n                  select: {\n                    name: true\n                  }\n                }\n              }\n            },\n            author_name: true,\n            ~~~~~~~~~~~\n            thumbnail: {\n              select: {\n                id: true,\n                file_path: true,\n                path_webp: true,\n                path_avif: true,\n                path_thumb: true\n              }\n            },\n            document: {\n              select: {\n                id: true,\n                file_path: true,\n                original_name: true,\n                mime_type: true\n              }\n            },\n            tags: {\n              include: {\n                tag: {\n                  select: {\n                    id: true,\n                    name: true,\n                    slug: true\n                  }\n                }\n              }\n            },\n        ?   category_id?: true,\n        ?   created_by?: true,\n        ?   updated_by?: true,\n        ?   thumbnail_media_id?: true,\n        ?   document_media_id?: true,\n        ?   seo_image_media_id?: true,\n        ?   updated_by_user?: true,\n        ?   seo_image?: true,\n        ?   images?: true,\n        ?   revisions?: true,\n        ?   _count?: true\n          },\n          orderBy: {\n            created_at: \"desc\"\n          },\n          skip: 0,\n          take: 10\n        })\n\nUnknown field `author_name` for select statement on model `News`. Available options are marked with ?.","timestamp":"2026-08-12T01:02:32.3232+05:30"}
{"level":"error","message":"Prisma Error \nInvalid `prisma.news.findMany()` invocation in\n/home/astro/Documents/code/smeh_new_desing/backend/src/services/newsService.js:243:17\n\n  240 }\n  241 \n  242 const [items, total] = await Promise.all([\n→ 243   prisma.news.findMany({\n          where: {\n            deleted_at: null,\n            status: \"published\",\n            category: {\n              OR: [\n                {\n                  slug: \"Blog\"\n                },\n                {\n                  name: {\n                    equals: \"Blog\"\n                  }\n                }\n              ]\n            }\n          },\n          select: {\n            id: true,\n            title: true,\n            slug: true,\n            excerpt: true,\n            content: true,\n            youtube_url: true,\n            status: true,\n            visibility: true,\n            is_featured: true,\n            is_pinned: true,\n            featured_order: true,\n            allow_comments: true,\n            language: true,\n            publish_version: true,\n            views_count: true,\n            likes_count: true,\n            shares_count: true,\n            reading_time: true,\n            seo_title: true,\n            seo_description: true,\n            meta_keywords: true,\n            canonical_url: true,\n            scheduled_publish_at: true,\n            published_at: true,\n            title_font: true,\n            excerpt_font: true,\n            content_font: true,\n            created_at: true,\n            updated_at: true,\n            deleted_at: true,\n            category: {\n              select: {\n                id: true,\n                name: true,\n                slug: true\n              }\n            },\n            author: {\n              select: {\n                id: true,\n                email: true,\n                role: {\n                  select: {\n                    name: true\n                  }\n                }\n              }\n            },\n            author_name: true,\n            ~~~~~~~~~~~\n            thumbnail: {\n              select: {\n                id: true,\n                file_path: true,\n                path_webp: true,\n                path_avif: true,\n                path_thumb: true\n              }\n            },\n            document: {\n              select: {\n                id: true,\n                file_path: true,\n                original_name: true,\n                mime_type: true\n              }\n            },\n            tags: {\n              include: {\n                tag: {\n                  select: {\n                    id: true,\n                    name: true,\n                    slug: true\n                  }\n                }\n              }\n            },\n        ?   category_id?: true,\n        ?   created_by?: true,\n        ?   updated_by?: true,\n        ?   thumbnail_media_id?: true,\n        ?   document_media_id?: true,\n        ?   seo_image_media_id?: true,\n        ?   updated_by_user?: true,\n        ?   seo_image?: true,\n        ?   images?: true,\n        ?   revisions?: true,\n        ?   _count?: true\n          },\n          orderBy: {\n            created_at: \"desc\"\n          },\n          skip: 0,\n          take: 10\n        })\n\nUnknown field `author_name` for select statement on model `News`. Available options are marked with ?.","timestamp":"2026-08-12T01:02:32.3232+05:30"}
{"level":"error","message":"Prisma Error \nInvalid `prisma.news.findMany()` invocation in\n/home/astro/Documents/code/smeh_new_desing/backend/src/services/newsService.js:243:17\n\n  240 }\n  241 \n  242 const [items, total] = await Promise.all([\n→ 243   prisma.news.findMany({\n          where: {\n            deleted_at: null,\n            status: \"published\",\n            category: {\n              OR: [\n                {\n                  slug: \"Announcement\"\n                },\n                {\n                  name: {\n                    equals: \"Announcement\"\n                  }\n                }\n              ]\n            }\n          },\n          select: {\n            id: true,\n            title: true,\n            slug: true,\n            excerpt: true,\n            content: true,\n            youtube_url: true,\n            status: true,\n            visibility: true,\n            is_featured: true,\n            is_pinned: true,\n            featured_order: true,\n            allow_comments: true,\n            language: true,\n            publish_version: true,\n            views_count: true,\n            likes_count: true,\n            shares_count: true,\n            reading_time: true,\n            seo_title: true,\n            seo_description: true,\n            meta_keywords: true,\n            canonical_url: true,\n            scheduled_publish_at: true,\n            published_at: true,\n            title_font: true,\n            excerpt_font: true,\n            content_font: true,\n            created_at: true,\n            updated_at: true,\n            deleted_at: true,\n            category: {\n              select: {\n                id: true,\n                name: true,\n                slug: true\n              }\n            },\n            author: {\n              select: {\n                id: true,\n                email: true,\n                role: {\n                  select: {\n                    name: true\n                  }\n                }\n              }\n            },\n            author_name: true,\n            ~~~~~~~~~~~\n            thumbnail: {\n              select: {\n                id: true,\n                file_path: true,\n                path_webp: true,\n                path_avif: true,\n                path_thumb: true\n              }\n            },\n            document: {\n              select: {\n                id: true,\n                file_path: true,\n                original_name: true,\n                mime_type: true\n              }\n            },\n            tags: {\n              include: {\n                tag: {\n                  select: {\n                    id: true,\n                    name: true,\n                    slug: true\n                  }\n                }\n              }\n            },\n        ?   category_id?: true,\n        ?   created_by?: true,\n        ?   updated_by?: true,\n        ?   thumbnail_media_id?: true,\n        ?   document_media_id?: true,\n        ?   seo_image_media_id?: true,\n        ?   updated_by_user?: true,\n        ?   seo_image?: true,\n        ?   images?: true,\n        ?   revisions?: true,\n        ?   _count?: true\n          },\n          orderBy: {\n            created_at: \"desc\"\n          },\n          skip: 0,\n          take: 10\n        })\n\nUnknown field `author_name` for select statement on model `News`. Available options are marked with ?.","timestamp":"2026-08-12T01:02:32.3232+05:30"}
{"level":"error","message":"Prisma Error \nInvalid `prisma.news.findMany()` invocation in\n/home/astro/Documents/code/smeh_new_desing/backend/src/services/newsService.js:243:17\n\n  240 }\n  241 \n  242 const [items, total] = await Promise.all([\n→ 243   prisma.news.findMany({\n          where: {\n            deleted_at: null,\n            status: \"published\",\n            category: {\n              OR: [\n                {\n                  slug: \"Achievements\"\n                },\n                {\n                  name: {\n                    equals: \"Achievements\"\n                  }\n                }\n              ]\n            }\n          },\n          select: {\n            id: true,\n            title: true,\n            slug: true,\n            excerpt: true,\n            content: true,\n            youtube_url: true,\n            status: true,\n            visibility: true,\n            is_featured: true,\n            is_pinned: true,\n            featured_order: true,\n            allow_comments: true,\n            language: true,\n            publish_version: true,\n            views_count: true,\n            likes_count: true,\n            shares_count: true,\n            reading_time: true,\n            seo_title: true,\n            seo_description: true,\n            meta_keywords: true,\n            canonical_url: true,\n            scheduled_publish_at: true,\n            published_at: true,\n            title_font: true,\n            excerpt_font: true,\n            content_font: true,\n            created_at: true,\n            updated_at: true,\n            deleted_at: true,\n            category: {\n              select: {\n                id: true,\n                name: true,\n                slug: true\n              }\n            },\n            author: {\n              select: {\n                id: true,\n                email: true,\n                role: {\n                  select: {\n                    name: true\n                  }\n                }\n              }\n            },\n            author_name: true,\n            ~~~~~~~~~~~\n            thumbnail: {\n              select: {\n                id: true,\n                file_path: true,\n                path_webp: true,\n                path_avif: true,\n                path_thumb: true\n              }\n            },\n            document: {\n              select: {\n                id: true,\n                file_path: true,\n                original_name: true,\n                mime_type: true\n              }\n            },\n            tags: {\n              include: {\n                tag: {\n                  select: {\n                    id: true,\n                    name: true,\n                    slug: true\n                  }\n                }\n              }\n            },\n        ?   category_id?: true,\n        ?   created_by?: true,\n        ?   updated_by?: true,\n        ?   thumbnail_media_id?: true,\n        ?   document_media_id?: true,\n        ?   seo_image_media_id?: true,\n        ?   updated_by_user?: true,\n        ?   seo_image?: true,\n        ?   images?: true,\n        ?   revisions?: true,\n        ?   _count?: true\n          },\n          orderBy: {\n            created_at: \"desc\"\n          },\n          skip: 0,\n          take: 10\n        })\n\nUnknown field `author_name` for select statement on model `News`. Available options are marked with ?.","timestamp":"2026-08-12T01:02:32.3232+05:30"}
{"level":"error","message":"Prisma Error \nInvalid `prisma.news.findMany()` invocation in\n/home/astro/Documents/code/smeh_new_desing/backend/src/services/newsService.js:243:17\n\n  240 }\n  241 \n  242 const [items, total] = await Promise.all([\n→ 243   prisma.news.findMany({\n          where: {\n            deleted_at: null,\n            status: \"published\",\n            category: {\n              OR: [\n                {\n                  slug: \"Students Voices\"\n                },\n                {\n                  name: {\n                    equals: \"Students Voices\"\n                  }\n                }\n              ]\n            }\n          },\n          select: {\n            id: true,\n            title: true,\n            slug: true,\n            excerpt: true,\n            content: true,\n            youtube_url: true,\n            status: true,\n            visibility: true,\n            is_featured: true,\n            is_pinned: true,\n            featured_order: true,\n            allow_comments: true,\n            language: true,\n            publish_version: true,\n            views_count: true,\n            likes_count: true,\n            shares_count: true,\n            reading_time: true,\n            seo_title: true,\n            seo_description: true,\n            meta_keywords: true,\n            canonical_url: true,\n            scheduled_publish_at: true,\n            published_at: true,\n            title_font: true,\n            excerpt_font: true,\n            content_font: true,\n            created_at: true,\n            updated_at: true,\n            deleted_at: true,\n            category: {\n              select: {\n                id: true,\n                name: true,\n                slug: true\n              }\n            },\n            author: {\n              select: {\n                id: true,\n                email: true,\n                role: {\n                  select: {\n                    name: true\n                  }\n                }\n              }\n            },\n            author_name: true,\n            ~~~~~~~~~~~\n            thumbnail: {\n              select: {\n                id: true,\n                file_path: true,\n                path_webp: true,\n                path_avif: true,\n                path_thumb: true\n              }\n            },\n            document: {\n              select: {\n                id: true,\n                file_path: true,\n                original_name: true,\n                mime_type: true\n              }\n            },\n            tags: {\n              include: {\n                tag: {\n                  select: {\n                    id: true,\n                    name: true,\n                    slug: true\n                  }\n                }\n              }\n            },\n        ?   category_id?: true,\n        ?   created_by?: true,\n        ?   updated_by?: true,\n        ?   thumbnail_media_id?: true,\n        ?   document_media_id?: true,\n        ?   seo_image_media_id?: true,\n        ?   updated_by_user?: true,\n        ?   seo_image?: true,\n        ?   images?: true,\n        ?   revisions?: true,\n        ?   _count?: true\n          },\n          orderBy: {\n            created_at: \"desc\"\n          },\n          skip: 0,\n          take: 10\n        })\n\nUnknown field `author_name` for select statement on model `News`. Available options are marked with ?.","timestamp":"2026-08-12T01:02:32.3232+05:30"}
{"level":"error","message":"Redis error","timestamp":"2026-08-12T01:02:32.3232+05:30"}
{"level":"error","message":"Redis error","timestamp":"2026-08-12T01:02:34.3434+05:30"}
{"level":"error","message":"Redis error","timestamp":"2026-08-12T01:02:36.3636+05:30"}
{"level":"error","message":"Redis error","timestamp":"2026-08-12T01:02:38.3838+05:30"}
{"level":"error","message":"Redis error","timestamp":"2026-08-12T01:02:40.4040+05:30"}
{"level":"error","message":"Redis error","timestamp":"2026-08-12T01:02:42.4242+05:30"}
{"level":"error","message":"Redis error","timestamp":"2026-08-12T01:02:44.4444+05:30"}
{"level":"error","message":"Redis error","timestamp":"2026-08-12T01:02:46.4646+05:30"}
{"level":"error","message":"Redis error","timestamp":"2026-08-12T01:02:48.4848+05:30"}
{"level":"error","message":"Redis error","timestamp":"2026-08-12T01:02:50.5050+05:30"}
{"level":"error","message":"Redis error","timestamp":"2026-08-12T01:02:52.5252+05:30"}
{"level":"error","message":"Redis error","timestamp":"2026-08-12T01:02:54.5454+05:30"}
{"level":"error","message":"Redis error","timestamp":"2026-08-12T01:02:56.5656+05:30"}
{"level":"error","message":"Redis error","timestamp":"2026-08-12T01:02:58.5858+05:30"}
{"level":"error","message":"Redis error","timestamp":"2026-08-12T01:03:00.000+05:30"}
{"level":"error","message":"Redis error","timestamp":"2026-08-12T01:03:02.022+05:30"}
{"level":"error","message":"Redis error","timestamp":"2026-08-12T01:03:04.044+05:30"}
{"level":"error","message":"Redis error","timestamp":"2026-08-12T01:03:06.066+05:30"}
{"level":"error","message":"Redis error","timestamp":"2026-08-12T01:03:08.088+05:30"}
{"level":"error","message":"Redis error","timestamp":"2026-08-12T01:03:10.1010+05:30"}
{"level":"error","message":"Redis error","timestamp":"2026-08-12T01:03:12.1212+05:30"}
{"level":"error","message":"Redis error","timestamp":"2026-08-12T01:03:14.1414+05:30"}
{"level":"error","message":"Redis error","timestamp":"2026-08-12T01:03:16.1616+05:30"}
{"level":"error","message":"Redis error","timestamp":"2026-08-12T01:03:18.1818+05:30"}
{"level":"error","message":"Redis error","timestamp":"2026-08-12T01:04:04.044+05:30"}
{"level":"error","message":"Redis error","timestamp":"2026-08-12T01:04:04.044+05:30"}
{"level":"info","message":"SQLite connected via Prisma","timestamp":"2026-08-12T01:04:04.044+05:30"}
{"environment":"development","level":"info","message":"MRT API running","pid":47,"port":8081,"timestamp":"2026-08-12T01:04:04.044+05:30"}
{"level":"error","message":"Redis error","timestamp":"2026-08-12T01:04:04.044+05:30"}
{"level":"error","message":"Redis error","timestamp":"2026-08-12T01:04:04.044+05:30"}
{"level":"error","message":"Redis error","timestamp":"2026-08-12T01:04:04.044+05:30"}
{"level":"error","message":"Redis error","timestamp":"2026-08-12T01:04:05.055+05:30"}
{"level":"error","message":"Redis error","timestamp":"2026-08-12T01:04:05.055+05:30"}
{"level":"error","message":"Redis error","timestamp":"2026-08-12T01:04:05.055+05:30"}
{"level":"error","message":"Redis error","timestamp":"2026-08-12T01:04:06.066+05:30"}
{"level":"error","message":"Redis error","timestamp":"2026-08-12T01:04:06.066+05:30"}
{"level":"error","message":"Redis error","timestamp":"2026-08-12T01:04:07.077+05:30"}
{"level":"error","message":"Redis error","timestamp":"2026-08-12T01:04:07.077+05:30"}
{"level":"error","message":"Redis error","timestamp":"2026-08-12T01:04:08.088+05:30"}
{"level":"error","message":"Redis error","timestamp":"2026-08-12T01:04:09.099+05:30"}
{"level":"error","message":"Redis error","timestamp":"2026-08-12T01:04:09.099+05:30"}
{"level":"error","message":"Redis error","timestamp":"2026-08-12T01:04:10.1010+05:30"}
{"level":"error","message":"Redis error","timestamp":"2026-08-12T01:04:11.1111+05:30"}
{"level":"error","message":"Redis error","timestamp":"2026-08-12T01:04:12.1212+05:30"}
{"level":"error","message":"Redis error","timestamp":"2026-08-12T01:04:13.1313+05:30"}
{"level":"error","message":"Redis error","timestamp":"2026-08-12T01:04:14.1414+05:30"}
{"level":"error","message":"Redis error","timestamp":"2026-08-12T01:04:15.1515+05:30"}
{"level":"error","message":"Redis error","timestamp":"2026-08-12T01:04:16.1616+05:30"}
{"level":"error","message":"Redis error","timestamp":"2026-08-12T01:04:17.1717+05:30"}
{"level":"error","message":"Redis error","timestamp":"2026-08-12T01:04:18.1818+05:30"}
{"level":"error","message":"Redis error","timestamp":"2026-08-12T01:04:19.1919+05:30"}
{"level":"error","message":"Redis error","timestamp":"2026-08-12T01:04:20.2020+05:30"}
{"level":"error","message":"Redis error","timestamp":"2026-08-12T01:04:22.2222+05:30"}
{"level":"error","message":"Redis error","timestamp":"2026-08-12T01:04:23.2323+05:30"}
{"level":"error","message":"Redis error","timestamp":"2026-08-12T01:04:24.2424+05:30"}
{"level":"error","message":"Redis error","timestamp":"2026-08-12T01:04:26.2626+05:30"}
{"level":"error","message":"Redis error","timestamp":"2026-08-12T01:04:27.2727+05:30"}
{"level":"error","message":"Redis error","timestamp":"2026-08-12T01:04:29.2929+05:30"}
{"level":"error","message":"Redis error","timestamp":"2026-08-12T01:04:31.3131+05:30"}
{"level":"error","message":"Redis error","timestamp":"2026-08-12T01:04:32.3232+05:30"}
{"level":"error","message":"Redis error","timestamp":"2026-08-12T01:04:34.3434+05:30"}
{"level":"error","message":"Redis error","timestamp":"2026-08-12T01:04:36.3636+05:30"}
{"level":"error","message":"Redis error","timestamp":"2026-08-12T01:04:37.3737+05:30"}
{"level":"error","message":"Redis error","timestamp":"2026-08-12T01:04:39.3939+05:30"}
{"level":"error","message":"Redis error","timestamp":"2026-08-12T01:04:41.4141+05:30"}
{"level":"error","message":"Redis error","timestamp":"2026-08-12T01:04:43.4343+05:30"}
{"level":"error","message":"Redis error","timestamp":"2026-08-12T01:04:45.4545+05:30"}
{"level":"error","message":"Redis error","timestamp":"2026-08-12T01:04:47.4747+05:30"}
{"level":"error","message":"Redis error","timestamp":"2026-08-12T01:04:49.4949+05:30"}
{"level":"error","message":"Redis error","timestamp":"2026-08-12T01:04:51.5151+05:30"}
{"level":"error","message":"Redis error","timestamp":"2026-08-12T01:04:53.5353+05:30"}
{"level":"error","message":"Redis error","timestamp":"2026-08-12T01:04:55.5555+05:30"}
{"level":"error","message":"Redis error","timestamp":"2026-08-12T01:04:57.5757+05:30"}
{"level":"error","message":"Redis error","timestamp":"2026-08-12T01:04:59.5959+05:30"}
{"level":"error","message":"Redis error","timestamp":"2026-08-12T01:05:01.011+05:30"}
{"level":"error","message":"Redis error","timestamp":"2026-08-12T01:05:03.033+05:30"}
{"level":"error","message":"Redis error","timestamp":"2026-08-12T01:05:05.055+05:30"}
{"level":"error","message":"Redis error","timestamp":"2026-08-12T01:05:07.077+05:30"}
{"level":"error","message":"Redis error","timestamp":"2026-08-12T01:05:09.099+05:30"}
{"level":"error","message":"Redis error","timestamp":"2026-08-12T01:05:11.1111+05:30"}
{"level":"error","message":"Redis error","timestamp":"2026-08-12T01:05:13.1313+05:30"}
{"level":"error","message":"Redis error","timestamp":"2026-08-12T01:05:15.1515+05:30"}
{"level":"error","message":"Redis error","timestamp":"2026-08-12T01:05:17.1717+05:30"}
{"level":"error","message":"Redis error","timestamp":"2026-08-12T01:05:19.1919+05:30"}
{"level":"info","message":"Redis connected","timestamp":"2026-08-12T01:05:35.3535+05:30"}
{"level":"info","message":"SQLite connected via Prisma","timestamp":"2026-08-12T01:05:35.3535+05:30"}
{"environment":"development","level":"info","message":"MRT API running","pid":63118,"port":8081,"timestamp":"2026-08-12T01:05:35.3535+05:30"}
{"level":"error","message":"Redis error","timestamp":"2026-08-12T01:12:16.1616+05:30"}
{"level":"info","message":"SQLite connected via Prisma","timestamp":"2026-08-12T01:12:16.1616+05:30"}
{"environment":"development","level":"info","message":"MRT API running","pid":58,"port":8081,"timestamp":"2026-08-12T01:12:16.1616+05:30"}
{"level":"error","message":"Redis error","timestamp":"2026-08-12T01:12:16.1616+05:30"}
{"level":"error","message":"Redis error","timestamp":"2026-08-12T01:12:16.1616+05:30"}
{"level":"error","message":"Redis error","timestamp":"2026-08-12T01:12:16.1616+05:30"}
{"level":"error","message":"Redis error","timestamp":"2026-08-12T01:12:16.1616+05:30"}
{"level":"error","message":"Redis error","timestamp":"2026-08-12T01:12:16.1616+05:30"}
{"level":"error","message":"Redis error","timestamp":"2026-08-12T01:12:17.1717+05:30"}
{"level":"error","message":"Redis error","timestamp":"2026-08-12T01:12:17.1717+05:30"}
{"level":"error","message":"Redis error","timestamp":"2026-08-12T01:12:18.1818+05:30"}
{"level":"error","message":"Redis error","timestamp":"2026-08-12T01:12:18.1818+05:30"}
{"level":"error","message":"Redis error","timestamp":"2026-08-12T01:12:19.1919+05:30"}
{"level":"error","message":"Redis error","timestamp":"2026-08-12T01:12:19.1919+05:30"}
{"level":"error","message":"Redis error","timestamp":"2026-08-12T01:12:20.2020+05:30"}
{"level":"error","message":"Redis error","timestamp":"2026-08-12T01:12:20.2020+05:30"}
{"level":"error","message":"Redis error","timestamp":"2026-08-12T01:12:21.2121+05:30"}
{"level":"error","message":"Redis error","timestamp":"2026-08-12T01:12:22.2222+05:30"}
{"level":"error","message":"Redis error","timestamp":"2026-08-12T01:12:23.2323+05:30"}
{"level":"error","message":"Redis error","timestamp":"2026-08-12T01:12:23.2323+05:30"}
{"level":"error","message":"Redis error","timestamp":"2026-08-12T01:12:24.2424+05:30"}
{"level":"error","message":"Redis error","timestamp":"2026-08-12T01:12:25.2525+05:30"}
{"level":"error","message":"Redis error","timestamp":"2026-08-12T01:12:26.2626+05:30"}
{"level":"error","message":"Redis error","timestamp":"2026-08-12T01:12:27.2727+05:30"}
{"level":"error","message":"Redis error","timestamp":"2026-08-12T01:12:28.2828+05:30"}
{"level":"error","message":"Redis error","timestamp":"2026-08-12T01:12:30.3030+05:30"}
{"level":"error","message":"Redis error","timestamp":"2026-08-12T01:12:31.3131+05:30"}
{"level":"error","message":"Redis error","timestamp":"2026-08-12T01:12:32.3232+05:30"}
{"level":"error","message":"Redis error","timestamp":"2026-08-12T01:12:33.3333+05:30"}
{"level":"error","message":"Redis error","timestamp":"2026-08-12T01:12:35.3535+05:30"}
{"level":"error","message":"Redis error","timestamp":"2026-08-12T01:12:36.3636+05:30"}
{"level":"error","message":"Redis error","timestamp":"2026-08-12T01:12:38.3838+05:30"}
{"level":"error","message":"Redis error","timestamp":"2026-08-12T01:12:39.3939+05:30"}
{"level":"error","message":"Redis error","timestamp":"2026-08-12T01:12:41.4141+05:30"}
{"level":"error","message":"Redis error","timestamp":"2026-08-12T01:12:42.4242+05:30"}
{"level":"error","message":"Redis error","timestamp":"2026-08-12T01:12:44.4444+05:30"}
{"level":"error","message":"Redis error","timestamp":"2026-08-12T01:12:46.4646+05:30"}
{"level":"error","message":"Redis error","timestamp":"2026-08-12T01:12:47.4747+05:30"}
{"level":"error","message":"Redis error","timestamp":"2026-08-12T01:12:49.4949+05:30"}
{"level":"error","message":"Redis error","timestamp":"2026-08-12T01:12:51.5151+05:30"}
{"level":"error","message":"Redis error","timestamp":"2026-08-12T01:12:53.5353+05:30"}
{"level":"error","message":"Redis error","timestamp":"2026-08-12T01:12:55.5555+05:30"}
{"level":"error","message":"Redis error","timestamp":"2026-08-12T01:12:57.5757+05:30"}
{"level":"error","message":"Redis error","timestamp":"2026-08-12T01:12:59.5959+05:30"}
{"level":"error","message":"Redis error","timestamp":"2026-08-12T01:13:01.011+05:30"}
{"level":"error","message":"Redis error","timestamp":"2026-08-12T01:13:03.033+05:30"}
{"level":"error","message":"Redis error","timestamp":"2026-08-12T01:13:05.055+05:30"}
{"level":"error","message":"Redis error","timestamp":"2026-08-12T01:13:07.077+05:30"}
{"level":"error","message":"Redis error","timestamp":"2026-08-12T01:13:09.099+05:30"}
{"level":"error","message":"Redis error","timestamp":"2026-08-12T01:13:11.1111+05:30"}
{"level":"error","message":"Redis error","timestamp":"2026-08-12T01:13:13.1313+05:30"}
{"level":"error","message":"Redis error","timestamp":"2026-08-12T01:13:15.1515+05:30"}
{"level":"error","message":"Redis error","timestamp":"2026-08-12T01:13:17.1717+05:30"}
{"level":"error","message":"Redis error","timestamp":"2026-08-12T01:13:19.1919+05:30"}
{"level":"error","message":"Redis error","timestamp":"2026-08-12T01:13:21.2121+05:30"}
{"level":"error","message":"Redis error","timestamp":"2026-08-12T01:13:23.2323+05:30"}
{"level":"error","message":"Redis error","timestamp":"2026-08-12T01:13:25.2525+05:30"}
{"level":"error","message":"Redis error","timestamp":"2026-08-12T01:13:27.2727+05:30"}
{"level":"error","message":"Redis error","timestamp":"2026-08-12T01:13:29.2929+05:30"}
{"level":"error","message":"Redis error","timestamp":"2026-08-12T01:13:31.3131+05:30"}
{"level":"error","message":"Redis error","timestamp":"2026-08-12T01:13:33.3333+05:30"}
{"level":"error","message":"Redis error","timestamp":"2026-08-12T01:13:35.3535+05:30"}
{"level":"error","message":"Redis error","timestamp":"2026-08-12T01:13:37.3737+05:30"}
{"level":"error","message":"Redis error","timestamp":"2026-08-12T01:13:39.3939+05:30"}
{"level":"error","message":"Redis error","timestamp":"2026-08-12T01:13:41.4141+05:30"}
{"level":"error","message":"Redis error","timestamp":"2026-08-12T01:13:43.4343+05:30"}
{"level":"error","message":"Redis error","timestamp":"2026-08-12T01:13:45.4545+05:30"}
{"level":"error","message":"Redis error","timestamp":"2026-08-12T01:13:47.4747+05:30"}
{"level":"error","message":"Redis error","timestamp":"2026-08-12T01:13:49.4949+05:30"}
{"level":"error","message":"Redis error","timestamp":"2026-08-12T01:13:51.5151+05:30"}
{"level":"info","message":"Redis connected","timestamp":"2026-08-12T01:14:09.099+05:30"}
{"level":"info","message":"SQLite connected via Prisma","timestamp":"2026-08-12T01:14:09.099+05:30"}
{"environment":"development","level":"info","message":"MRT API running","pid":67298,"port":8081,"timestamp":"2026-08-12T01:14:09.099+05:30"}
{"level":"info","message":"Redis connected","timestamp":"2026-08-12T01:20:38.3838+05:30"}
{"level":"info","message":"SQLite connected via Prisma","timestamp":"2026-08-12T01:20:38.3838+05:30"}
{"environment":"development","level":"info","message":"MRT API running","pid":70765,"port":8081,"timestamp":"2026-08-12T01:20:38.3838+05:30"}
{"level":"info","message":"Redis connected","timestamp":"2026-08-12T01:27:03.033+05:30"}
{"level":"info","message":"SQLite connected via Prisma","timestamp":"2026-08-12T01:27:03.033+05:30"}
{"environment":"development","level":"info","message":"MRT API running","pid":74359,"port":8081,"timestamp":"2026-08-12T01:27:03.033+05:30"}
{"level":"info","message":"Redis connected","timestamp":"2026-08-12T01:27:10.1010+05:30"}
{"level":"info","message":"SQLite connected via Prisma","timestamp":"2026-08-12T01:27:10.1010+05:30"}
{"environment":"development","level":"info","message":"MRT API running","pid":74396,"port":8081,"timestamp":"2026-08-12T01:27:10.1010+05:30"}
{"level":"info","message":"Redis connected","timestamp":"2026-08-12T01:27:18.1818+05:30"}
{"level":"info","message":"SQLite connected via Prisma","timestamp":"2026-08-12T01:27:18.1818+05:30"}
{"environment":"development","level":"info","message":"MRT API running","pid":74445,"port":8081,"timestamp":"2026-08-12T01:27:18.1818+05:30"}
{"level":"info","message":"Redis connected","timestamp":"2026-08-12T01:27:25.2525+05:30"}
{"level":"info","message":"SQLite connected via Prisma","timestamp":"2026-08-12T01:27:25.2525+05:30"}
{"environment":"development","level":"info","message":"MRT API running","pid":74592,"port":8081,"timestamp":"2026-08-12T01:27:25.2525+05:30"}
{"level":"info","message":"Redis connected","timestamp":"2026-08-12T01:27:37.3737+05:30"}
{"level":"info","message":"SQLite connected via Prisma","timestamp":"2026-08-12T01:27:37.3737+05:30"}
{"environment":"development","level":"info","message":"MRT API running","pid":74634,"port":8081,"timestamp":"2026-08-12T01:27:37.3737+05:30"}
{"level":"error","message":"Redis error","timestamp":"2026-08-12T01:32:23.2323+05:30"}
{"level":"info","message":"SQLite connected via Prisma","timestamp":"2026-08-12T01:32:23.2323+05:30"}
{"environment":"development","level":"info","message":"MRT API running","pid":58,"port":8081,"timestamp":"2026-08-12T01:32:23.2323+05:30"}
{"level":"error","message":"Redis error","timestamp":"2026-08-12T01:32:23.2323+05:30"}
{"level":"error","message":"Redis error","timestamp":"2026-08-12T01:32:23.2323+05:30"}
{"level":"error","message":"Redis error","timestamp":"2026-08-12T01:32:23.2323+05:30"}
{"level":"error","message":"Redis error","timestamp":"2026-08-12T01:32:24.2424+05:30"}
{"level":"error","message":"Redis error","timestamp":"2026-08-12T01:32:24.2424+05:30"}
{"level":"error","message":"Redis error","timestamp":"2026-08-12T01:32:24.2424+05:30"}
{"level":"error","message":"Redis error","timestamp":"2026-08-12T01:32:25.2525+05:30"}
{"level":"error","message":"Redis error","timestamp":"2026-08-12T01:32:25.2525+05:30"}
{"level":"error","message":"Redis error","timestamp":"2026-08-12T01:32:25.2525+05:30"}
{"level":"error","message":"Redis error","timestamp":"2026-08-12T01:32:26.2626+05:30"}
{"level":"error","message":"Redis error","timestamp":"2026-08-12T01:32:26.2626+05:30"}
{"level":"error","message":"Redis error","timestamp":"2026-08-12T01:32:27.2727+05:30"}
{"level":"error","message":"Redis error","timestamp":"2026-08-12T01:32:28.2828+05:30"}
{"level":"error","message":"Redis error","timestamp":"2026-08-12T01:32:28.2828+05:30"}
{"level":"error","message":"Redis error","timestamp":"2026-08-12T01:32:29.2929+05:30"}
{"level":"error","message":"Redis error","timestamp":"2026-08-12T01:32:30.3030+05:30"}
{"level":"error","message":"Redis error","timestamp":"2026-08-12T01:32:31.3131+05:30"}
{"level":"error","message":"Redis error","timestamp":"2026-08-12T01:32:32.3232+05:30"}
{"level":"error","message":"Redis error","timestamp":"2026-08-12T01:32:33.3333+05:30"}
{"level":"error","message":"Redis error","timestamp":"2026-08-12T01:32:34.3434+05:30"}
{"level":"error","message":"Redis error","timestamp":"2026-08-12T01:32:35.3535+05:30"}
{"level":"error","message":"Redis error","timestamp":"2026-08-12T01:32:36.3636+05:30"}
{"level":"error","message":"Redis error","timestamp":"2026-08-12T01:32:37.3737+05:30"}
{"level":"error","message":"Redis error","timestamp":"2026-08-12T01:32:38.3838+05:30"}
{"level":"error","message":"Redis error","timestamp":"2026-08-12T01:32:40.4040+05:30"}
{"level":"error","message":"Redis error","timestamp":"2026-08-12T01:32:41.4141+05:30"}
{"level":"error","message":"Redis error","timestamp":"2026-08-12T01:32:42.4242+05:30"}
{"level":"error","message":"Redis error","timestamp":"2026-08-12T01:32:44.4444+05:30"}
{"level":"error","message":"Redis error","timestamp":"2026-08-12T01:32:45.4545+05:30"}
{"level":"error","message":"Redis error","timestamp":"2026-08-12T01:32:47.4747+05:30"}
{"level":"error","message":"Redis error","timestamp":"2026-08-12T01:32:48.4848+05:30"}
{"level":"error","message":"Redis error","timestamp":"2026-08-12T01:32:50.5050+05:30"}
{"level":"error","message":"Redis error","timestamp":"2026-08-12T01:32:51.5151+05:30"}
{"level":"error","message":"Redis error","timestamp":"2026-08-12T01:32:53.5353+05:30"}
{"level":"error","message":"Redis error","timestamp":"2026-08-12T01:32:55.5555+05:30"}
{"level":"error","message":"Redis error","timestamp":"2026-08-12T01:32:57.5757+05:30"}
{"level":"error","message":"Redis error","timestamp":"2026-08-12T01:32:58.5858+05:30"}
{"level":"error","message":"Redis error","timestamp":"2026-08-12T01:33:00.000+05:30"}
{"level":"error","message":"Redis error","timestamp":"2026-08-12T01:33:02.022+05:30"}
{"level":"error","message":"Redis error","timestamp":"2026-08-12T01:33:04.044+05:30"}
{"level":"error","message":"Redis error","timestamp":"2026-08-12T01:33:06.066+05:30"}
{"level":"error","message":"Redis error","timestamp":"2026-08-12T01:33:08.088+05:30"}
{"level":"error","message":"Redis error","timestamp":"2026-08-12T01:33:10.1010+05:30"}
{"level":"error","message":"Redis error","timestamp":"2026-08-12T01:33:12.1212+05:30"}
{"level":"error","message":"Redis error","timestamp":"2026-08-12T01:33:14.1414+05:30"}
{"level":"error","message":"Redis error","timestamp":"2026-08-12T01:33:16.1616+05:30"}
{"level":"error","message":"Redis error","timestamp":"2026-08-12T01:33:18.1818+05:30"}
{"level":"error","message":"Redis error","timestamp":"2026-08-12T01:33:20.2020+05:30"}
{"level":"error","message":"Redis error","timestamp":"2026-08-12T01:33:22.2222+05:30"}
{"level":"error","message":"Redis error","timestamp":"2026-08-12T01:33:24.2424+05:30"}
{"level":"error","message":"Redis error","timestamp":"2026-08-12T01:33:26.2626+05:30"}
{"level":"error","message":"Redis error","timestamp":"2026-08-12T01:33:28.2828+05:30"}
{"level":"error","message":"Redis error","timestamp":"2026-08-12T01:33:30.3030+05:30"}
{"level":"error","message":"Redis error","timestamp":"2026-08-12T01:33:32.3232+05:30"}
{"level":"error","message":"Redis error","timestamp":"2026-08-12T01:33:34.3434+05:30"}
{"level":"error","message":"Redis error","timestamp":"2026-08-12T01:33:36.3636+05:30"}
{"level":"error","message":"Redis error","timestamp":"2026-08-12T01:33:38.3838+05:30"}
{"level":"error","message":"Redis error","timestamp":"2026-08-12T01:33:40.4040+05:30"}
{"level":"error","message":"Redis error","timestamp":"2026-08-12T01:33:42.4242+05:30"}
{"level":"error","message":"Redis error","timestamp":"2026-08-12T01:33:44.4444+05:30"}
{"level":"error","message":"Redis error","timestamp":"2026-08-12T01:33:46.4646+05:30"}
{"level":"error","message":"Redis error","timestamp":"2026-08-12T01:33:48.4848+05:30"}
{"level":"error","message":"Redis error","timestamp":"2026-08-12T01:33:50.5050+05:30"}
{"level":"error","message":"Redis error","timestamp":"2026-08-12T01:33:52.5252+05:30"}
{"level":"error","message":"Redis error","timestamp":"2026-08-12T01:33:54.5454+05:30"}
{"level":"error","message":"Redis error","timestamp":"2026-08-12T01:33:56.5656+05:30"}
{"level":"error","message":"Redis error","timestamp":"2026-08-12T01:33:58.5858+05:30"}
{"level":"error","message":"Redis error","timestamp":"2026-08-12T01:34:00.000+05:30"}
{"level":"error","message":"Redis error","timestamp":"2026-08-12T01:34:02.022+05:30"}
{"level":"error","message":"Redis error","timestamp":"2026-08-12T01:34:04.044+05:30"}
{"level":"error","message":"Redis error","timestamp":"2026-08-12T01:34:06.066+05:30"}
{"level":"error","message":"Redis error","timestamp":"2026-08-12T01:34:09.099+05:30"}
{"level":"error","message":"Redis error","timestamp":"2026-08-12T01:34:11.1111+05:30"}
{"level":"error","message":"Redis error","timestamp":"2026-08-12T01:34:13.1313+05:30"}
{"level":"error","message":"Redis error","timestamp":"2026-08-12T01:34:15.1515+05:30"}
{"level":"error","message":"Redis error","timestamp":"2026-08-12T01:34:17.1717+05:30"}
{"level":"error","message":"Redis error","timestamp":"2026-08-12T01:34:19.1919+05:30"}
{"level":"error","message":"Redis error","timestamp":"2026-08-12T01:34:21.2121+05:30"}
{"level":"error","message":"Redis error","timestamp":"2026-08-12T01:34:23.2323+05:30"}
{"level":"error","message":"Redis error","timestamp":"2026-08-12T01:34:25.2525+05:30"}
{"level":"error","message":"Redis error","timestamp":"2026-08-12T01:34:27.2727+05:30"}
{"level":"error","message":"Redis error","timestamp":"2026-08-12T01:34:29.2929+05:30"}
{"level":"error","message":"Redis error","timestamp":"2026-08-12T01:34:31.3131+05:30"}
{"level":"error","message":"Redis error","timestamp":"2026-08-12T01:34:33.3333+05:30"}
{"level":"error","message":"Redis error","timestamp":"2026-08-12T01:34:35.3535+05:30"}
{"level":"error","message":"Redis error","timestamp":"2026-08-12T01:34:37.3737+05:30"}
{"level":"error","message":"Redis error","timestamp":"2026-08-12T01:34:39.3939+05:30"}
{"level":"error","message":"Redis error","timestamp":"2026-08-12T01:34:41.4141+05:30"}
{"level":"error","message":"Redis error","timestamp":"2026-08-12T01:34:43.4343+05:30"}
{"level":"error","message":"Redis error","timestamp":"2026-08-12T01:34:45.4545+05:30"}
{"level":"error","message":"Redis error","timestamp":"2026-08-12T01:34:47.4747+05:30"}
{"level":"error","message":"Redis error","timestamp":"2026-08-12T01:34:49.4949+05:30"}
{"level":"error","message":"Redis error","timestamp":"2026-08-12T01:34:51.5151+05:30"}
{"level":"error","message":"Redis error","timestamp":"2026-08-12T01:34:53.5353+05:30"}
{"level":"error","message":"Redis error","timestamp":"2026-08-12T01:34:55.5555+05:30"}
{"level":"error","message":"Redis error","timestamp":"2026-08-12T01:34:57.5757+05:30"}
{"level":"error","message":"Redis error","timestamp":"2026-08-12T01:34:59.5959+05:30"}
{"level":"error","message":"Redis error","timestamp":"2026-08-12T01:35:01.011+05:30"}
{"level":"error","message":"Redis error","timestamp":"2026-08-12T01:35:03.033+05:30"}
{"level":"error","message":"Redis error","timestamp":"2026-08-12T01:35:05.055+05:30"}
{"level":"error","message":"Redis error","timestamp":"2026-08-12T01:35:07.077+05:30"}
{"level":"error","message":"Redis error","timestamp":"2026-08-12T01:35:09.099+05:30"}
{"level":"error","message":"Redis error","timestamp":"2026-08-12T01:35:11.1111+05:30"}
{"level":"error","message":"Redis error","timestamp":"2026-08-12T01:35:13.1313+05:30"}
{"level":"error","message":"Redis error","timestamp":"2026-08-12T01:35:15.1515+05:30"}
{"level":"error","message":"Redis error","timestamp":"2026-08-12T01:35:17.1717+05:30"}
{"level":"error","message":"Redis error","timestamp":"2026-08-12T01:35:19.1919+05:30"}
{"level":"error","message":"Redis error","timestamp":"2026-08-12T01:35:21.2121+05:30"}
{"level":"error","message":"Redis error","timestamp":"2026-08-12T01:35:23.2323+05:30"}
{"level":"error","message":"Redis error","timestamp":"2026-08-12T01:35:25.2525+05:30"}
{"level":"error","message":"Redis error","timestamp":"2026-08-12T01:35:27.2727+05:30"}
{"level":"error","message":"Redis error","timestamp":"2026-08-12T01:35:29.2929+05:30"}
{"level":"error","message":"Redis error","timestamp":"2026-08-12T01:35:31.3131+05:30"}
{"level":"error","message":"Redis error","timestamp":"2026-08-12T01:35:33.3333+05:30"}
{"level":"error","message":"Redis error","timestamp":"2026-08-12T01:35:35.3535+05:30"}
{"level":"error","message":"Redis error","timestamp":"2026-08-12T01:35:37.3737+05:30"}
{"level":"error","message":"Redis error","timestamp":"2026-08-12T01:35:39.3939+05:30"}
{"level":"error","message":"Redis error","timestamp":"2026-08-12T01:35:41.4141+05:30"}
{"level":"error","message":"Redis error","timestamp":"2026-08-12T01:35:43.4343+05:30"}
{"level":"error","message":"Redis error","timestamp":"2026-08-12T01:35:45.4545+05:30"}
{"level":"error","message":"Redis error","timestamp":"2026-08-12T01:35:47.4747+05:30"}
{"level":"error","message":"Redis error","timestamp":"2026-08-12T01:35:49.4949+05:30"}
{"level":"error","message":"Redis error","timestamp":"2026-08-12T01:35:51.5151+05:30"}
{"level":"error","message":"Redis error","timestamp":"2026-08-12T01:35:53.5353+05:30"}
{"level":"error","message":"Redis error","timestamp":"2026-08-12T01:35:55.5555+05:30"}
{"level":"error","message":"Redis error","timestamp":"2026-08-12T01:35:57.5757+05:30"}
{"level":"error","message":"Redis error","timestamp":"2026-08-12T01:35:59.5959+05:30"}
{"level":"error","message":"Redis error","timestamp":"2026-08-12T01:36:01.011+05:30"}
{"level":"error","message":"Redis error","timestamp":"2026-08-12T01:36:03.033+05:30"}
{"level":"error","message":"Redis error","timestamp":"2026-08-12T01:36:05.055+05:30"}
{"level":"error","message":"Redis error","timestamp":"2026-08-12T01:36:07.077+05:30"}
{"level":"error","message":"Redis error","timestamp":"2026-08-12T01:36:09.099+05:30"}
{"level":"error","message":"Redis error","timestamp":"2026-08-12T01:36:11.1111+05:30"}
{"level":"error","message":"Redis error","timestamp":"2026-08-12T01:36:13.1313+05:30"}
{"level":"error","message":"Redis error","timestamp":"2026-08-12T01:36:15.1515+05:30"}
{"level":"error","message":"Redis error","timestamp":"2026-08-12T01:36:17.1717+05:30"}
{"level":"error","message":"Redis error","timestamp":"2026-08-12T01:36:19.1919+05:30"}
{"level":"error","message":"Redis error","timestamp":"2026-08-12T01:36:21.2121+05:30"}
{"level":"error","message":"Redis error","timestamp":"2026-08-12T01:36:23.2323+05:30"}
{"level":"error","message":"Redis error","timestamp":"2026-08-12T01:36:25.2525+05:30"}
{"level":"error","message":"Redis error","timestamp":"2026-08-12T01:36:27.2727+05:30"}
{"level":"error","message":"Redis error","timestamp":"2026-08-12T01:36:29.2929+05:30"}
{"level":"error","message":"Redis error","timestamp":"2026-08-12T01:36:31.3131+05:30"}
{"level":"error","message":"Redis error","timestamp":"2026-08-12T01:36:33.3333+05:30"}
{"level":"error","message":"Redis error","timestamp":"2026-08-12T01:36:35.3535+05:30"}
{"level":"error","message":"Redis error","timestamp":"2026-08-12T01:36:37.3737+05:30"}
{"level":"error","message":"Redis error","timestamp":"2026-08-12T01:36:39.3939+05:30"}
{"level":"error","message":"Redis error","timestamp":"2026-08-12T01:36:41.4141+05:30"}
{"level":"error","message":"Redis error","timestamp":"2026-08-12T01:36:43.4343+05:30"}
{"level":"error","message":"Redis error","timestamp":"2026-08-12T01:36:45.4545+05:30"}
{"level":"error","message":"Redis error","timestamp":"2026-08-12T01:36:47.4747+05:30"}
{"level":"error","message":"Redis error","timestamp":"2026-08-12T01:36:49.4949+05:30"}
{"level":"error","message":"Redis error","timestamp":"2026-08-12T01:36:51.5151+05:30"}
{"level":"error","message":"Redis error","timestamp":"2026-08-12T01:36:53.5353+05:30"}
{"level":"error","message":"Redis error","timestamp":"2026-08-12T01:36:55.5555+05:30"}
{"level":"error","message":"Redis error","timestamp":"2026-08-12T01:36:57.5757+05:30"}
{"level":"error","message":"Redis error","timestamp":"2026-08-12T01:36:59.5959+05:30"}
{"level":"error","message":"Redis error","timestamp":"2026-08-12T01:37:01.011+05:30"}
{"level":"error","message":"Redis error","timestamp":"2026-08-12T01:37:03.033+05:30"}
{"level":"error","message":"Redis error","timestamp":"2026-08-12T01:37:05.055+05:30"}
{"level":"error","message":"Redis error","timestamp":"2026-08-12T01:37:07.077+05:30"}
{"level":"error","message":"Redis error","timestamp":"2026-08-12T01:37:09.099+05:30"}
{"level":"error","message":"Redis error","timestamp":"2026-08-12T01:37:11.1111+05:30"}
{"level":"error","message":"Redis error","timestamp":"2026-08-12T01:37:13.1313+05:30"}
{"level":"error","message":"Redis error","timestamp":"2026-08-12T01:37:15.1515+05:30"}
{"level":"error","message":"Redis error","timestamp":"2026-08-12T01:37:17.1717+05:30"}
{"level":"error","message":"Redis error","timestamp":"2026-08-12T01:37:19.1919+05:30"}
{"level":"error","message":"Redis error","timestamp":"2026-08-12T01:37:21.2121+05:30"}
{"level":"error","message":"Redis error","timestamp":"2026-08-12T01:37:23.2323+05:30"}
{"level":"error","message":"Redis error","timestamp":"2026-08-12T01:37:25.2525+05:30"}
{"level":"error","message":"Redis error","timestamp":"2026-08-12T01:37:27.2727+05:30"}
{"level":"error","message":"Redis error","timestamp":"2026-08-12T01:37:29.2929+05:30"}
{"level":"error","message":"Redis error","timestamp":"2026-08-12T01:37:31.3131+05:30"}
{"level":"error","message":"Redis error","timestamp":"2026-08-12T01:37:33.3333+05:30"}
{"level":"error","message":"Redis error","timestamp":"2026-08-12T01:37:35.3535+05:30"}
{"level":"error","message":"Redis error","timestamp":"2026-08-12T01:37:37.3737+05:30"}
{"level":"error","message":"Redis error","timestamp":"2026-08-12T01:37:39.3939+05:30"}
{"level":"error","message":"Redis error","timestamp":"2026-08-12T01:37:41.4141+05:30"}
{"level":"error","message":"Redis error","timestamp":"2026-08-12T01:37:43.4343+05:30"}
{"level":"error","message":"Redis error","timestamp":"2026-08-12T01:37:45.4545+05:30"}
{"level":"error","message":"Redis error","timestamp":"2026-08-12T01:37:47.4747+05:30"}
{"level":"error","message":"Redis error","timestamp":"2026-08-12T01:37:49.4949+05:30"}
{"level":"error","message":"Redis error","timestamp":"2026-08-12T01:37:51.5151+05:30"}
{"level":"error","message":"Redis error","timestamp":"2026-08-12T01:37:53.5353+05:30"}
{"level":"error","message":"Redis error","timestamp":"2026-08-12T01:37:55.5555+05:30"}
{"level":"error","message":"Redis error","timestamp":"2026-08-12T01:37:57.5757+05:30"}
{"level":"error","message":"Redis error","timestamp":"2026-08-12T01:37:59.5959+05:30"}
{"level":"error","message":"Redis error","timestamp":"2026-08-12T01:38:01.011+05:30"}
{"level":"error","message":"Redis error","timestamp":"2026-08-12T01:38:03.033+05:30"}
{"level":"error","message":"Redis error","timestamp":"2026-08-12T01:38:05.055+05:30"}
{"level":"error","message":"Redis error","timestamp":"2026-08-12T01:38:07.077+05:30"}
{"level":"error","message":"Redis error","timestamp":"2026-08-12T01:38:09.099+05:30"}
{"level":"error","message":"Redis error","timestamp":"2026-08-12T01:38:11.1111+05:30"}
{"level":"error","message":"Redis error","timestamp":"2026-08-12T01:38:13.1313+05:30"}
{"level":"error","message":"Redis error","timestamp":"2026-08-12T01:38:15.1515+05:30"}
{"level":"error","message":"Redis error","timestamp":"2026-08-12T01:38:17.1717+05:30"}
{"level":"error","message":"Redis error","timestamp":"2026-08-12T01:38:19.1919+05:30"}
{"level":"error","message":"Redis error","timestamp":"2026-08-12T01:38:21.2121+05:30"}
{"level":"error","message":"Redis error","timestamp":"2026-08-12T01:38:23.2323+05:30"}
{"level":"error","message":"Redis error","timestamp":"2026-08-12T01:38:25.2525+05:30"}
{"level":"error","message":"Redis error","timestamp":"2026-08-12T01:38:27.2727+05:30"}
{"level":"error","message":"Redis error","timestamp":"2026-08-12T01:38:29.2929+05:30"}
{"level":"error","message":"Redis error","timestamp":"2026-08-12T01:38:31.3131+05:30"}
{"level":"error","message":"Redis error","timestamp":"2026-08-12T01:38:33.3333+05:30"}
{"level":"error","message":"Redis error","timestamp":"2026-08-12T01:38:35.3535+05:30"}
{"level":"error","message":"Redis error","timestamp":"2026-08-12T01:38:37.3737+05:30"}
{"level":"error","message":"Redis error","timestamp":"2026-08-12T01:40:52.5252+05:30"}
{"level":"info","message":"SQLite connected via Prisma","timestamp":"2026-08-12T01:40:52.5252+05:30"}
{"environment":"development","level":"info","message":"MRT API running","pid":47,"port":8081,"timestamp":"2026-08-12T01:40:52.5252+05:30"}
{"level":"error","message":"Redis error","timestamp":"2026-08-12T01:40:52.5252+05:30"}
{"level":"error","message":"Redis error","timestamp":"2026-08-12T01:40:52.5252+05:30"}
{"level":"error","message":"Redis error","timestamp":"2026-08-12T01:40:52.5252+05:30"}
{"level":"error","message":"Redis error","timestamp":"2026-08-12T01:40:53.5353+05:30"}
{"level":"error","message":"Redis error","timestamp":"2026-08-12T01:40:53.5353+05:30"}
{"level":"error","message":"Redis error","timestamp":"2026-08-12T01:40:53.5353+05:30"}
{"level":"error","message":"Redis error","timestamp":"2026-08-12T01:40:54.5454+05:30"}
{"level":"error","message":"Redis error","timestamp":"2026-08-12T01:40:54.5454+05:30"}
{"level":"error","message":"Redis error","timestamp":"2026-08-12T01:40:54.5454+05:30"}
{"level":"error","message":"Redis error","timestamp":"2026-08-12T01:40:55.5555+05:30"}
{"level":"error","message":"Redis error","timestamp":"2026-08-12T01:40:56.5656+05:30"}
{"level":"error","message":"Redis error","timestamp":"2026-08-12T01:40:56.5656+05:30"}
{"level":"error","message":"Redis error","timestamp":"2026-08-12T01:40:57.5757+05:30"}
{"level":"error","message":"Redis error","timestamp":"2026-08-12T01:40:57.5757+05:30"}
{"level":"error","message":"Redis error","timestamp":"2026-08-12T01:40:58.5858+05:30"}
{"level":"error","message":"Redis error","timestamp":"2026-08-12T01:40:59.5959+05:30"}
{"level":"error","message":"Redis error","timestamp":"2026-08-12T01:41:00.000+05:30"}
{"level":"error","message":"Redis error","timestamp":"2026-08-12T01:41:01.011+05:30"}
{"level":"error","message":"Redis error","timestamp":"2026-08-12T01:41:02.022+05:30"}
{"level":"error","message":"Redis error","timestamp":"2026-08-12T01:41:03.033+05:30"}
{"level":"error","message":"Redis error","timestamp":"2026-08-12T01:41:04.044+05:30"}
{"level":"error","message":"Redis error","timestamp":"2026-08-12T01:41:05.055+05:30"}
{"level":"error","message":"Redis error","timestamp":"2026-08-12T01:41:06.066+05:30"}
{"level":"error","message":"Redis error","timestamp":"2026-08-12T01:41:07.077+05:30"}
{"level":"error","message":"Redis error","timestamp":"2026-08-12T01:41:09.099+05:30"}
{"level":"error","message":"Redis error","timestamp":"2026-08-12T01:41:10.1010+05:30"}
{"level":"error","message":"Redis error","timestamp":"2026-08-12T01:41:11.1111+05:30"}
{"level":"error","message":"Redis error","timestamp":"2026-08-12T01:41:13.1313+05:30"}
{"level":"info","message":"SQLite connected via Prisma","timestamp":"2026-08-12T01:41:16.1616+05:30"}
{"environment":"development","level":"info","message":"MRT API running","pid":71,"port":8081,"timestamp":"2026-08-12T01:41:16.1616+05:30"}
{"level":"info","message":"SQLite connected via Prisma","timestamp":"2026-08-12T01:41:31.3131+05:30"}
{"environment":"development","level":"info","message":"MRT API running","pid":97,"port":8081,"timestamp":"2026-08-12T01:41:31.3131+05:30"}
{"level":"info","message":"SQLite connected via Prisma","timestamp":"2026-08-12T01:41:45.4545+05:30"}
{"environment":"development","level":"info","message":"MRT API running","pid":48,"port":8081,"timestamp":"2026-08-12T01:41:45.4545+05:30"}
{"level":"info","message":"SQLite connected via Prisma","timestamp":"2026-08-12T01:43:45.4545+05:30"}
{"environment":"development","level":"info","message":"MRT API running","pid":83703,"port":8081,"timestamp":"2026-08-12T01:43:45.4545+05:30"}
{"level":"info","message":"SQLite connected via Prisma","timestamp":"2026-08-12T02:08:15.1515+05:30"}
{"environment":"development","level":"info","message":"MRT API running","pid":94552,"port":8081,"timestamp":"2026-08-12T02:08:15.1515+05:30"}
{"level":"info","message":"SQLite connected via Prisma","timestamp":"2026-08-12T02:08:44.4444+05:30"}
{"environment":"development","level":"info","message":"MRT API running","pid":94817,"port":8081,"timestamp":"2026-08-12T02:08:44.4444+05:30"}
{"level":"info","message":"SQLite connected via Prisma","timestamp":"2026-08-12T02:13:53.5353+05:30"}
{"environment":"development","level":"info","message":"MRT API running","pid":96841,"port":8081,"timestamp":"2026-08-12T02:13:53.5353+05:30"}
{"level":"info","message":"SQLite connected via Prisma","timestamp":"2026-08-12T02:19:43.4343+05:30"}
{"environment":"development","level":"info","message":"MRT API running","pid":47,"port":8081,"timestamp":"2026-08-12T02:19:43.4343+05:30"}
{"level":"info","message":"SQLite connected via Prisma","timestamp":"2026-08-12T02:24:06.066+05:30"}
{"environment":"development","level":"info","message":"MRT API running","pid":47,"port":8081,"timestamp":"2026-08-12T02:24:06.066+05:30"}
{"level":"info","message":"SQLite connected via Prisma","timestamp":"2026-08-12T02:26:47.4747+05:30"}
{"environment":"development","level":"info","message":"MRT API running","pid":103299,"port":8081,"timestamp":"2026-08-12T02:26:47.4747+05:30"}
{"level":"info","message":"SQLite connected via Prisma","timestamp":"2026-08-12T02:35:41.4141+05:30"}
{"environment":"development","level":"info","message":"MRT API running","pid":107419,"port":8081,"timestamp":"2026-08-12T02:35:41.4141+05:30"}
{"level":"info","message":"Mock: Added to imageProcessing queue","timestamp":"2026-08-12T02:41:50.5050+05:30"}
{"level":"info","mediaId":"cf367329-747c-439e-8c47-de5a7754412f","message":"File upload saved","originalName":"new_logo.jpeg","timestamp":"2026-08-12T02:41:50.5050+05:30"}
{"level":"info","mediaId":"57c82e65-2e73-4d9a-a6ae-e9af3edfaf9e","message":"File upload saved","originalName":"gentleman-programming-book.pdf","timestamp":"2026-08-12T02:41:50.5050+05:30"}
{"key":"homepage:v1","level":"info","message":"Homepage cache invalidated","timestamp":"2026-08-12T02:41:50.5050+05:30"}
{"level":"error","message":"Prisma Error \nInvalid `prisma.auditLog.create()` invocation in\n/home/astro/Documents/code/smeh_new_desing/backend/src/services/auditService.js:29:27\n\n  26   userAgent\n  27 }) {\n  28   try {\n→ 29     await prisma.auditLog.create({\n           data: {\n             user_id: \"bd81ba57-3306-4cc6-add3-eb423611f991\",\n             action: \"news.created\",\n             target_table: \"news\",\n             target_id: \"9dc0164e-d88a-463b-8061-b61cffe94266\",\n             old_value: undefined,\n             new_value: {\n               title: \"test\",\n               status: \"draft\"\n             },\n             ~~~~~~~~~~~~~~~~~\n             request_id: \"e381d769-9a42-487b-a67c-0179e0fb9ba6\",\n             ip_address: \"::1\",\n             user_agent: \"Mozilla/5.0 (X11; Linux x86_64) AppleWebKit/537.36 (KHTML, like Gecko) Chrome/150.0.0.0 Safari/537.36\"\n           }\n         })\n\nArgument `new_value`: Invalid value provided. Expected String or Null, provided Object.","timestamp":"2026-08-12T02:41:50.5050+05:30"}
{"action":"news.created","error":"\nInvalid `prisma.auditLog.create()` invocation in\n/home/astro/Documents/code/smeh_new_desing/backend/src/services/auditService.js:29:27\n\n  26   userAgent\n  27 }) {\n  28   try {\n→ 29     await prisma.auditLog.create({\n           data: {\n             user_id: \"bd81ba57-3306-4cc6-add3-eb423611f991\",\n             action: \"news.created\",\n             target_table: \"news\",\n             target_id: \"9dc0164e-d88a-463b-8061-b61cffe94266\",\n             old_value: undefined,\n             new_value: {\n               title: \"test\",\n               status: \"draft\"\n             },\n             ~~~~~~~~~~~~~~~~~\n             request_id: \"e381d769-9a42-487b-a67c-0179e0fb9ba6\",\n             ip_address: \"::1\",\n             user_agent: \"Mozilla/5.0 (X11; Linux x86_64) AppleWebKit/537.36 (KHTML, like Gecko) Chrome/150.0.0.0 Safari/537.36\"\n           }\n         })\n\nArgument `new_value`: Invalid value provided. Expected String or Null, provided Object.","level":"error","message":"Failed to write audit log","timestamp":"2026-08-12T02:41:50.5050+05:30"}
{"level":"info","message":"Deleted file: /home/astro/Documents/code/smeh_new_desing/backend/uploads/news/01383b81-7685-4155-9720-9bc43090c375.jpeg","timestamp":"2026-08-12T02:42:12.1212+05:30"}
{"level":"info","message":"Media record cf367329-747c-439e-8c47-de5a7754412f deleted","timestamp":"2026-08-12T02:42:12.1212+05:30"}
{"level":"info","message":"Deleted file: /home/astro/Documents/code/smeh_new_desing/backend/uploads/documents/44785dbd-83ed-44e6-b762-be99050774e7.pdf","timestamp":"2026-08-12T02:42:12.1212+05:30"}
{"level":"info","message":"Media record 57c82e65-2e73-4d9a-a6ae-e9af3edfaf9e deleted","timestamp":"2026-08-12T02:42:12.1212+05:30"}
{"key":"homepage:v1","level":"info","message":"Homepage cache invalidated","timestamp":"2026-08-12T02:42:12.1212+05:30"}
{"level":"info","message":"Mock: Added to imageProcessing queue","timestamp":"2026-08-12T02:42:51.5151+05:30"}
{"level":"info","mediaId":"c53857ff-f4ea-4fc2-9b37-70746e0fd97b","message":"File upload saved","originalName":"new_logo.png","timestamp":"2026-08-12T02:42:51.5151+05:30"}
{"level":"info","mediaId":"c562d2f8-b1db-45d9-93b3-c5de09c6dbd7","message":"File upload saved","originalName":"gentleman-programming-book.pdf","timestamp":"2026-08-12T02:42:51.5151+05:30"}
{"key":"homepage:v1","level":"info","message":"Homepage cache invalidated","timestamp":"2026-08-12T02:42:51.5151+05:30"}
{"level":"error","message":"Prisma Error \nInvalid `prisma.auditLog.create()` invocation in\n/home/astro/Documents/code/smeh_new_desing/backend/src/services/auditService.js:29:27\n\n  26   userAgent\n  27 }) {\n  28   try {\n→ 29     await prisma.auditLog.create({\n           data: {\n             user_id: \"bd81ba57-3306-4cc6-add3-eb423611f991\",\n             action: \"news.created\",\n             target_table: \"news\",\n             target_id: \"2856cac4-e699-4297-87be-e78443f6a0a4\",\n             old_value: undefined,\n             new_value: {\n               title: \"test\",\n               status: \"published\"\n             },\n             ~~~~~~~~~~~~~~~~~~~~~\n             request_id: \"68ef8c8e-16c8-40e3-a525-e619d9d3dfb1\",\n             ip_address: \"::1\",\n             user_agent: \"Mozilla/5.0 (X11; Linux x86_64) AppleWebKit/537.36 (KHTML, like Gecko) Chrome/150.0.0.0 Safari/537.36\"\n           }\n         })\n\nArgument `new_value`: Invalid value provided. Expected String or Null, provided Object.","timestamp":"2026-08-12T02:42:51.5151+05:30"}
{"action":"news.created","error":"\nInvalid `prisma.auditLog.create()` invocation in\n/home/astro/Documents/code/smeh_new_desing/backend/src/services/auditService.js:29:27\n\n  26   userAgent\n  27 }) {\n  28   try {\n→ 29     await prisma.auditLog.create({\n           data: {\n             user_id: \"bd81ba57-3306-4cc6-add3-eb423611f991\",\n             action: \"news.created\",\n             target_table: \"news\",\n             target_id: \"2856cac4-e699-4297-87be-e78443f6a0a4\",\n             old_value: undefined,\n             new_value: {\n               title: \"test\",\n               status: \"published\"\n             },\n             ~~~~~~~~~~~~~~~~~~~~~\n             request_id: \"68ef8c8e-16c8-40e3-a525-e619d9d3dfb1\",\n             ip_address: \"::1\",\n             user_agent: \"Mozilla/5.0 (X11; Linux x86_64) AppleWebKit/537.36 (KHTML, like Gecko) Chrome/150.0.0.0 Safari/537.36\"\n           }\n         })\n\nArgument `new_value`: Invalid value provided. Expected String or Null, provided Object.","level":"error","message":"Failed to write audit log","timestamp":"2026-08-12T02:42:51.5151+05:30"}
{"level":"info","message":"SQLite connected via Prisma","timestamp":"2026-08-12T02:49:49.4949+05:30"}
{"environment":"development","level":"info","message":"MRT API running","pid":47,"port":8081,"timestamp":"2026-08-12T02:49:49.4949+05:30"}
{"level":"info","message":"SQLite connected via Prisma","timestamp":"2026-08-12T02:52:46.4646+05:30"}
{"environment":"development","level":"info","message":"MRT API running","pid":47,"port":8081,"timestamp":"2026-08-12T02:52:46.4646+05:30"}
{"level":"info","message":"SQLite connected via Prisma","timestamp":"2026-08-12T03:00:53.5353+05:30"}
{"environment":"development","level":"info","message":"MRT API running","pid":46,"port":8081,"timestamp":"2026-08-12T03:00:53.5353+05:30"}
{"level":"info","message":"SQLite connected via Prisma","timestamp":"2026-08-12T03:05:48.4848+05:30"}
{"environment":"development","level":"info","message":"MRT API running","pid":48,"port":8081,"timestamp":"2026-08-12T03:05:48.4848+05:30"}
{"level":"info","message":"SQLite connected via Prisma","timestamp":"2026-08-12T03:07:53.5353+05:30"}
{"environment":"development","level":"info","message":"MRT API running","pid":122720,"port":8081,"timestamp":"2026-08-12T03:07:53.5353+05:30"}
{"key":"homepage:v1","level":"info","message":"Homepage cache invalidated","timestamp":"2026-08-12T03:09:00.000+05:30"}
{"level":"error","message":"Prisma Error \nInvalid `prisma.auditLog.create()` invocation in\n/home/astro/Documents/code/smeh_new_desing/backend/src/services/auditService.js:29:27\n\n  26   userAgent\n  27 }) {\n  28   try {\n→ 29     await prisma.auditLog.create({\n           data: {\n             user_id: \"bd81ba57-3306-4cc6-add3-eb423611f991\",\n             action: \"news.updated\",\n             target_table: \"news\",\n             target_id: \"2856cac4-e699-4297-87be-e78443f6a0a4\",\n             old_value: {\n               status: \"published\",\n               title: \"test\"\n             },\n             ~~~~~~~~~~~~~~~~~~~~~\n             new_value: {\n               status: \"published\",\n               title: \"test\"\n             },\n             request_id: \"bde46e55-d3aa-4cf2-bdfd-847f1ebcb100\",\n             ip_address: \"::1\",\n             user_agent: \"Mozilla/5.0 (X11; Linux x86_64) AppleWebKit/537.36 (KHTML, like Gecko) Chrome/150.0.0.0 Safari/537.36\"\n           }\n         })\n\nArgument `old_value`: Invalid value provided. Expected String or Null, provided Object.","timestamp":"2026-08-12T03:09:00.000+05:30"}
{"action":"news.updated","error":"\nInvalid `prisma.auditLog.create()` invocation in\n/home/astro/Documents/code/smeh_new_desing/backend/src/services/auditService.js:29:27\n\n  26   userAgent\n  27 }) {\n  28   try {\n→ 29     await prisma.auditLog.create({\n           data: {\n             user_id: \"bd81ba57-3306-4cc6-add3-eb423611f991\",\n             action: \"news.updated\",\n             target_table: \"news\",\n             target_id: \"2856cac4-e699-4297-87be-e78443f6a0a4\",\n             old_value: {\n               status: \"published\",\n               title: \"test\"\n             },\n             ~~~~~~~~~~~~~~~~~~~~~\n             new_value: {\n               status: \"published\",\n               title: \"test\"\n             },\n             request_id: \"bde46e55-d3aa-4cf2-bdfd-847f1ebcb100\",\n             ip_address: \"::1\",\n             user_agent: \"Mozilla/5.0 (X11; Linux x86_64) AppleWebKit/537.36 (KHTML, like Gecko) Chrome/150.0.0.0 Safari/537.36\"\n           }\n         })\n\nArgument `old_value`: Invalid value provided. Expected String or Null, provided Object.","level":"error","message":"Failed to write audit log","timestamp":"2026-08-12T03:09:00.000+05:30"}
{"level":"info","message":"SQLite connected via Prisma","timestamp":"2026-08-12T03:12:26.2626+05:30"}
{"environment":"development","level":"info","message":"MRT API running","pid":124666,"port":8081,"timestamp":"2026-08-12T03:12:26.2626+05:30"}
{"level":"info","message":"SQLite connected via Prisma","timestamp":"2026-08-12T04:14:22.2222+05:30"}
{"environment":"development","level":"info","message":"MRT API running","pid":151948,"port":8081,"timestamp":"2026-08-12T04:14:22.2222+05:30"}
{"level":"info","message":"SQLite connected via Prisma","timestamp":"2026-08-12T04:15:34.3434+05:30"}
{"environment":"development","level":"info","message":"MRT API running","pid":152545,"port":8081,"timestamp":"2026-08-12T04:15:34.3434+05:30"}
{"level":"info","message":"SQLite connected via Prisma","timestamp":"2026-08-12T04:20:28.2828+05:30"}
{"environment":"development","level":"info","message":"MRT API running","pid":154602,"port":8081,"timestamp":"2026-08-12T04:20:28.2828+05:30"}
{"level":"info","message":"SQLite connected via Prisma","timestamp":"2026-08-12T04:29:15.1515+05:30"}
{"environment":"development","level":"info","message":"MRT API running","pid":200006,"port":8081,"timestamp":"2026-08-12T04:29:15.1515+05:30"}
{"level":"info","message":"SQLite connected via Prisma","timestamp":"2026-08-12T04:40:00.000+05:30"}
{"environment":"development","level":"info","message":"MRT API running","pid":37,"port":8081,"timestamp":"2026-08-12T04:40:00.000+05:30"}
{"level":"info","message":"SQLite connected via Prisma","timestamp":"2026-08-12T04:40:28.2828+05:30"}
{"environment":"development","level":"info","message":"MRT API running","pid":38,"port":8081,"timestamp":"2026-08-12T04:40:28.2828+05:30"}
{"level":"info","message":"SQLite connected via Prisma","timestamp":"2026-08-12T04:45:40.4040+05:30"}
{"environment":"development","level":"info","message":"MRT API running","pid":47,"port":8081,"timestamp":"2026-08-12T04:45:40.4040+05:30"}
{"level":"info","message":"SQLite connected via Prisma","timestamp":"2026-08-12T04:47:40.4040+05:30"}
{"environment":"development","level":"info","message":"MRT API running","pid":73,"port":8081,"timestamp":"2026-08-12T04:47:40.4040+05:30"}
{"level":"info","message":"SQLite connected via Prisma","timestamp":"2026-08-12T04:48:12.1212+05:30"}
{"environment":"development","level":"info","message":"MRT API running","pid":99,"port":8081,"timestamp":"2026-08-12T04:48:12.1212+05:30"}
{"level":"info","message":"SQLite connected via Prisma","timestamp":"2026-08-12T04:57:26.2626+05:30"}
{"environment":"development","level":"info","message":"MRT API running","pid":125,"port":8081,"timestamp":"2026-08-12T04:57:26.2626+05:30"}
{"level":"info","message":"SQLite connected via Prisma","timestamp":"2026-08-12T05:43:40.4040+05:30"}
{"environment":"development","level":"info","message":"MRT API running","pid":102,"port":8081,"timestamp":"2026-08-12T05:43:40.4040+05:30"}
{"level":"info","message":"SQLite connected via Prisma","timestamp":"2026-08-12T05:44:18.1818+05:30"}
{"environment":"development","level":"info","message":"MRT API running","pid":24,"port":8081,"timestamp":"2026-08-12T05:44:18.1818+05:30"}
{"level":"info","message":"SQLite connected via Prisma","timestamp":"2026-08-12T05:44:31.3131+05:30"}
{"environment":"development","level":"info","message":"MRT API running","pid":599,"port":8081,"timestamp":"2026-08-12T05:44:31.3131+05:30"}
{"level":"info","message":"SQLite connected via Prisma","timestamp":"2026-08-12T05:44:38.3838+05:30"}
{"environment":"development","level":"info","message":"MRT API running","pid":25,"port":8081,"timestamp":"2026-08-12T05:44:38.3838+05:30"}
{"level":"info","message":"SQLite connected via Prisma","timestamp":"2026-08-12T05:47:50.5050+05:30"}
{"environment":"development","level":"info","message":"MRT API running","pid":1564,"port":8081,"timestamp":"2026-08-12T05:47:50.5050+05:30"}
{"level":"info","message":"SQLite connected via Prisma","timestamp":"2026-08-12T05:52:52.5252+05:30"}
{"environment":"development","level":"info","message":"MRT API running","pid":2499,"port":8081,"timestamp":"2026-08-12T05:52:52.5252+05:30"}
{"level":"warn","message":"[Redis] Rate-limit store connection error (falling back to memory):","timestamp":"2026-08-25T20:15:40.4040+05:30"}
{"level":"info","message":"SQLite connected via Prisma","timestamp":"2026-08-25T20:15:40.4040+05:30"}
{"environment":"development","level":"info","message":"MRT API running","pid":38892,"port":8081,"timestamp":"2026-08-25T20:15:40.4040+05:30"}
{"level":"warn","message":"[Redis] Rate-limit store connection error (falling back to memory):","timestamp":"2026-08-25T20:15:40.4040+05:30"}
{"level":"warn","message":"[Redis] Rate-limit store connection error (falling back to memory):","timestamp":"2026-08-25T20:15:41.4141+05:30"}
{"level":"warn","message":"[Redis] Rate-limit store connection error (falling back to memory):","timestamp":"2026-08-25T20:15:41.4141+05:30"}
{"level":"info","message":"SQLite connected via Prisma","timestamp":"2026-08-25T20:16:20.2020+05:30"}
{"environment":"development","level":"info","message":"MRT API running","pid":41184,"port":8081,"timestamp":"2026-08-25T20:16:20.2020+05:30"}
{"level":"warn","message":"[Redis] Rate-limit store connection error (falling back to memory):","timestamp":"2026-08-25T20:16:20.2020+05:30"}
{"level":"warn","message":"[Redis] Rate-limit store connection closed","timestamp":"2026-08-25T20:16:20.2020+05:30"}
{"level":"warn","message":"[Redis] Rate-limit store connection error (falling back to memory):","timestamp":"2026-08-25T20:16:20.2020+05:30"}
{"level":"warn","message":"[Redis] Rate-limit store connection closed","timestamp":"2026-08-25T20:16:20.2020+05:30"}
{"level":"warn","message":"[Redis] Rate-limit store connection error (falling back to memory):","timestamp":"2026-08-25T20:16:20.2020+05:30"}
{"level":"warn","message":"[Redis] Rate-limit store connection closed","timestamp":"2026-08-25T20:16:20.2020+05:30"}
{"level":"warn","message":"[Redis] Rate-limit store connection error (falling back to memory):","timestamp":"2026-08-25T20:16:21.2121+05:30"}
{"level":"info","message":"SQLite connected via Prisma","timestamp":"2026-08-25T20:16:31.3131+05:30"}
{"environment":"development","level":"info","message":"MRT API running","pid":47532,"port":8081,"timestamp":"2026-08-25T20:16:31.3131+05:30"}
{"level":"warn","message":"[Redis] Rate-limit store connection error (falling back to memory):","timestamp":"2026-08-25T20:16:31.3131+05:30"}
{"level":"warn","message":"[Redis] Rate-limit store connection closed","timestamp":"2026-08-25T20:16:31.3131+05:30"}
{"level":"warn","message":"[Redis] Rate-limit store connection error (falling back to memory):","timestamp":"2026-08-25T20:16:31.3131+05:30"}
{"level":"warn","message":"[Redis] Rate-limit store connection closed","timestamp":"2026-08-25T20:16:31.3131+05:30"}
{"level":"warn","message":"[Redis] Rate-limit store connection error (falling back to memory):","timestamp":"2026-08-25T20:16:31.3131+05:30"}
{"level":"warn","message":"[Redis] Rate-limit store connection closed","timestamp":"2026-08-25T20:16:31.3131+05:30"}
{"level":"warn","message":"[Redis] Rate-limit store connection error (falling back to memory):","timestamp":"2026-08-25T20:16:32.3232+05:30"}
{"level":"info","message":"SQLite connected via Prisma","timestamp":"2026-08-25T20:17:02.022+05:30"}
{"environment":"development","level":"info","message":"MRT API running","pid":35180,"port":8081,"timestamp":"2026-08-25T20:17:02.022+05:30"}
{"level":"info","message":"SQLite connected via Prisma","timestamp":"2026-08-25T20:51:32.3232+05:30"}
{"environment":"development","level":"info","message":"MRT API running","pid":2596,"port":8081,"timestamp":"2026-08-25T20:51:32.3232+05:30"}
{"level":"info","message":"SQLite connected via Prisma","timestamp":"2026-08-25T20:51:36.3636+05:30"}
{"environment":"development","level":"info","message":"MRT API running","pid":19096,"port":8081,"timestamp":"2026-08-25T20:51:36.3636+05:30"}
{"level":"info","message":"SQLite connected via Prisma","timestamp":"2026-08-25T20:51:41.4141+05:30"}
{"environment":"development","level":"info","message":"MRT API running","pid":30968,"port":8081,"timestamp":"2026-08-25T20:51:41.4141+05:30"}
{"level":"info","message":"SQLite connected via Prisma","timestamp":"2026-08-25T20:51:51.5151+05:30"}
{"environment":"development","level":"info","message":"MRT API running","pid":43748,"port":8081,"timestamp":"2026-08-25T20:51:51.5151+05:30"}
{"level":"info","message":"Mock: Added to imageProcessing queue","timestamp":"2026-08-25T20:57:51.5151+05:30"}
{"level":"info","mediaId":"45bac508-5f0a-45f9-8b4a-6b1eb43a07d5","message":"File upload saved","originalName":"IMG_5361.PNG","timestamp":"2026-08-25T20:57:51.5151+05:30"}
{"level":"info","message":"Mock: Added to imageProcessing queue","timestamp":"2026-08-25T20:57:51.5151+05:30"}
{"level":"info","mediaId":"4603e614-6eb5-4c2e-8528-4b1402a543c3","message":"File upload saved","originalName":"ChatGPT Image Aug 21, 2026, 12_06_06 AM.png","timestamp":"2026-08-25T20:57:51.5151+05:30"}
{"level":"info","message":"Mock: Added to imageProcessing queue","timestamp":"2026-08-25T20:57:51.5151+05:30"}
{"level":"info","mediaId":"570a182e-2d7e-41dd-b478-336d2a7a2f89","message":"File upload saved","originalName":"ChatGPT Image Aug 20, 2026, 11_36_38 PM.png","timestamp":"2026-08-25T20:57:51.5151+05:30"}
{"level":"info","message":"Mock: Added to imageProcessing queue","timestamp":"2026-08-25T20:57:51.5151+05:30"}
{"level":"info","mediaId":"349fcdbd-4b5a-4e22-91dd-700ac928f4ec","message":"File upload saved","originalName":"ChatGPT Image Aug 20, 2026, 11_34_40 PM.png","timestamp":"2026-08-25T20:57:51.5151+05:30"}
{"key":"homepage:v1","level":"info","message":"Homepage cache invalidated","timestamp":"2026-08-25T20:57:51.5151+05:30"}
{"level":"info","message":"Deleted file: D:\\Aditya\\smeh_new_desing\\backend\\uploads\\news\\eff018e4-db45-49c7-a61a-b4dbb1683ef2.png","timestamp":"2026-08-25T21:00:04.044+05:30"}
{"level":"info","message":"Media record 45bac508-5f0a-45f9-8b4a-6b1eb43a07d5 deleted","timestamp":"2026-08-25T21:00:04.044+05:30"}
{"level":"info","message":"Deleted file: D:\\Aditya\\smeh_new_desing\\backend\\uploads\\news\\0b02abec-644d-490f-874a-654fcd88babd.png","timestamp":"2026-08-25T21:00:04.044+05:30"}
{"level":"info","message":"Media record 349fcdbd-4b5a-4e22-91dd-700ac928f4ec deleted","timestamp":"2026-08-25T21:00:04.044+05:30"}
{"level":"info","message":"Deleted file: D:\\Aditya\\smeh_new_desing\\backend\\uploads\\news\\f1a5d01f-40b4-4849-8882-6aedb5557198.png","timestamp":"2026-08-25T21:00:04.044+05:30"}
{"level":"info","message":"Media record 4603e614-6eb5-4c2e-8528-4b1402a543c3 deleted","timestamp":"2026-08-25T21:00:04.044+05:30"}
{"level":"info","message":"Deleted file: D:\\Aditya\\smeh_new_desing\\backend\\uploads\\news\\f9e7bdfd-d4ad-4c80-bc01-c5f3208ca6e6.png","timestamp":"2026-08-25T21:00:04.044+05:30"}
{"level":"info","message":"Media record 570a182e-2d7e-41dd-b478-336d2a7a2f89 deleted","timestamp":"2026-08-25T21:00:04.044+05:30"}
{"key":"homepage:v1","level":"info","message":"Homepage cache invalidated","timestamp":"2026-08-25T21:00:04.044+05:30"}
{"level":"info","message":"Mock: Added to imageProcessing queue","timestamp":"2026-08-25T21:01:55.5555+05:30"}
{"level":"info","mediaId":"d6735b3d-fc25-4162-b0bd-f5a8e2abc17d","message":"File upload saved","originalName":"MR 30 Logo - Dark.png","timestamp":"2026-08-25T21:01:55.5555+05:30"}
{"level":"info","message":"Mock: Added to imageProcessing queue","timestamp":"2026-08-25T21:01:55.5555+05:30"}
{"level":"info","mediaId":"a164d7e4-39cb-4aea-bf96-c8e61e6b9c8d","message":"File upload saved","originalName":"IMG_5361.PNG","timestamp":"2026-08-25T21:01:55.5555+05:30"}
{"level":"info","message":"Mock: Added to imageProcessing queue","timestamp":"2026-08-25T21:01:55.5555+05:30"}
{"level":"info","mediaId":"5d2e8fab-a972-42f2-b5d0-28c0d8087993","message":"File upload saved","originalName":"ChatGPT Image Aug 21, 2026, 12_06_06 AM.png","timestamp":"2026-08-25T21:01:55.5555+05:30"}
{"level":"info","message":"Mock: Added to imageProcessing queue","timestamp":"2026-08-25T21:01:55.5555+05:30"}
{"level":"info","mediaId":"fb9702de-5e8e-4dc0-91d8-c1d844e214b9","message":"File upload saved","originalName":"ChatGPT Image Aug 20, 2026, 11_36_38 PM.png","timestamp":"2026-08-25T21:01:55.5555+05:30"}
{"level":"info","message":"Mock: Added to imageProcessing queue","timestamp":"2026-08-25T21:01:55.5555+05:30"}
{"level":"info","mediaId":"5c47b03f-be81-425e-868c-fe4b8c0035e7","message":"File upload saved","originalName":"ChatGPT Image Aug 20, 2026, 11_34_40 PM.png","timestamp":"2026-08-25T21:01:55.5555+05:30"}
{"level":"info","message":"Mock: Added to imageProcessing queue","timestamp":"2026-08-25T21:01:55.5555+05:30"}
{"level":"info","mediaId":"ea496f38-7656-4602-94bd-3ae3ae5d9601","message":"File upload saved","originalName":"mrisa.png","timestamp":"2026-08-25T21:01:55.5555+05:30"}
{"level":"info","message":"Mock: Added to imageProcessing queue","timestamp":"2026-08-25T21:01:55.5555+05:30"}
{"level":"info","mediaId":"df1e5708-4f22-4bad-b245-efb654abe250","message":"File upload saved","originalName":"ChatGPT Image Aug 20, 2026, 11_16_35 PM.png","timestamp":"2026-08-25T21:01:55.5555+05:30"}
{"key":"homepage:v1","level":"info","message":"Homepage cache invalidated","timestamp":"2026-08-25T21:01:55.5555+05:30"}
{"level":"info","message":"SQLite connected via Prisma","timestamp":"2026-08-25T21:04:25.2525+05:30"}
{"environment":"development","level":"info","message":"MRT API running","pid":29764,"port":8081,"timestamp":"2026-08-25T21:04:25.2525+05:30"}
{"level":"info","message":"SQLite connected via Prisma","timestamp":"2026-08-25T21:04:34.3434+05:30"}
{"environment":"development","level":"info","message":"MRT API running","pid":25604,"port":8081,"timestamp":"2026-08-25T21:04:35.3535+05:30"}
{"level":"error","message":"Prisma Error \nInvalid `prisma.$queryRaw()` invocation:\n\n\nRaw query failed. Code: `1`. Message: `no such table: pg_stat_activity`","timestamp":"2026-08-25T21:50:30.3030+05:30"}
{"level":"info","message":"SQLite connected via Prisma","timestamp":"2026-08-25T21:53:07.077+05:30"}
{"environment":"development","level":"info","message":"MRT API running","pid":34200,"port":8081,"timestamp":"2026-08-25T21:53:07.077+05:30"}
{"level":"info","message":"SQLite connected via Prisma","timestamp":"2026-08-25T21:53:13.1313+05:30"}
{"environment":"development","level":"info","message":"MRT API running","pid":30432,"port":8081,"timestamp":"2026-08-25T21:53:13.1313+05:30"}
{"level":"info","message":"SQLite connected via Prisma","timestamp":"2026-08-25T21:59:59.5959+05:30"}
{"environment":"development","level":"info","message":"MRT API running","pid":36716,"port":8081,"timestamp":"2026-08-25T21:59:59.5959+05:30"}
{"level":"error","message":"Prisma Error \nInvalid `prisma.$queryRaw()` invocation:\n\n\nRaw query failed. Code: `1`. Message: `no such table: pg_stat_activity`","timestamp":"2026-08-25T22:00:24.2424+05:30"}
{"level":"info","message":"SQLite connected via Prisma","timestamp":"2026-08-25T22:10:40.4040+05:30"}
{"environment":"development","level":"info","message":"MRT API running","pid":40092,"port":8081,"timestamp":"2026-08-25T22:10:40.4040+05:30"}
{"level":"info","message":"SQLite connected via Prisma","timestamp":"2026-08-25T22:10:44.4444+05:30"}
{"environment":"development","level":"info","message":"MRT API running","pid":32856,"port":8081,"timestamp":"2026-08-25T22:10:44.4444+05:30"}
{"level":"info","message":"SQLite connected via Prisma","timestamp":"2026-08-25T22:10:55.5555+05:30"}
{"environment":"development","level":"info","message":"MRT API running","pid":3536,"port":8081,"timestamp":"2026-08-25T22:10:55.5555+05:30"}
{"level":"error","message":"Prisma Error \nInvalid `prisma.$queryRaw()` invocation:\n\n\nRaw query failed. Code: `1`. Message: `no such table: pg_stat_activity`","timestamp":"2026-08-25T22:11:07.077+05:30"}
{"level":"info","message":"SQLite connected via Prisma","timestamp":"2026-08-25T22:14:15.1515+05:30"}
{"environment":"development","level":"info","message":"MRT API running","pid":26068,"port":8081,"timestamp":"2026-08-25T22:14:15.1515+05:30"}
{"level":"info","message":"SQLite connected via Prisma","timestamp":"2026-08-25T22:14:20.2020+05:30"}
{"environment":"development","level":"info","message":"MRT API running","pid":36364,"port":8081,"timestamp":"2026-08-25T22:14:20.2020+05:30"}
{"level":"info","message":"Mock: Added to imageProcessing queue","timestamp":"2026-08-25T22:21:29.2929+05:30"}
{"level":"info","mediaId":"909b4b2f-9c4d-4ef7-b1a3-ca998bc25ad4","message":"File upload saved","originalName":"login.jpg","timestamp":"2026-08-25T22:21:29.2929+05:30"}
{"level":"info","message":"Mock: Added to imageProcessing queue","timestamp":"2026-08-25T22:21:29.2929+05:30"}
{"level":"info","mediaId":"f8e931ab-d6b5-4ed2-9a42-2b6bd097f785","message":"File upload saved","originalName":"Group_pic.jpg","timestamp":"2026-08-25T22:21:29.2929+05:30"}
{"level":"info","message":"Mock: Added to imageProcessing queue","timestamp":"2026-08-25T22:21:29.2929+05:30"}
{"level":"info","mediaId":"fe27ac11-d219-4344-98d5-73deae408e66","message":"File upload saved","originalName":"DSC00652.JPG","timestamp":"2026-08-25T22:21:29.2929+05:30"}
{"key":"homepage:v1","level":"info","message":"Homepage cache invalidated","timestamp":"2026-08-25T22:21:29.2929+05:30"}
{"level":"error","message":"Prisma Error \nInvalid `prisma.category.findFirst()` invocation in\nD:\\Aditya\\smeh_new_desing\\backend\\src\\services\\newsService.js:363:38\n\n  360 let category = await prisma.category.findUnique({ where: { slug } })\n  361 if (!category) {\n  362   const alternateSlugs = slug === 'photo-gallery' ? ['gallery', 'photo-gallery'] : slug === 'gallery' ? ['photo-gallery', 'gallery'] : [slug]\n→ 363   category = await prisma.category.findFirst({\n          where: {\n            OR: [\n              {\n                slug: {\n                  in: [\n                    \"mr-podcast\"\n                  ]\n                }\n              },\n              {\n                name: {\n                  equals: \"mr podcast\",\n                  mode: \"insensitive\"\n                }\n              },\n              {\n                name: {\n                  equals: \"Photo Gallery\",\n                  mode: \"insensitive\"\n                }\n              }\n            ]\n          }\n        })\n\nUnknown argument `mode`. Did you mean `lte`? Available options are marked with ?.","timestamp":"2026-08-25T22:32:56.5656+05:30"}
{"level":"error","message":"Unhandled error \nInvalid `prisma.category.findFirst()` invocation in\nD:\\Aditya\\smeh_new_desing\\backend\\src\\services\\newsService.js:363:38\n\n  360 let category = await prisma.category.findUnique({ where: { slug } })\n  361 if (!category) {\n  362   const alternateSlugs = slug === 'photo-gallery' ? ['gallery', 'photo-gallery'] : slug === 'gallery' ? ['photo-gallery', 'gallery'] : [slug]\n→ 363   category = await prisma.category.findFirst({\n          where: {\n            OR: [\n              {\n                slug: {\n                  in: [\n                    \"mr-podcast\"\n                  ]\n                }\n              },\n              {\n                name: {\n                  equals: \"mr podcast\",\n                  mode: \"insensitive\"\n                }\n              },\n              {\n                name: {\n                  equals: \"Photo Gallery\",\n                  mode: \"insensitive\"\n                }\n              }\n            ]\n          }\n        })\n\nUnknown argument `mode`. Did you mean `lte`? Available options are marked with ?.","method":"GET","requestId":"c8647dc5-48c9-4cbe-8a0b-d897ad3f1ccb","stack":"PrismaClientValidationError: \nInvalid `prisma.category.findFirst()` invocation in\nD:\\Aditya\\smeh_new_desing\\backend\\src\\services\\newsService.js:363:38\n\n  360 let category = await prisma.category.findUnique({ where: { slug } })\n  361 if (!category) {\n  362   const alternateSlugs = slug === 'photo-gallery' ? ['gallery', 'photo-gallery'] : slug === 'gallery' ? ['photo-gallery', 'gallery'] : [slug]\n→ 363   category = await prisma.category.findFirst({\n          where: {\n            OR: [\n              {\n                slug: {\n                  in: [\n                    \"mr-podcast\"\n                  ]\n                }\n              },\n              {\n                name: {\n                  equals: \"mr podcast\",\n                  mode: \"insensitive\"\n                }\n              },\n              {\n                name: {\n                  equals: \"Photo Gallery\",\n                  mode: \"insensitive\"\n                }\n              }\n            ]\n          }\n        })\n\nUnknown argument `mode`. Did you mean `lte`? Available options are marked with ?.\n    at wn (D:\\Aditya\\smeh_new_desing\\backend\\node_modules\\.prisma\\client\\runtime\\library.js:29:1363)\n    at $n.handleRequestError (D:\\Aditya\\smeh_new_desing\\backend\\node_modules\\.prisma\\client\\runtime\\library.js:121:6958)\n    at $n.handleAndLogRequestError (D:\\Aditya\\smeh_new_desing\\backend\\node_modules\\.prisma\\client\\runtime\\library.js:121:6623)\n    at $n.request (D:\\Aditya\\smeh_new_desing\\backend\\node_modules\\.prisma\\client\\runtime\\library.js:121:6307)\n    at async l (D:\\Aditya\\smeh_new_desing\\backend\\node_modules\\.prisma\\client\\runtime\\library.js:130:9633)\n    at async getCategoryFeed (D:\\Aditya\\smeh_new_desing\\backend\\src\\services\\newsService.js:363:16)\n    at async D:\\Aditya\\smeh_new_desing\\backend\\src\\controllers\\categoryController.js:33:16\n    at async D:\\Aditya\\smeh_new_desing\\backend\\src\\middleware\\asyncHandler.js:4:7","timestamp":"2026-08-25T22:32:56.5656+05:30","url":"/api/v1/category/mr-podcast?limit=12"}
{"level":"error","message":"Prisma Error \nInvalid `prisma.category.findFirst()` invocation in\nD:\\Aditya\\smeh_new_desing\\backend\\src\\services\\newsService.js:363:38\n\n  360 let category = await prisma.category.findUnique({ where: { slug } })\n  361 if (!category) {\n  362   const alternateSlugs = slug === 'photo-gallery' ? ['gallery', 'photo-gallery'] : slug === 'gallery' ? ['photo-gallery', 'gallery'] : [slug]\n→ 363   category = await prisma.category.findFirst({\n          where: {\n            OR: [\n              {\n                slug: {\n                  in: [\n                    \"mr-podcast\"\n                  ]\n                }\n              },\n              {\n                name: {\n                  equals: \"mr podcast\",\n                  mode: \"insensitive\"\n                }\n              },\n              {\n                name: {\n                  equals: \"Photo Gallery\",\n                  mode: \"insensitive\"\n                }\n              }\n            ]\n          }\n        })\n\nUnknown argument `mode`. Did you mean `lte`? Available options are marked with ?.","timestamp":"2026-08-25T22:32:56.5656+05:30"}
{"level":"error","message":"Unhandled error \nInvalid `prisma.category.findFirst()` invocation in\nD:\\Aditya\\smeh_new_desing\\backend\\src\\services\\newsService.js:363:38\n\n  360 let category = await prisma.category.findUnique({ where: { slug } })\n  361 if (!category) {\n  362   const alternateSlugs = slug === 'photo-gallery' ? ['gallery', 'photo-gallery'] : slug === 'gallery' ? ['photo-gallery', 'gallery'] : [slug]\n→ 363   category = await prisma.category.findFirst({\n          where: {\n            OR: [\n              {\n                slug: {\n                  in: [\n                    \"mr-podcast\"\n                  ]\n                }\n              },\n              {\n                name: {\n                  equals: \"mr podcast\",\n                  mode: \"insensitive\"\n                }\n              },\n              {\n                name: {\n                  equals: \"Photo Gallery\",\n                  mode: \"insensitive\"\n                }\n              }\n            ]\n          }\n        })\n\nUnknown argument `mode`. Did you mean `lte`? Available options are marked with ?.","method":"GET","requestId":"54949a94-f49c-4ea4-a325-5852c4b52389","stack":"PrismaClientValidationError: \nInvalid `prisma.category.findFirst()` invocation in\nD:\\Aditya\\smeh_new_desing\\backend\\src\\services\\newsService.js:363:38\n\n  360 let category = await prisma.category.findUnique({ where: { slug } })\n  361 if (!category) {\n  362   const alternateSlugs = slug === 'photo-gallery' ? ['gallery', 'photo-gallery'] : slug === 'gallery' ? ['photo-gallery', 'gallery'] : [slug]\n→ 363   category = await prisma.category.findFirst({\n          where: {\n            OR: [\n              {\n                slug: {\n                  in: [\n                    \"mr-podcast\"\n                  ]\n                }\n              },\n              {\n                name: {\n                  equals: \"mr podcast\",\n                  mode: \"insensitive\"\n                }\n              },\n              {\n                name: {\n                  equals: \"Photo Gallery\",\n                  mode: \"insensitive\"\n                }\n              }\n            ]\n          }\n        })\n\nUnknown argument `mode`. Did you mean `lte`? Available options are marked with ?.\n    at wn (D:\\Aditya\\smeh_new_desing\\backend\\node_modules\\.prisma\\client\\runtime\\library.js:29:1363)\n    at $n.handleRequestError (D:\\Aditya\\smeh_new_desing\\backend\\node_modules\\.prisma\\client\\runtime\\library.js:121:6958)\n    at $n.handleAndLogRequestError (D:\\Aditya\\smeh_new_desing\\backend\\node_modules\\.prisma\\client\\runtime\\library.js:121:6623)\n    at $n.request (D:\\Aditya\\smeh_new_desing\\backend\\node_modules\\.prisma\\client\\runtime\\library.js:121:6307)\n    at async l (D:\\Aditya\\smeh_new_desing\\backend\\node_modules\\.prisma\\client\\runtime\\library.js:130:9633)\n    at async getCategoryFeed (D:\\Aditya\\smeh_new_desing\\backend\\src\\services\\newsService.js:363:16)\n    at async D:\\Aditya\\smeh_new_desing\\backend\\src\\controllers\\categoryController.js:33:16\n    at async D:\\Aditya\\smeh_new_desing\\backend\\src\\middleware\\asyncHandler.js:4:7","timestamp":"2026-08-25T22:32:56.5656+05:30","url":"/api/v1/category/mr-podcast?limit=12"}
{"level":"info","message":"SQLite connected via Prisma","timestamp":"2026-08-25T23:31:09.099+05:30"}
{"environment":"development","level":"info","message":"MRT API running","pid":47260,"port":8081,"timestamp":"2026-08-25T23:31:09.099+05:30"}
{"level":"info","message":"SQLite connected via Prisma","timestamp":"2026-08-25T23:40:54.5454+05:30"}
{"environment":"development","level":"info","message":"MRT API running","pid":46168,"port":8081,"timestamp":"2026-08-25T23:40:54.5454+05:30"}
{"level":"info","message":"Mock: Added to imageProcessing queue","timestamp":"2026-08-25T23:42:29.2929+05:30"}
{"level":"info","mediaId":"08bbd17f-fea3-4675-bc0a-a23d4dbbe3fc","message":"File upload saved","originalName":"edited_20260407_155119.jpg","timestamp":"2026-08-25T23:42:29.2929+05:30"}
{"level":"info","message":"SQLite connected via Prisma","timestamp":"2026-08-25T23:46:51.5151+05:30"}
{"environment":"development","level":"info","message":"MRT API running","pid":46972,"port":8081,"timestamp":"2026-08-25T23:46:51.5151+05:30"}
{"level":"info","message":"SQLite connected via Prisma","timestamp":"2026-08-26T00:30:32.3232+05:30"}
{"environment":"development","level":"info","message":"MRT API running","pid":48008,"port":8081,"timestamp":"2026-08-26T00:30:32.3232+05:30"}
{"level":"info","message":"SQLite connected via Prisma","timestamp":"2026-08-26T00:38:07.077+05:30"}
{"environment":"development","level":"info","message":"MRT API running","pid":26520,"port":8081,"timestamp":"2026-08-26T00:38:07.077+05:30"}
{"level":"info","message":"Deleted file: D:\\Aditya\\smeh_new_desing\\backend\\uploads\\news\\9d7f5645-60a2-4c02-ab4d-d231f749232a.jpg","timestamp":"2026-08-26T00:45:49.4949+05:30"}
{"level":"info","message":"Media record 909b4b2f-9c4d-4ef7-b1a3-ca998bc25ad4 deleted","timestamp":"2026-08-26T00:45:49.4949+05:30"}
{"level":"info","message":"Deleted file: D:\\Aditya\\smeh_new_desing\\backend\\uploads\\news\\8edeb1b8-49e6-4276-bfd1-6ecc0a649f9a.jpg","timestamp":"2026-08-26T00:45:49.4949+05:30"}
{"level":"info","message":"Media record f8e931ab-d6b5-4ed2-9a42-2b6bd097f785 deleted","timestamp":"2026-08-26T00:45:49.4949+05:30"}
{"level":"info","message":"Deleted file: D:\\Aditya\\smeh_new_desing\\backend\\uploads\\news\\4c4f617d-c3be-49c8-a67b-4209abc58492.jpg","timestamp":"2026-08-26T00:45:49.4949+05:30"}
{"level":"info","message":"Media record fe27ac11-d219-4344-98d5-73deae408e66 deleted","timestamp":"2026-08-26T00:45:49.4949+05:30"}
{"key":"homepage:v1","level":"info","message":"Homepage cache invalidated","timestamp":"2026-08-26T00:45:49.4949+05:30"}
{"level":"info","message":"Deleted file: D:\\Aditya\\smeh_new_desing\\backend\\uploads\\news\\7923a903-260e-4e6d-9ae9-ba576ee4bd00.png","timestamp":"2026-08-26T00:45:51.5151+05:30"}
{"level":"info","message":"Media record d6735b3d-fc25-4162-b0bd-f5a8e2abc17d deleted","timestamp":"2026-08-26T00:45:51.5151+05:30"}
{"level":"info","message":"Deleted file: D:\\Aditya\\smeh_new_desing\\backend\\uploads\\news\\e9d8be36-876d-4609-8279-7cbfb4febbac.png","timestamp":"2026-08-26T00:45:51.5151+05:30"}
{"level":"info","message":"Media record 5c47b03f-be81-425e-868c-fe4b8c0035e7 deleted","timestamp":"2026-08-26T00:45:51.5151+05:30"}
{"level":"info","message":"Deleted file: D:\\Aditya\\smeh_new_desing\\backend\\uploads\\news\\68a66ce0-956d-4555-a242-322f89ae0b7e.png","timestamp":"2026-08-26T00:45:51.5151+05:30"}
{"level":"info","message":"Media record 5d2e8fab-a972-42f2-b5d0-28c0d8087993 deleted","timestamp":"2026-08-26T00:45:51.5151+05:30"}
{"level":"info","message":"Deleted file: D:\\Aditya\\smeh_new_desing\\backend\\uploads\\news\\2161d502-2e1c-481d-8f80-53319b7ef4e4.png","timestamp":"2026-08-26T00:45:51.5151+05:30"}
{"level":"info","message":"Media record a164d7e4-39cb-4aea-bf96-c8e61e6b9c8d deleted","timestamp":"2026-08-26T00:45:51.5151+05:30"}
{"level":"info","message":"Deleted file: D:\\Aditya\\smeh_new_desing\\backend\\uploads\\news\\d2ac9d9a-8357-4a71-85e2-7816d43530e4.png","timestamp":"2026-08-26T00:45:51.5151+05:30"}
{"level":"info","message":"Media record df1e5708-4f22-4bad-b245-efb654abe250 deleted","timestamp":"2026-08-26T00:45:51.5151+05:30"}
{"level":"info","message":"Deleted file: D:\\Aditya\\smeh_new_desing\\backend\\uploads\\news\\e3d62956-6f10-4c70-a8c5-2da16a9eeb8a.png","timestamp":"2026-08-26T00:45:51.5151+05:30"}
{"level":"info","message":"Media record ea496f38-7656-4602-94bd-3ae3ae5d9601 deleted","timestamp":"2026-08-26T00:45:51.5151+05:30"}
{"level":"info","message":"Deleted file: D:\\Aditya\\smeh_new_desing\\backend\\uploads\\news\\54c9d7b4-1d47-4a21-a1cb-1412aca09a36.png","timestamp":"2026-08-26T00:45:51.5151+05:30"}
{"level":"info","message":"Media record fb9702de-5e8e-4dc0-91d8-c1d844e214b9 deleted","timestamp":"2026-08-26T00:45:51.5151+05:30"}
{"key":"homepage:v1","level":"info","message":"Homepage cache invalidated","timestamp":"2026-08-26T00:45:51.5151+05:30"}
{"level":"error","message":"Prisma Error \nInvalid `prisma.category.findFirst()` invocation in\nD:\\Aditya\\smeh_new_desing\\backend\\src\\services\\newsService.js:397:38\n\n  394 let category = await prisma.category.findUnique({ where: { slug } })\n  395 if (!category) {\n  396   const alternateSlugs = slug === 'photo-gallery' ? ['gallery', 'photo-gallery'] : slug === 'gallery' ? ['photo-gallery', 'gallery'] : [slug]\n→ 397   category = await prisma.category.findFirst({\n          where: {\n            OR: [\n              {\n                slug: {\n                  in: [\n                    \"mr-podcast\"\n                  ]\n                }\n              },\n              {\n                name: {\n                  equals: \"mr podcast\",\n                  mode: \"insensitive\"\n                }\n              },\n              {\n                name: {\n                  equals: \"Photo Gallery\",\n                  mode: \"insensitive\"\n                }\n              }\n            ]\n          }\n        })\n\nUnknown argument `mode`. Did you mean `lte`? Available options are marked with ?.","timestamp":"2026-08-26T00:48:40.4040+05:30"}
{"level":"error","message":"Unhandled error \nInvalid `prisma.category.findFirst()` invocation in\nD:\\Aditya\\smeh_new_desing\\backend\\src\\services\\newsService.js:397:38\n\n  394 let category = await prisma.category.findUnique({ where: { slug } })\n  395 if (!category) {\n  396   const alternateSlugs = slug === 'photo-gallery' ? ['gallery', 'photo-gallery'] : slug === 'gallery' ? ['photo-gallery', 'gallery'] : [slug]\n→ 397   category = await prisma.category.findFirst({\n          where: {\n            OR: [\n              {\n                slug: {\n                  in: [\n                    \"mr-podcast\"\n                  ]\n                }\n              },\n              {\n                name: {\n                  equals: \"mr podcast\",\n                  mode: \"insensitive\"\n                }\n              },\n              {\n                name: {\n                  equals: \"Photo Gallery\",\n                  mode: \"insensitive\"\n                }\n              }\n            ]\n          }\n        })\n\nUnknown argument `mode`. Did you mean `lte`? Available options are marked with ?.","method":"GET","requestId":"324848d9-3e3f-4c3d-bc79-96d5022772ed","stack":"PrismaClientValidationError: \nInvalid `prisma.category.findFirst()` invocation in\nD:\\Aditya\\smeh_new_desing\\backend\\src\\services\\newsService.js:397:38\n\n  394 let category = await prisma.category.findUnique({ where: { slug } })\n  395 if (!category) {\n  396   const alternateSlugs = slug === 'photo-gallery' ? ['gallery', 'photo-gallery'] : slug === 'gallery' ? ['photo-gallery', 'gallery'] : [slug]\n→ 397   category = await prisma.category.findFirst({\n          where: {\n            OR: [\n              {\n                slug: {\n                  in: [\n                    \"mr-podcast\"\n                  ]\n                }\n              },\n              {\n                name: {\n                  equals: \"mr podcast\",\n                  mode: \"insensitive\"\n                }\n              },\n              {\n                name: {\n                  equals: \"Photo Gallery\",\n                  mode: \"insensitive\"\n                }\n              }\n            ]\n          }\n        })\n\nUnknown argument `mode`. Did you mean `lte`? Available options are marked with ?.\n    at wn (D:\\Aditya\\smeh_new_desing\\backend\\node_modules\\.prisma\\client\\runtime\\library.js:29:1363)\n    at $n.handleRequestError (D:\\Aditya\\smeh_new_desing\\backend\\node_modules\\.prisma\\client\\runtime\\library.js:121:6958)\n    at $n.handleAndLogRequestError (D:\\Aditya\\smeh_new_desing\\backend\\node_modules\\.prisma\\client\\runtime\\library.js:121:6623)\n    at $n.request (D:\\Aditya\\smeh_new_desing\\backend\\node_modules\\.prisma\\client\\runtime\\library.js:121:6307)\n    at async l (D:\\Aditya\\smeh_new_desing\\backend\\node_modules\\.prisma\\client\\runtime\\library.js:130:9633)\n    at async getCategoryFeed (D:\\Aditya\\smeh_new_desing\\backend\\src\\services\\newsService.js:397:16)\n    at async D:\\Aditya\\smeh_new_desing\\backend\\src\\controllers\\categoryController.js:33:16\n    at async D:\\Aditya\\smeh_new_desing\\backend\\src\\middleware\\asyncHandler.js:4:7","timestamp":"2026-08-26T00:48:40.4040+05:30","url":"/api/v1/category/mr-podcast?limit=12"}
{"level":"error","message":"Prisma Error \nInvalid `prisma.category.findFirst()` invocation in\nD:\\Aditya\\smeh_new_desing\\backend\\src\\services\\newsService.js:397:38\n\n  394 let category = await prisma.category.findUnique({ where: { slug } })\n  395 if (!category) {\n  396   const alternateSlugs = slug === 'photo-gallery' ? ['gallery', 'photo-gallery'] : slug === 'gallery' ? ['photo-gallery', 'gallery'] : [slug]\n→ 397   category = await prisma.category.findFirst({\n          where: {\n            OR: [\n              {\n                slug: {\n                  in: [\n                    \"mr-podcast\"\n                  ]\n                }\n              },\n              {\n                name: {\n                  equals: \"mr podcast\",\n                  mode: \"insensitive\"\n                }\n              },\n              {\n                name: {\n                  equals: \"Photo Gallery\",\n                  mode: \"insensitive\"\n                }\n              }\n            ]\n          }\n        })\n\nUnknown argument `mode`. Did you mean `lte`? Available options are marked with ?.","timestamp":"2026-08-26T00:48:40.4040+05:30"}
{"level":"error","message":"Unhandled error \nInvalid `prisma.category.findFirst()` invocation in\nD:\\Aditya\\smeh_new_desing\\backend\\src\\services\\newsService.js:397:38\n\n  394 let category = await prisma.category.findUnique({ where: { slug } })\n  395 if (!category) {\n  396   const alternateSlugs = slug === 'photo-gallery' ? ['gallery', 'photo-gallery'] : slug === 'gallery' ? ['photo-gallery', 'gallery'] : [slug]\n→ 397   category = await prisma.category.findFirst({\n          where: {\n            OR: [\n              {\n                slug: {\n                  in: [\n                    \"mr-podcast\"\n                  ]\n                }\n              },\n              {\n                name: {\n                  equals: \"mr podcast\",\n                  mode: \"insensitive\"\n                }\n              },\n              {\n                name: {\n                  equals: \"Photo Gallery\",\n                  mode: \"insensitive\"\n                }\n              }\n            ]\n          }\n        })\n\nUnknown argument `mode`. Did you mean `lte`? Available options are marked with ?.","method":"GET","requestId":"a5d6b845-59b1-4029-80d6-574a43e6ec46","stack":"PrismaClientValidationError: \nInvalid `prisma.category.findFirst()` invocation in\nD:\\Aditya\\smeh_new_desing\\backend\\src\\services\\newsService.js:397:38\n\n  394 let category = await prisma.category.findUnique({ where: { slug } })\n  395 if (!category) {\n  396   const alternateSlugs = slug === 'photo-gallery' ? ['gallery', 'photo-gallery'] : slug === 'gallery' ? ['photo-gallery', 'gallery'] : [slug]\n→ 397   category = await prisma.category.findFirst({\n          where: {\n            OR: [\n              {\n                slug: {\n                  in: [\n                    \"mr-podcast\"\n                  ]\n                }\n              },\n              {\n                name: {\n                  equals: \"mr podcast\",\n                  mode: \"insensitive\"\n                }\n              },\n              {\n                name: {\n                  equals: \"Photo Gallery\",\n                  mode: \"insensitive\"\n                }\n              }\n            ]\n          }\n        })\n\nUnknown argument `mode`. Did you mean `lte`? Available options are marked with ?.\n    at wn (D:\\Aditya\\smeh_new_desing\\backend\\node_modules\\.prisma\\client\\runtime\\library.js:29:1363)\n    at $n.handleRequestError (D:\\Aditya\\smeh_new_desing\\backend\\node_modules\\.prisma\\client\\runtime\\library.js:121:6958)\n    at $n.handleAndLogRequestError (D:\\Aditya\\smeh_new_desing\\backend\\node_modules\\.prisma\\client\\runtime\\library.js:121:6623)\n    at $n.request (D:\\Aditya\\smeh_new_desing\\backend\\node_modules\\.prisma\\client\\runtime\\library.js:121:6307)\n    at async l (D:\\Aditya\\smeh_new_desing\\backend\\node_modules\\.prisma\\client\\runtime\\library.js:130:9633)\n    at async getCategoryFeed (D:\\Aditya\\smeh_new_desing\\backend\\src\\services\\newsService.js:397:16)\n    at async D:\\Aditya\\smeh_new_desing\\backend\\src\\controllers\\categoryController.js:33:16\n    at async D:\\Aditya\\smeh_new_desing\\backend\\src\\middleware\\asyncHandler.js:4:7","timestamp":"2026-08-26T00:48:40.4040+05:30","url":"/api/v1/category/mr-podcast?limit=12"}
{"level":"info","message":"SQLite connected via Prisma","timestamp":"2026-08-26T00:53:20.2020+05:30"}
{"environment":"development","level":"info","message":"MRT API running","pid":32068,"port":8081,"timestamp":"2026-08-26T00:53:20.2020+05:30"}
{"level":"info","message":"SQLite connected via Prisma","timestamp":"2026-08-26T00:53:41.4141+05:30"}
{"environment":"development","level":"info","message":"MRT API running","pid":37640,"port":8081,"timestamp":"2026-08-26T00:53:41.4141+05:30"}
{"level":"info","message":"SQLite connected via Prisma (WAL Mode Enabled)","timestamp":"2026-08-26T00:54:14.1414+05:30"}
{"environment":"development","level":"info","message":"MRT API running","pid":36508,"port":8081,"timestamp":"2026-08-26T00:54:14.1414+05:30"}
{"level":"info","message":"SQLite connected via Prisma (WAL Mode Enabled)","timestamp":"2026-08-26T01:11:53.5353+05:30"}
{"environment":"development","level":"info","message":"MRT API running","pid":40784,"port":8081,"timestamp":"2026-08-26T01:11:53.5353+05:30"}
{"level":"info","message":"SQLite connected via Prisma (WAL Mode Enabled)","timestamp":"2026-08-26T04:51:10.1010+05:30"}
{"environment":"development","level":"info","message":"MRT API running","pid":32552,"port":8081,"timestamp":"2026-08-26T04:51:10.1010+05:30"}
{"level":"info","message":"SQLite connected via Prisma (WAL Mode Enabled)","timestamp":"2026-08-26T05:32:06.066+05:30"}
{"environment":"development","level":"info","message":"MRT API running","pid":32188,"port":8081,"timestamp":"2026-08-26T05:32:06.066+05:30"}
{"level":"info","message":"SQLite connected via Prisma (WAL Mode Enabled)","timestamp":"2026-08-26T05:36:19.1919+05:30"}
{"environment":"development","level":"info","message":"MRT API running","pid":8228,"port":8081,"timestamp":"2026-08-26T05:36:19.1919+05:30"}
{"level":"info","message":"SQLite connected via Prisma (WAL Mode Enabled)","timestamp":"2026-08-26T08:40:54.5454+05:30"}
{"environment":"development","level":"info","message":"MRT API running","pid":39128,"port":8081,"timestamp":"2026-08-26T08:40:54.5454+05:30"}
{"level":"info","message":"SQLite connected via Prisma (WAL Mode Enabled)","timestamp":"2026-08-26T13:39:38.3838+05:30"}
{"environment":"development","level":"info","message":"MRT API running","pid":45424,"port":8081,"timestamp":"2026-08-26T13:39:38.3838+05:30"}
{"level":"info","message":"SQLite connected via Prisma (WAL Mode Enabled)","timestamp":"2026-08-26T13:40:01.011+05:30"}
{"environment":"development","level":"info","message":"MRT API running","pid":42444,"port":8081,"timestamp":"2026-08-26T13:40:01.011+05:30"}
